ids,target,prediction
mp-10014,0.06,0.00913693
mp-1008733,0.36,0.3386665
mp-1009787,0.44,-0.11960174
mp-1014111,0.25,0.26384157
mp-1018647,0.25,0.39373934
mp-1029267,0.2,0.26210344
mp-10366,0.29,0.20235004
mp-10601,0.18,0.24966179
mp-12120,0.25,0.09934364
mp-2537,1.91,-0.0095115155
mp-2540,0.29,0.25348288
mp-31119,0.29,0.17939024
mp-4595,0.42,0.27970928
mp-4697,0.3,0.2891745
mp-542488,0.24,-0.08516045
mp-567279,0.27,-0.21354647
mp-6174,0.32,0.27314794
mp-700,0.22,0.16896625
mp-739,0.23,0.7590743
mp-753257,0.23,0.075486585
mp-7899,0.31,0.09213053
mp-81,0.45,0.16379543
mp-8414,0.33,0.1924413
mp-862289,0.38,0.5661134
mp-867346,0.38,0.4326347
mp-962064,0.39,0.019157276
mp-973229,0.35,-0.07802074
mp-973614,0.44,0.13224874
mp-980945,0.47,1.0828394
mp-1018674,0.19,0.405865
mp-1025385,0.36,0.51506066
mp-1029655,0.27,0.66677266
mp-1029932,0.26,0.5448809
mp-137,0.18,0.55836445
mp-14827,0.19,0.29352742
mp-15783,0.24,0.1963142
mp-20956,0.27,0.18357779
mp-29241,0.2,-0.027645126
mp-30177,0.23,0.22111572
mp-31081,0.2,-0.007515773
mp-3532,0.34,0.26513612
mp-36052,0.32,0.21654217
mp-4117,0.24,0.14448257
mp-568006,0.2,0.19214313
mp-568319,0.34,0.14585762
mp-568466,0.14,0.3488
mp-568587,0.32,0.22923334
mp-5920,0.17,0.13622461
mp-608366,0.27,0.3355326
mp-755450,0.3,0.2040203
mp-7906,0.26,0.42024797
mp-861932,0.43,0.5301241
mp-861991,0.33,0.3156073
mp-863679,0.31,0.18959998
mp-865857,0.33,0.4858908
mp-866064,0.24,0.4289915
mp-867253,0.34,0.47609335
mp-9350,0.31,0.23162512
mp-972119,-0.05,0.22741966
mp-972874,0.45,0.15047042
mp-974949,0.35,0.17176817
mp-976943,0.35,0.06155266
mp-996979,0.32,0.29434156
mp-1014231,0.27,0.7305742
mp-1017507,0.41,0.37952775
mp-1018136,0.3,0.05212514
mp-1018165,0.44,-0.06613071
mp-1018949,0.25,-0.12482558
mp-1029656,0.22,0.2702942
mp-10748,0.24,0.18472062
mp-12781,0.25,0.3006751
mp-1797,0.37,0.5703119
mp-19443,0.28,0.10418327
mp-2068,0.24,-0.05880624
mp-2489,0.41,0.68796086
mp-28150,0.33,0.13123678
mp-30028,0.26,0.35028392
mp-31160,0.19,0.2140898
mp-31502,0.33,0.23589267
mp-3938,0.22,0.2037393
mp-555293,0.27,0.7046881
mp-568402,0.3,0.050169215
mp-571520,0.19,0.4147492
mp-625054,0.21,0.097081766
mp-6939,0.31,-0.918907
mp-752398,0.27,0.15531747
mp-7752,0.18,0.31501424
mp-8277,0.24,0.49332607
mp-862730,0.31,0.2391568
mp-862734,0.34,0.35489637
mp-862994,0.36,0.21631093
mp-864608,0.37,0.33070588
mp-864966,0.29,0.21524818
mp-867350,0.25,0.24616157
mp-972275,0.29,0.26644707
mp-975880,0.25,0.22014429
mp-977997,0.38,0.2782827
mp-1002222,0.26,-0.34488434
mp-10187,0.44,0.0874003
mp-1021672,0.37,0.102690026
mp-11918,0.26,0.18915997
mp-13682,0.2,0.21078245
mp-1495,0.3,0.087007955
mp-15178,0.25,0.21269815
mp-19149,0.22,0.04660563
mp-19306,0.34,0.18583386
mp-23711,0.22,0.26354617
mp-2499,0.25,0.22377469
mp-2652,0.31,0.4292879
mp-2666,0.33,0.23994897
mp-29633,0.4,0.2221341
mp-29751,0.38,0.43281084
mp-29803,0.24,0.4738413
mp-30822,0.45,0.37043536
mp-4519,0.25,0.2649939
mp-567456,0.17,0.109644726
mp-570578,0.23,0.60366327
mp-6988,0.39,0.66127604
mp-7421,0.21,0.3462755
mp-744,0.22,0.24766682
mp-862601,0.31,0.19665043
mp-863708,0.29,0.17997722
mp-865,0.26,-0.06855957
mp-865441,0.41,0.5336391
mp-866174,0.42,0.3106318
mp-867794,0.35,0.08796321
mp-961700,0.78,0.6493884
mp-978498,0.22,0.2924468
mp-999455,0.23,0.039435193
mvc-11152,0.39,0.13045554
mp-1017985,0.36,0.63255763
mp-13308,0.33,0.08102171
mp-14285,0.2,0.5012681
mp-14476,0.34,0.22558413
mp-1708,0.35,-0.2222425
mp-19282,0.32,0.3074183
mp-21313,0.27,0.06293671
mp-30175,0.25,0.34848857
mp-3833,0.28,0.37762845
mp-4047,0.57,0.22488587
mp-542777,0.36,0.21473335
mp-570229,0.31,0.22606121
mp-754358,0.28,0.1833977
mp-862842,0.38,0.3210532
mp-864927,0.3,0.48165727
mp-864972,0.32,0.5108723
mp-865459,0.34,0.47486562
mp-866225,0.39,0.18638565
mp-867357,0.28,0.21134804
mp-976343,0.35,0.3924381
mp-976425,0.3,0.48795158
mp-982779,0.31,0.16940309
mp-983585,0.5,0.666665
mp-999469,0.76,0.6617339
mp-1018148,0.32,0.5841215
mp-11705,0.23,0.046656415
mp-12097,0.24,-0.03418918
mp-134,0.37,-0.26128465
mp-14336,0.39,0.5068375
mp-28797,0.2,0.28160632
mp-30670,0.45,-0.44068098
mp-4429,0.28,0.1433823
mp-5022,0.28,0.1665176
mp-672388,-1.27,0.29882646
mp-753181,0.3,0.4405005
mp-755920,0.32,0.18656419
mp-865662,0.35,0.58806854
mp-866069,0.3,0.19225086
mp-981530,0.36,0.33071786
mp-990448,0.19,-9.801203
mp-996971,0.42,0.12106173
mp-1001113,0.69,0.47487336
mp-1024990,0.28,0.16367625
mp-1025183,0.19,0.12771066
mp-1029834,0.29,0.30229717
mp-12075,0.25,0.23979907
mp-13117,0.44,0.7127207
mp-1439,0.32,0.35074776
mp-1738,0.23,0.35500646
mp-1941,0.37,-0.2445466
mp-21381,0.37,0.5092723
mp-22598,0.32,0.30381674
mp-2740,0.38,0.19414572
mp-29496,0.1,0.30303955
mp-31055,0.19,0.36758685
mp-31756,0.25,0.46170467
mp-3405,0.31,0.31249386
mp-35717,0.23,0.32644486
mp-487,0.18,0.33823848
mp-530274,0.23,0.2797438
mp-548,0.37,0.15504448
mp-571211,0.77,0.35007888
mp-7038,0.26,0.4292403
mp-862297,0.31,0.31409526
mp-867211,0.47,0.36928356
mp-867834,0.44,0.51238537
mp-9371,0.25,0.3508098
mp-975646,0.35,0.28898734
mp-978287,0.17,0.06588821
mp-989613,0.31,0.5689191
mvc-4299,0.34,0.3601663
mp-10142,0.22,0.32387286
mp-1025331,0.3,0.7064263
mp-10598,0.31,0.056065217
mp-11266,0.35,0.15795545
mp-11299,0.34,0.30297178
mp-15651,0.31,0.55006623
mp-19773,0.22,0.21109931
mp-22779,0.31,0.299411
mp-22964,0.2,0.33274275
mp-2399,0.32,0.49519593
mp-2426,0.39,0.42681998
mp-2582,0.19,0.31666285
mp-29088,0.25,0.19563614
mp-29364,0.23,0.35769892
mp-29520,0.25,0.2074797
mp-30349,0.36,0.4267624
mp-30500,0.39,0.29028177
mp-3299,0.24,0.40151381
mp-349,0.18,0.34351873
mp-3740,0.38,0.42121518
mp-4611,0.34,0.2286043
mp-4651,0.25,0.49373424
mp-5072,0.29,0.45449692
mp-558149,0.34,0.31392026
mp-559998,0.24,0.1842346
mp-569857,0.27,0.30654556
mp-631576,0.39,0.0730267
mp-637576,0.66,0.25650477
mp-6686,0.46,0.36864448
mp-754631,5.61,0.3508615
mp-758052,0.41,0.2004882
mp-7914,0.22,0.072329745
mp-8432,0.22,0.2799948
mp-865284,0.36,0.2861507
mp-867287,0.28,0.3196712
mp-867877,0.53,0.3847174
mp-976106,0.26,0.43931252
mp-977542,0.34,0.43776846
mp-1008798,0.33,0.7619985
mp-1013713,0.29,-0.12835687
mp-10600,0.27,-0.0013196319
mp-11270,0.13,0.2250901
mp-12696,0.37,0.5204216
mp-13903,0.13,0.031671137
mp-23267,0.28,0.22660933
mp-2739,-0.54,0.15581469
mp-27638,0.3,0.5549835
mp-27835,0.38,0.36766756
mp-29900,0.32,0.20296039
mp-30846,0.36,0.09951697
mp-3211,0.28,0.1514342
mp-3677,0.25,0.31111544
mp-4227,0.43,0.23274793
mp-504594,0.36,0.105012015
mp-568792,0.29,0.2013468
mp-570686,0.34,0.35444897
mp-571247,0.21,-0.0002733916
mp-643257,0.27,0.46498865
mp-810,0.31,0.2784425
mp-862892,0.35,0.29107034
mp-862918,0.28,0.15178548
mp-862989,0.38,0.38642138
mp-864607,0.39,0.47254246
mp-864892,0.45,0.36041492
mp-865050,0.3,0.27193534
mp-866141,0.24,0.23365317
mp-867128,0.37,0.4489656
mp-8994,0.3,0.30307096
mp-961688,0.44,0.10265271
mp-976291,0.23,0.362543
mp-983604,0.36,0.32777655
mp-989562,0.16,0.3722334
mp-996961,0.29,0.11575566
mp-1001914,0.33,0.2887131
mp-1076,0.19,0.2428324
mp-1094490,0.39,0.3797717
mp-11436,0.26,-0.030266926
mp-15605,0.28,0.15450118
mp-1877,0.19,0.4385907
mp-19276,0.32,0.10193841
mp-19299,0.25,0.22133808
mp-1969,0.21,0.13769399
mp-20083,0.27,0.37824118
mp-21440,0.29,0.20474993
mp-2201,0.26,0.39981455
mp-2250,0.31,0.42873025
mp-22877,0.23,0.620029
mp-29736,0.22,0.33989972
mp-30865,0.33,0.2020121
mp-4174,0.2,0.5177024
mp-4229,0.25,0.36347336
mp-4433,0.24,0.03275858
mp-495,0.28,0.15237479
mp-505244,0.29,0.29719818
mp-568711,0.3,0.5602849
mp-569807,0.32,0.6607656
mp-571461,0.26,0.14996733
mp-571500,0.19,0.37560427
mp-605860,0.33,0.3632899
mp-6394,0.26,0.21913622
mp-6459,0.29,-0.32708797
mp-669,0.23,1.5794189
mp-672294,0.17,0.07479496
mp-680671,0.28,-0.1579503
mp-861610,0.26,0.2922501
mp-862896,0.34,0.32978684
mp-865171,0.33,0.5566824
mp-865184,-1.52,0.3220886
mp-865656,0.29,0.1285515
mp-867507,0.27,0.1691358
mp-867807,0.21,0.42556983
mp-867881,0.31,0.26473737
mp-9,0.26,0.18620275
mp-9262,0.32,0.24136184
mp-972626,0.57,0.32339358
mp-975814,1.18,0.30856723
mp-977113,0.52,0.5703041
mp-978290,0.35,0.25491995
mp-981234,0.62,0.33944517
mp-999133,0.34,0.3372898
mvc-14941,0.21,0.35915738
mvc-5816,0.27,0.4884557
mp-1023329,0.29,0.45273936
mp-1025358,0.23,0.1325592
mp-10667,0.24,0.54698986
mp-13119,0.4,0.46640706
mp-1383,0.33,0.1434701
mp-1526,0.3,0.6802915
mp-16053,0.19,0.104662016
mp-1730,0.25,0.2811225
mp-20340,0.25,0.16272719
mp-2757,0.43,0.1819749
mp-27579,0.28,0.18280743
mp-28549,0.21,0.3997081
mp-32539,0.35,0.26875234
mp-335,0.19,0.07579492
mp-345,0.3,-0.024319425
mp-5122,0.27,-0.0044014603
mp-555599,0.36,0.15373309
mp-568544,0.31,0.2499653
mp-631427,0.96,0.97700065
mp-631557,-2.32,0.220785
mp-715923,0.28,0.14508997
mp-754223,0.25,0.1660736
mp-755689,0.27,0.21604188
mp-764163,0.27,-0.01107955
mp-865866,0.44,0.119510874
mp-866314,0.25,0.40641928
mp-8666,0.33,0.11287527
mp-972541,0.35,0.262591
mp-977374,0.45,0.28075016
mp-9919,0.26,0.24349873
mp-1008753,0.54,0.29374832
mp-11023,0.36,0.3298403
mp-12599,0.35,0.24262233
mp-1331,0.26,0.486188
mp-21124,0.29,0.3032881
mp-23177,0.3,0.48459113
mp-2647,0.36,0.48228574
mp-28692,0.11,0.20677416
mp-49,0.23,0.3600363
mp-568725,0.23,0.35669214
mp-6074,-0.11,0.5058722
mp-644389,0.22,0.6002934
mp-754455,0.26,0.44414836
mp-7753,0.38,0.5684632
mp-776404,0.3,-0.053722546
mp-8577,0.17,0.12263869
mp-862732,0.41,0.52207065
mp-862891,-1.44,0.33481914
mp-865119,0.35,0.35835707
mp-865582,0.38,0.3654381
mp-866166,0.33,0.41205257
mp-867278,0.34,0.40778404
mp-973250,0.36,0.031833664
mp-976863,0.26,0.31905538
mp-982975,0.48,0.060792193
mp-983497,0.36,0.2050773
mp-9999,0.25,0.09453063
mp-1001843,-1.57,0.279738
mp-1008561,0.22,0.051272705
mp-1009823,0.35,0.6982494
mp-1017533,0.25,0.43817812
mp-1018153,0.48,0.41749054
mp-1023319,0.24,0.4753012
mp-1025453,0.35,0.23650871
mp-10738,0.32,-0.6663244
mp-15895,0.3,0.3982613
mp-16293,0.23,0.04866706
mp-1793,0.33,-0.0067775995
mp-20949,0.28,0.3150515
mp-25053,0.32,0.29918826
mp-2512,0.37,0.39617705
mp-560671,0.31,0.39681256
mp-568411,0.37,-0.13953269
mp-569974,0.24,0.2018293
mp-616458,0.34,0.54798836
mp-754,0.29,0.076514795
mp-756214,0.27,0.16907321
mp-760403,0.34,0.38674057
mp-861629,0.36,0.30627906
mp-863651,0.28,0.35088837
mp-864630,0.27,0.22132005
mp-864743,0.32,0.5295834
mp-864755,0.55,0.19123553
mp-865468,0.38,0.3927263
mp-865533,0.3,0.4112056
mp-865652,0.28,0.21402855
mp-865728,0.32,0.47453552
mp-9025,0.3,0.29483587
mp-9664,0.32,0.07381378
mp-972981,0.33,0.5574252
mp-973004,0.39,0.27797735
mp-973374,0.3,0.5149791
mp-975333,0.42,-0.023817778
mp-976111,0.5,0.6608487
mp-976426,0.1,0.31649178
mp-982015,0.27,0.13807486
mp-982388,0.28,0.17960982
mp-989608,0.32,0.13993983
mp-9950,0.23,0.15716718
mp-1008835,0.27,0.51306576
mp-1009829,0.35,0.57751304
mp-1018639,0.29,0.258662
mp-1021305,0.21,0.28073663
mp-1039124,0.26,-0.15837248
mp-10564,0.25,0.6392801
mp-1086,0.23,0.04215409
mp-1391,0.36,0.84953994
mp-18759,0.33,0.099178
mp-18878,0.29,0.03614159
mp-30739,0.34,-0.81087387
mp-30788,0.3,0.3204847
mp-38103,0.15,0.060733065
mp-39105,0.21,0.29005784
mp-5518,0.34,0.58294517
mp-569752,0.4,0.2815346
mp-570722,0.24,0.39307004
mp-631333,0.61,0.26607805
mp-631541,0.55,0.23212732
mp-685022,0.28,0.19951154
mp-7364,0.33,0.33510363
mp-8566,0.36,0.71826845
mp-862586,0.26,0.6076233
mp-867260,0.42,0.53564805
mp-867867,-0.79,0.31679666
mp-893,0.23,0.22334011
mp-9244,0.16,0.28422105
mp-9382,0.21,0.24891458
mp-977352,0.32,0.16764198
mp-1017550,0.49,0.30449128
mp-1019359,0.3,0.1459489
mp-1025232,0.23,0.16915537
mp-1029550,0.35,0.4912256
mp-1104,0.25,-0.0027277619
mp-13829,0.35,0.26704496
mp-16266,0.19,0.304641
mp-1635,0.27,0.40653747
mp-20269,0.45,0.15883078
mp-20632,0.18,0.36836177
mp-22541,0.47,0.25129485
mp-23280,0.28,-0.25921336
mp-27175,0.29,0.2086155
mp-29196,0.29,0.3119253
mp-2979,0.26,0.58920544
mp-30004,0.31,0.5123336
mp-3813,0.28,0.29050583
mp-5186,0.33,0.18281482
mp-5400,0.38,0.14925571
mp-753176,0.35,0.026371852
mp-754434,0.36,0.45148474
mp-7889,0.33,0.27169347
mp-800,0.14,0.7077729
mp-8098,0.31,0.1094452
mp-862556,0.45,0.43072027
mp-867107,0.29,0.39261264
mp-8927,0.36,-0.03479451
mp-9487,0.33,0.16048716
mp-971757,0.49,0.40038234
mp-974625,0.27,0.4767003
mp-979009,0.32,0.7443209
mp-984721,0.29,0.10372235
mp-1025311,0.37,0.47676414
mp-19962,0.38,0.35615033
mp-20463,0.37,0.2087547
mp-22848,0.25,-0.6373904
mp-24237,0.23,0.58526725
mp-28593,0.12,0.21036981
mp-30019,0.27,0.022622183
mp-30839,0.39,0.3281098
mp-3970,0.32,0.45030856
mp-4865,0.28,0.2354155
mp-5025,0.22,0.18601535
mp-5515,0.17,0.2931702
mp-570557,0.31,-0.004351154
mp-631505,0.41,0.1267107
mp-634,0.14,0.1815178
mp-803,0.2,0.19267116
mp-8308,0.28,0.12876283
mp-862862,0.3,0.21473055
mp-865497,0.29,0.33908015
mp-871,0.23,0.24417536
mp-974883,0.32,0.025963515
mp-980941,0.27,0.49093127
mp-989568,0.42,0.3363765
mp-1009077,0.28,0.08313455
mp-1025116,0.38,0.092403725
mp-1029784,0.33,0.24186729
mp-10421,0.24,-0.0033628047
mp-10753,2.25,1.0624
mp-10909,0.27,0.5396443
mp-1179,0.29,0.37371427
mp-12764,0.34,0.8345706
mp-1502,0.36,0.6769258
mp-16263,0.19,0.37379175
mp-1699,0.27,0.58137256
mp-22660,0.37,0.31088114
mp-24658,0.24,-0.08007659
mp-2611,0.24,0.19176413
mp-2807,0.24,0.21256463
mp-2815,0.22,-0.1259856
mp-4,0.37,0.19362347
mp-540572,0.36,0.35853803
mp-5590,0.18,0.19716744
mp-567982,0.29,-0.10004486
mp-633538,0.25,0.33343065
mp-634659,0.59,0.13619982
mp-6916,0.21,0.094247416
mp-768870,0.25,0.11623101
mp-8013,0.38,0.2884525
mp-867227,0.41,0.43737006
mp-975651,0.25,0.22611232
mp-976281,0.25,0.42747283
mp-9983,0.27,0.2062351
mp-999503,0.4,0.03063713
mp-1007975,0.66,0.3772192
mp-10423,0.3,-0.012069628
mp-11021,0.32,0.12878452
mp-11250,0.33,0.03239055
mp-19817,0.18,0.2596507
mp-19990,0.44,-0.08424407
mp-20978,0.37,0.16276817
mp-22996,0.38,0.1378418
mp-23189,0.33,0.37502205
mp-23231,0.39,0.77117383
mp-30877,0.32,0.38933444
mp-31277,0.29,-1.4244713
mp-36480,0.31,0.5776353
mp-510219,0.28,0.13765042
mp-638,0.26,0.18745165
mp-675009,0.29,0.17962979
mp-770771,0.26,0.09921874
mp-864674,0.26,0.45532125
mp-865254,0.3,0.34104425
mp-865742,0.44,0.27987748
mp-866079,0.41,0.21302776
mp-9321,0.28,0.1886747
mp-976423,0.49,0.24132
mp-982666,0.3,0.6134777
mp-1007761,0.27,0.09961443
mp-1009792,0.39,0.49366814
mp-1017516,0.58,0.44005084
mp-1019054,0.26,0.0015278012
mp-1025213,0.38,0.29375857
mp-1025312,0.37,0.09322475
mp-11771,0.33,0.44352955
mp-12862,0.3,0.107285574
mp-1696,0.33,0.58101374
mp-1851,0.42,0.24196611
mp-20768,0.84,0.3810044
mp-20860,0.27,0.11141704
mp-2183,0.38,0.8042609
mp-2284,0.34,0.29692233
mp-23164,-0.02,-0.08995272
mp-24420,-11.06,-0.4217555
mp-27367,0.24,0.3666255
mp-28395,0.14,0.44999856
mp-28954,0.39,0.31529242
mp-29809,0.22,0.5916652
mp-30371,0.37,0.30078888
mp-375,0.32,0.26338005
mp-3795,0.33,0.36941475
mp-493,0.31,0.1456544
mp-568914,0.35,0.29811484
mp-569028,-0.76,0.3066976
mp-580236,0.21,0.13885416
mp-6098,0.3,0.20070173
mp-631371,0.31,0.52244455
mp-675626,0.34,0.44723415
mp-6986,0.23,0.16398118
mp-753156,0.3,-0.02802515
mp-788,0.3,0.37534648
mp-8537,0.24,0.24684678
mp-862759,0.24,0.36343533
mp-865808,0.34,0.56416196
mp-8789,0.2,-0.76912224
mp-8882,0.23,0.79062337
mp-962061,0.04,0.44798923
mp-982261,0.12,0.3294797
mp-996964,0.38,0.28941005
mp-9988,0.28,0.2721001
mp-999473,0.35,0.58988655
mp-1008786,0.25,-0.025326908
mp-1013549,0.21,-0.00011496246
mp-1259,0.15,0.44096023
mp-13277,0.2,0.2106695
mp-13453,0.39,0.31995744
mp-13914,0.24,0.2330042
mp-1542,0.15,0.7669091
mp-20255,0.28,0.25390923
mp-20987,0.23,0.8050309
mp-21109,0.32,-0.14703171
mp-21854,0.39,0.21051441
mp-2285,0.32,-1.0040395
mp-23068,0.18,0.11137341
mp-27393,0.23,0.25865036
mp-29502,0.2,0.25945926
mp-30717,0.54,0.15879528
mp-3390,0.24,0.2715056
mp-3808,0.29,0.44331557
mp-569270,0.17,0.4087324
mp-5976,0.23,0.09400742
mp-669382,0.51,0.3033846
mp-685935,-0.15,0.46872383
mp-704645,0.42,0.35006267
mp-755252,0.37,0.45324558
mp-862697,0.21,0.5391202
mp-862779,0.27,0.21407537
mp-864965,-2.92,0.29669684
mp-866170,0.87,0.5558212
mp-973269,0.44,0.08063577
mp-978546,0.25,0.2452731
mp-999069,0.37,0.15028106
mp-1017509,0.24,0.4721824
mp-1024957,0.27,0.08297585
mp-1027890,0.22,0.3675133
mp-1029506,0.31,0.5301578
mp-12055,0.28,0.5498183
mp-12779,0.33,0.31145245
mp-15556,0.17,0.43837488
mp-16529,0.28,-0.0100224465
mp-16645,0.37,0.10243575
mp-1883,0.22,0.19958194
mp-18924,0.28,0.379901
mp-19331,0.28,0.2452346
mp-19413,0.26,-0.05500284
mp-1959,0.32,0.6697918
mp-19774,0.29,0.2509153
mp-20001,0.32,0.097797796
mp-2168,0.28,0.2316408
mp-2361,0.31,0.27258927
mp-27255,0.21,0.09580545
mp-2853,0.23,1.0149297
mp-28793,0.28,0.15223281
mp-29138,-0.05,0.24212267
mp-30405,0.32,0.26939172
mp-31185,0.24,0.23361032
mp-31209,0.17,0.113679215
mp-3698,0.2,0.53145266
mp-5479,0.28,0.023423865
mp-568390,-4.13,-0.7021473
mp-622570,0.31,0.41900593
mp-631575,0.52,0.6108384
mp-631633,0.28,0.23503663
mp-7275,0.23,0.30450392
mp-861994,0.32,0.31458074
mp-862367,0.3,0.2721302
mp-863709,0.24,0.2126783
mp-865759,0.36,0.3787455
mp-865842,0.28,0.46566993
mp-971928,0.47,0.06413539
mp-972680,0.26,0.2676772
mp-981214,0.35,0.30252856
mp-989544,0.53,0.45076245
mp-989580,-0.14,0.4447276
mp-1009221,0.17,0.6401279
mp-10172,0.32,1.0737321
mp-1017446,0.29,0.25228095
mp-1025278,0.26,0.37140042
mp-1025325,0.19,-0.17914791
mp-16115,0.32,0.48300147
mp-20296,0.36,0.2578838
mp-21065,0.15,0.763477
mp-22302,0.25,-0.09699388
mp-2275,0.24,0.4020285
mp-23313,0.29,-0.23185147
mp-27897,0.31,0.2162828
mp-36209,0.31,0.40908837
mp-36779,0.11,0.47211844
mp-504886,0.32,0.24309431
mp-542854,0.23,0.29789847
mp-543024,0.31,0.3033738
mp-571059,0.35,0.3617366
mp-612740,0.25,0.46428585
mp-697044,0.3,0.39634115
mp-753298,0.22,0.34319645
mp-862629,0.24,0.32661217
mp-864938,0.34,0.40725952
mp-865015,0.44,0.32422704
mp-865994,0.33,0.3000543
mp-867259,0.35,0.4172693
mp-975997,0.48,0.5614831
mp-1018023,0.37,0.24900965
mp-1024999,0.22,0.25392956
mp-10274,0.32,0.15952136
mp-1029378,0.28,0.46684515
mp-10718,0.38,-0.15645708
mp-11400,0.33,0.27457535
mp-13572,0.32,0.3365392
mp-1476,0.28,0.24780361
mp-19391,0.31,-0.019733354
mp-19713,0.24,0.50239414
mp-20268,0.3,0.20048247
mp-22087,0.29,0.19604035
mp-24416,0.67,0.1957377
mp-2675,0.29,0.22014846
mp-28174,0.22,0.07167362
mp-28978,0.32,-0.011992022
mp-30057,0.36,0.04099147
mp-4471,0.26,0.14935188
mp-552588,0.24,0.10555117
mp-570256,0.32,0.3190276
mp-573697,0.28,1.4631884
mp-680932,0.3,0.22263514
mp-690785,0.23,0.35043597
mp-762225,0.32,-0.12972905
mp-7790,0.26,0.45060366
mp-862733,0.31,0.32940227
mp-9761,0.26,0.28121537
mp-977062,0.3,1.1407565
mp-980665,0.7,0.30729735
mp-997041,0.31,0.24278103
mp-998903,0.37,1.5390878
mp-1018672,0.25,-0.09394428
mp-10198,0.3,0.39666772
mp-1022116,0.31,0.3721003
mp-1025168,0.43,0.76340944
mp-11191,0.17,0.32917762
mp-13496,0.49,0.89792556
mp-1834,0.39,0.24925907
mp-19761,0.36,0.18121083
mp-20122,0.16,0.3322466
mp-20304,0.27,0.23627035
mp-22095,0.41,0.26400024
mp-22510,0.27,0.23050837
mp-2746,0.31,0.25589722
mp-27954,0.29,0.6556532
mp-30867,0.34,0.50050235
mp-4158,0.31,0.433762
mp-542909,0.36,0.2554162
mp-8137,0.32,0.14383243
mp-864735,0.3,0.45438486
mp-865044,0.3,0.32047957
mp-866820,-6.28,-0.11091998
mp-9636,0.34,0.26368195
mp-971744,0.35,0.29459745
mp-971958,0.35,0.09463911
mp-974866,0.41,-0.030415729
mp-975578,0.42,0.24025656
mp-983427,0.43,0.31102103
mp-984049,0.16,0.3062722
mp-996,0.34,0.3467496
mp-1001824,-102.89,-32.837734
mp-1008873,0.33,0.058890387
mp-1009848,0.41,0.097704396
mp-10470,0.28,0.13052897
mp-10810,0.14,0.43339282
mp-1100,0.44,-1.4800683
mp-11533,0.31,0.25278497
mp-13007,0.21,0.5974716
mp-13811,0.28,0.18891458
mp-19210,0.35,0.120944664
mp-23295,0.28,0.35900557
mp-30494,0.31,0.3775245
mp-3050,0.25,0.40388364
mp-35591,0.22,0.050385967
mp-3718,0.33,0.13492464
mp-38970,0.22,0.1582485
mp-3917,0.35,0.20021431
mp-5549,0.34,0.27217907
mp-566278,0.32,-0.06381379
mp-567366,0.65,0.3833043
mp-569196,0.33,0.13797002
mp-582360,0.33,0.3256569
mp-631518,0.53,0.29703432
mp-725,0.32,0.2818777
mp-755342,0.29,0.116224095
mp-8279,0.24,0.35261393
mp-862335,0.31,0.41612685
mp-862690,0.25,0.30249774
mp-8633,0.69,0.4216181
mp-863705,0.29,0.107243076
mp-8676,0.33,0.261631
mp-9385,0.12,0.38443685
mp-975382,0.84,0.04666154
mp-976133,0.04,-0.028266907
mp-977385,0.55,0.17427789
mp-985584,0.39,0.28431875
mp-1004526,0.31,0.011612251
mp-1019361,0.3,0.06508879
mp-1025077,0.32,0.22690634
mp-15236,0.25,0.19665001
mp-1840,0.32,0.23890136
mp-1968,0.35,0.45854926
mp-19835,0.25,0.066793695
mp-23279,0.46,0.0561343
mp-23736,0.18,0.295332
mp-30339,0.33,1.0485624
mp-30449,0.31,0.58498496
mp-3340,0.29,0.29411983
mp-542757,0.31,0.19119294
mp-5589,0.25,0.39169836
mp-615314,0.28,0.23521446
mp-753712,0.26,0.24913846
mp-7623,0.26,0.17042701
mp-769218,0.24,-0.00029993057
mp-863736,0.33,0.35330135
mp-865507,0.3,0.28087074
mp-865519,0.34,0.4541543
mp-867160,0.41,0.35946745
mp-867801,0.62,0.27579165
mp-9567,0.23,0.20401667
mp-972071,0.4,0.18357106
mp-972420,0.31,0.4105286
mp-972529,2.6,0.34544677
mp-975272,0.3,0.06324004
mp-977362,0.32,0.3574469
mp-978100,0.37,0.42384845
mp-978911,0.33,0.3707493
mp-9808,0.3,0.24130328
mp-984785,0.25,0.25859225
mp-997009,0.34,0.241563
mp-10010,0.27,0.19966058
mp-1009488,0.36,-0.1880075
mp-1009820,0.22,-0.0018069595
mp-1017554,0.33,0.32878727
mp-1018694,0.22,0.27479333
mp-1023366,0.2,0.41982877
mp-1025067,0.24,0.22071193
mp-1025379,0.2,0.22592871
mp-1025415,0.35,0.23062427
mp-1039293,-0.33,0.15237443
mp-10965,0.28,0.25160807
mp-12725,0.32,0.1583262
mp-153,0.29,-13.0323
mp-16043,0.36,0.6851532
mp-1655,0.42,0.54232484
mp-1823,0.27,0.75078565
mp-18779,0.29,0.28562802
mp-1898,0.28,0.08124106
mp-1975,0.2,0.025237024
mp-20711,0.38,0.104051456
mp-20800,0.27,0.5354186
mp-22396,0.28,0.12214334
mp-27321,0.3,0.13819848
mp-28567,0.33,0.073306665
mp-31086,0.27,0.32756388
mp-3486,0.35,0.19510554
mp-36,0.32,0.7919864
mp-4073,0.32,0.21253468
mp-505216,0.29,0.043464944
mp-562102,0.29,0.027641878
mp-568671,0.24,0.15373419
mp-5692,0.34,0.14535503
mp-6931,0.23,0.3455701
mp-862703,0.37,0.26485348
mp-862843,0.41,0.25456965
mp-865020,0.27,0.33238393
mp-865325,0.3,0.30238587
mp-961683,0.56,0.9179658
mp-9961,0.29,0.15990256
mp-10134,0.47,0.46129024
mp-1039385,0.38,-0.34143957
mp-1085,0.5,0.30465442
mp-10967,0.32,0.46198273
mp-14006,0.31,0.18859355
mp-16364,0.46,0.33391422
mp-16734,0.31,0.5883033
mp-171,0.3,0.40376377
mp-1848,0.24,0.2769196
mp-18803,0.27,0.19846235
mp-20229,0.37,0.026493207
mp-21005,0.46,0.4110021
mp-30778,0.3,0.26171714
mp-477,0.19,-0.032028466
mp-563,0.29,-0.58089966
mp-568139,0.41,0.47607785
mp-690536,0.26,0.05603309
mp-753059,0.19,0.2417353
mp-861639,0.35,0.10942547
mp-864733,0.25,0.5173779
mp-865090,0.34,0.21382861
mp-865472,0.32,0.15447955
mp-9564,0.21,-0.25080103
mp-977376,0.39,0.4213727
mp-978557,0.39,0.3116173
mp-989635,0.31,0.23174016
mp-9929,0.26,0.15705214
mp-998968,0.39,0.5881056
mp-1006146,0.23,-0.31666785
mp-1008226,0.47,0.1715055
mp-1018089,0.33,0.50805
mp-1018644,0.56,0.30144793
mp-1025301,0.31,0.7720364
mp-11375,0.27,0.1669959
mp-11547,0.34,0.48600477
mp-11577,0.37,0.36147583
mp-11788,0.36,0.36037284
mp-12444,0.28,0.20062815
mp-1539,0.25,0.18093784
mp-1556,0.33,0.8080409
mp-159,0.26,-0.036808416
mp-1590,0.09,0.04787503
mp-1932,0.32,0.41804183
mp-20714,0.22,0.046849743
mp-21508,0.34,0.50129145
mp-22795,0.4,0.23195921
mp-22916,0.31,0.56619614
mp-2313,0.33,0.12552558
mp-28266,0.27,0.567764
mp-28391,0.49,-0.011218056
mp-31220,0.24,0.3949867
mp-555359,0.3,0.43965906
mp-555718,0.34,0.24704461
mp-605034,0.24,0.24317856
mp-631532,0.8,0.1877275
mp-631570,-0.05,0.24110316
mp-672299,0.32,0.3930503
mp-753581,0.42,0.047997758
mp-755759,0.33,0.16472076
mp-7581,0.21,0.15440385
mp-759897,0.43,0.39851087
mp-7964,0.34,0.13988094
mp-862849,0.39,0.15769158
mp-865066,0.17,0.32484823
mp-865467,0.39,0.20732893
mp-865611,0.3,0.12338479
mp-961676,0.65,0.14625089
mp-981391,0.41,0.08819269
mp-985592,0.72,0.17761467
mp-993,0.77,0.57392687
mp-1008926,0.44,0.49970323
mp-1022207,0.28,0.32169706
mp-1025223,0.22,0.4166392
mp-1025365,0.23,-0.022938356
mp-11260,0.44,1.0754316
mp-11486,0.22,0.23043375
mp-18972,0.27,0.5260967
mp-22736,0.32,0.33559084
mp-23067,0.26,0.58505094
mp-23959,0.24,0.7173171
mp-2449,0.25,0.23195072
mp-29674,0.31,0.63943535
mp-30953,0.24,0.4428844
mp-3635,0.29,0.33717078
mp-4691,0.36,-0.1805268
mp-559044,0.34,0.43984896
mp-568974,0.31,0.11022194
mp-569406,0.25,0.12599371
mp-632808,0.33,0.37421942
mp-645159,0.31,0.017065227
mp-865990,0.21,0.06034802
mp-867353,0.4,0.27335614
mp-867927,0.29,0.37985784
mp-917,0.35,0.43813223
mp-9251,0.23,0.33976823
mp-972530,0.37,0.40440243
mp-972898,0.28,0.21417205
mp-975834,0.27,0.48613876
mp-977390,0.36,0.20837535
mp-982773,-0.4,0.2595259
mp-1001837,0.64,0.5368567
mp-10049,0.32,0.5975585
mp-1019541,0.23,-0.43197545
mp-1028698,0.21,0.30966407
mp-1029442,0.31,0.5125811
mp-10521,0.29,0.40044188
mp-11288,0.33,-0.17092961
mp-12875,0.32,0.16262917
mp-15777,0.23,0.2914409
mp-19148,0.33,0.32715404
mp-20708,0.3,0.359716
mp-274,0.26,0.04355763
mp-28895,0.33,0.31401092
mp-4556,0.3,0.068934664
mp-504731,0.31,0.14450555
mp-5938,0.3,0.3158484
mp-717,0.19,0.20367296
mp-7475,0.3,0.024144724
mp-755225,0.22,0.31771916
mp-8125,0.16,0.3243621
mp-862672,0.3,0.42187697
mp-865897,0.28,0.34869856
mp-867304,0.29,0.0023383945
mp-974782,0.38,0.4655531
mp-974943,0.29,0.10039531
mp-978907,0.42,0.46691447
mp-979923,0.32,0.4553352
mp-979967,0.2,0.39308763
mp-995197,0.29,-0.13842852
mp-999496,0.22,0.35078454
mp-1010071,0.29,0.30756783
mp-1029334,0.29,0.41188425
mp-1029943,0.23,0.62695175
mp-1095534,0.19,-1.554554
mp-1347,0.27,0.9794758
mp-1405,0.19,0.5388247
mp-15120,0.31,0.13541238
mp-1860,0.25,0.19911526
mp-20796,0.51,0.20604683
mp-20906,0.32,0.34889048
mp-21477,0.08,0.24296843
mp-2221,0.32,-3.764718
mp-22707,0.25,0.24213244
mp-22792,0.39,0.1103497
mp-27315,0.29,0.1629064
mp-30785,0.26,-0.12555893
mp-3515,0.21,0.2360303
mp-4454,0.29,0.2336791
mp-545820,0.24,0.30918002
mp-574599,0.48,0.30905908
mp-7384,0.31,0.29328406
mp-763051,0.23,0.11562927
mp-8436,0.28,0.24719562
mp-864980,0.26,0.13996376
mp-865515,0.25,0.5685948
mp-865947,0.3,0.44209945
mp-8732,0.23,0.04294665
mp-94,0.33,0.13375981
mp-976150,0.31,0.5887057
mp-977398,0.44,0.48632723
mp-9844,0.34,0.15351881
mp-997100,0.3,0.40003008
mp-9987,0.24,0.20507656
mp-1009495,0.62,0.034980282
mp-1009838,0.28,0.59698313
mp-1025549,0.37,0.560471
mp-1077098,0.27,0.24651907
mp-11318,0.34,0.25872153
mp-11621,0.35,0.36513883
mp-12277,0.22,0.08346324
mp-12381,0.34,0.31517923
mp-12766,0.53,0.15556554
mp-13175,0.41,-0.5525233
mp-13334,0.31,0.31383693
mp-1483,0.33,0.07269333
mp-1519,0.23,-0.98985785
mp-16327,0.29,0.4783643
mp-17875,0.32,0.6286291
mp-21029,0.36,0.39427286
mp-2229,0.33,-0.30078134
mp-22921,0.25,-0.28590035
mp-3346,0.29,0.3248821
mp-5157,0.19,0.12960894
mp-545512,0.32,0.019006997
mp-555064,0.28,0.31910288
mp-569396,0.16,0.20356874
mp-631552,6.02,1.0935725
mp-688785,0.32,0.111254945
mp-7192,0.27,0.20562266
mp-7959,0.26,0.1774353
mp-8543,0.27,0.23878573
mp-936,0.3,0.5035329
mp-971673,0.28,-0.43018466
mp-972794,0.42,0.38017267
mp-984744,0.19,0.46888483
mp-1002188,0.25,0.08273737
mp-1017552,0.38,-0.32650238
mp-12524,0.51,0.3475697
mp-13649,0.33,0.64314204
mp-156,0.24,0.26073825
mp-15657,0.27,0.3178125
mp-18988,0.22,0.1267194
mp-19886,0.33,0.9793028
mp-21372,0.27,0.23391183
mp-2263,0.3,0.07583
mp-22851,0.41,1.0202484
mp-28336,0.29,0.371754
mp-28614,0.39,0.52160794
mp-30844,0.45,0.31703156
mp-31140,1.89,-0.012731627
mp-3159,0.26,0.32476836
mp-3998,0.27,0.31953686
mp-4177,0.27,0.19381864
mp-4514,0.31,0.22423469
mp-545999,0.48,0.40285236
mp-557057,0.33,0.017800167
mp-567538,0.3,0.23283254
mp-601193,0.53,0.6703766
mp-601257,0.36,0.33592755
mp-754065,0.38,0.5255415
mp-759877,0.37,-0.015840515
mp-8578,0.17,0.13694246
mp-864616,0.25,0.25391114
mp-865342,0.34,0.108491525
mp-976600,0.35,0.6239169
mp-984351,0.42,0.13622884
mp-1018062,0.34,0.35128194
mp-10219,0.33,0.11927341
mp-10708,0.34,0.22053416
mp-1120,0.33,0.17804126
mp-15779,0.26,0.13180886
mp-1623,0.34,0.25732613
mp-19146,0.28,0.14567734
mp-20327,0.22,0.762983
mp-20826,0.25,0.05876337
mp-22915,-0.65,0.58178765
mp-23230,0.26,0.47602254
mp-23722,0.13,0.18931161
mp-24152,0.29,0.18026112
mp-29207,0.27,0.29790777
mp-30533,0.3,0.1321675
mp-34289,0.21,-0.12710294
mp-408,0.17,1.5639122
mp-42022,0.17,0.36615717
mp-4248,0.26,0.29290986
mp-448,0.41,0.26397604
mp-4626,0.3,-0.09404655
mp-4972,0.33,0.30321026
mp-541899,0.23,0.6626118
mp-542583,0.22,0.43220896
mp-558636,0.25,0.06948118
mp-558838,0.22,0.0646887
mp-571166,0.32,0.22867988
mp-754711,0.27,0.192189
mp-862321,0.37,0.25666082
mp-862679,0.25,0.38925034
mp-862740,0.32,0.39827764
mp-8642,0.28,0.466093
mp-865965,0.19,0.36634737
mp-9063,0.28,0.26253211
mp-974221,0.34,0.23248
mp-976061,0.04,0.4479906
mp-997590,0.27,0.18231629
mvc-10478,0.31,0.24330263
mp-1025257,0.28,0.05906494
mp-1025291,0.24,0.58970684
mp-1029532,0.27,0.47951233
mp-11770,0.33,0.18183939
mp-12759,0.39,0.26023108
mp-13051,0.32,0.3857119
mp-13797,0.17,0.39058983
mp-13916,0.21,0.15472142
mp-18717,0.4,-0.070072114
mp-22255,0.35,0.3172503
mp-27219,0.32,0.115788504
mp-29617,0.41,0.3491795
mp-30686,0.25,0.08691572
mp-3105,0.47,0.38525063
mp-4520,0.27,0.2676475
mp-4636,0.35,0.18900459
mp-567818,0.32,0.3213635
mp-569535,0.21,0.24484561
mp-576,0.21,0.4127618
mp-578606,0.17,0.08623971
mp-581712,0.5,0.36657667
mp-5852,0.25,0.30234325
mp-5986,0.23,0.0037645102
mp-632657,0.28,0.50125146
mp-66,0.07,-9.44136
mp-685146,0.33,0.4877211
mp-685941,0.3,0.2264881
mp-754883,0.24,0.17627664
mp-7555,0.36,0.30250472
mp-796,0.45,0.3637799
mp-839,0.33,0.3946666
mp-862632,0.22,0.52590567
mp-865308,0.32,0.27282023
mp-865708,0.33,0.4134487
mp-865966,0.28,0.3963279
mp-867241,0.37,0.35447687
mp-867842,0.29,0.25690466
mp-984628,0.34,0.041341856
mp-10074,0.09,0.2230935
mp-1009695,0.16,-3.354218
mp-1025187,0.35,0.34908378
mp-11573,0.34,0.30891222
mp-12854,0.3,0.26424557
mp-16731,0.13,0.18707936
mp-19079,0.42,0.26134586
mp-2264,0.23,0.017383248
mp-2682,0.26,0.11826502
mp-28,0.13,0.35204417
mp-29136,0.31,0.30146116
mp-3660,0.26,0.23674388
mp-3838,0.24,0.285204
mp-3958,0.29,0.25697166
mp-4259,0.24,0.020141616
mp-4531,0.29,0.1665697
mp-4612,0.31,0.21375011
mp-546500,0.37,0.20993672
mp-5478,0.38,0.12643175
mp-5693,0.25,-0.075893015
mp-619032,0.48,0.32338196
mp-6917,0.25,0.14727543
mp-753693,0.34,0.047183856
mp-754344,0.3,0.046725884
mp-754678,0.27,0.16710804
mp-756132,0.36,0.2118441
mp-767525,0.18,-0.26153558
mp-8276,0.22,0.58058673
mp-8511,0.29,0.25012964
mp-861652,0.24,0.28762203
mp-862781,0.29,0.18204553
mp-865257,0.35,0.45713598
mp-866219,0.27,0.35414493
mp-961682,0.23,0.84021133
mp-961710,0.39,0.23085083
mp-972237,0.54,0.0032618493
mp-972408,0.26,0.24334998
mp-997004,0.28,0.24637704
mp-1008669,0.36,0.09165983
mp-1014252,0.25,0.633591
mp-1029336,0.38,0.12873773
mp-1039055,0.33,0.45919734
mp-1078,0.26,0.016634837
mp-11374,0.35,0.43272364
mp-1326,0.44,0.31969255
mp-1486,0.44,0.14017062
mp-1761,0.3,0.2345586
mp-2363,0.35,0.1169322
mp-28945,0.27,0.63463086
mp-29941,0.41,1.096854
mp-3887,0.16,0.3988436
mp-423,0.38,0.023680106
mp-4982,0.3,0.20654605
mp-5048,0.3,0.21810181
mp-541754,0.24,0.16275086
mp-571440,0.26,0.42867178
mp-772,0.59,0.8325458
mp-8221,0.31,0.6181396
mp-8582,0.27,0.15501218
mp-861479,0.26,0.26688206
mp-862755,0.33,0.28909296
mp-862790,0.32,0.26505
mp-862844,0.29,0.35812902
mp-863743,0.33,0.360506
mp-864758,0.39,0.42301577
mp-864761,0.38,0.21911483
mp-866204,0.35,0.2926445
mp-973,0.3,0.3203736
mp-974474,0.32,-0.17019849
mp-975284,0.16,0.26121396
mp-977563,0.34,0.23460878
mp-978952,0.31,0.14436735
mp-999060,0.31,0.42180997
mp-999188,0.44,0.23118053
mp-1001612,0.21,0.3351791
mp-1016841,0.36,0.24791645
mp-1018725,0.24,0.21238165
mp-1018818,0.29,-0.0055322796
mp-10194,0.29,0.4617045
mp-1021311,0.24,0.28351343
mp-1039262,0.34,0.47678053
mp-11366,0.34,0.37470478
mp-12723,0.33,0.63210034
mp-1683,0.26,0.20759638
mp-18943,0.35,0.32552814
mp-21297,0.22,0.1293364
mp-2145,1.04,0.14069317
mp-22033,0.32,0.59098583
mp-22747,0.26,0.6592597
mp-2663,0.33,0.39244878
mp-28835,0.22,0.4691146
mp-29731,0.29,0.25568575
mp-30433,0.3,0.13928841
mp-30563,0.29,0.33018082
mp-315,0.36,0.022392407
mp-432,0.4,-0.29011726
mp-4978,0.2,0.38785058
mp-510401,0.22,0.38671237
mp-54,0.29,0.5686215
mp-569833,0.31,0.35025674
mp-675880,0.31,0.45907587
mp-7558,0.21,0.40127707
mp-7880,0.21,0.06904532
mp-8033,0.37,0.31182104
mp-861661,0.37,0.53675205
mp-862613,0.25,0.27054012
mp-865663,0.32,0.32823586
mp-865982,0.39,0.5003223
mp-971733,0.41,0.05943261
mp-977358,0.35,0.22220828
mp-978524,0.51,0.5340301
mp-978529,0.37,0.2645672
mp-980760,0.3,0.17241453
mp-983412,0.72,0.34561825
mvc-11155,0.32,-0.3398369
mp-1001784,0.21,-0.051289544
mp-1007961,0.21,0.25367278
mp-1009640,0.86,1.1207945
mp-1025267,0.32,0.509483
mp-1025345,0.19,0.3612383
mp-1029878,0.36,0.3873579
mp-1038915,-1.61,-1.8043875
mp-13480,1.81,-0.01638569
mp-1408,0.5,-0.031881556
mp-14628,0.39,0.36748964
mp-1509,0.23,-0.13936357
mp-1865,0.34,0.15156136
mp-18775,0.34,0.41132295
mp-19387,0.34,0.15992863
mp-20086,0.2,0.10060303
mp-21328,0.42,0.20377122
mp-21363,0.25,0.19563262
mp-23918,0.29,0.4564432
mp-29011,0.34,-0.17044103
mp-404,0.29,0.22176747
mp-550566,0.34,0.19152854
mp-561419,0.18,0.26707
mp-631,0.22,3.3986757
mp-631480,0.68,0.29793411
mp-864844,-0.83,0.43424708
mp-865482,0.33,-0.04054296
mp-961674,0.47,-0.011530265
mp-972337,0.3,0.16124962
mp-974523,0.33,0.17094497
mp-982370,0.41,1.2958511
mp-999054,0.32,0.28265488
mp-999549,0.24,0.04262449
mvc-678,0.18,0.27686626
mp-1006112,-0.06,0.28229004
mp-1008806,0.44,1.1629723
mp-1014264,0.55,0.25691223
mp-10155,0.23,0.4833812
mp-1017529,0.27,0.19851528
mp-1025357,0.25,-0.013514683
mp-1029357,0.29,0.2360522
mp-1029395,0.26,0.42651218
mp-12742,0.36,0.124902114
mp-1327,0.24,-1.1640507
mp-20193,0.26,0.26298326
mp-22220,0.29,0.22408427
mp-22566,0.29,0.024389148
mp-2685,0.36,0.51946956
mp-34023,-0.15,0.36030632
mp-558078,0.27,0.36760658
mp-570922,0.18,-2.4237397
mp-728,0.31,2.7623472
mp-7543,0.48,0.091116324
mp-755435,0.37,0.5500065
mp-823,0.33,0.80437094
mp-832,0.35,-0.114990905
mp-867870,0.24,0.2776705
mp-9349,0.22,0.42509443
mp-9381,0.28,0.42382592
mp-973434,-0.27,0.55342823
mp-10033,0.24,0.13257457
mp-1003637,0.27,0.076888695
mp-1008555,0.5,0.2818123
mp-1013524,0.2,0.30008096
mp-1018071,0.39,0.04649572
mp-10192,0.21,0.2738781
mp-11019,0.33,0.28175116
mp-12743,0.17,0.04882209
mp-13203,0.23,0.08078869
mp-1336,0.4,0.29512346
mp-1500,0.25,-0.14455271
mp-1926,0.35,0.18010207
mp-2030,0.15,0.22512762
mp-21376,0.47,0.50996286
mp-37501,0.35,0.52944183
mp-3792,0.25,0.12772451
mp-4998,0.34,0.40023345
mp-567314,0.37,0.4840358
mp-569458,0.2,0.072682664
mp-632442,0.24,-0.033902064
mp-668,0.19,0.009087905
mp-754588,0.31,-0.084918514
mp-7819,0.38,0.49070066
mp-861498,0.35,0.34511143
mp-861975,0.39,0.24447791
mp-864790,0.25,0.3109222
mp-865400,0.39,0.62685984
mp-865493,0.3,0.58962756
mp-866288,0.37,0.22965159
mp-9223,0.27,0.48876518
mp-972326,0.29,-0.07079171
mp-975515,0.25,0.16808815
mp-1025316,0.23,0.06549494
mp-12594,0.34,-2.3419142
mp-14793,0.25,0.28659123
mp-1640,0.29,0.6490307
mp-1709,0.15,0.88356084
mp-21290,0.35,0.42198604
mp-22297,0.53,0.16706662
mp-2254,0.28,0.122390136
mp-23183,0.28,-0.046252295
mp-2965,0.25,0.19581787
mp-29742,0.26,0.37502784
mp-30437,0.33,0.094122365
mp-5274,0.32,0.4483295
mp-560663,0.24,0.115325764
mp-570528,0.47,0.21635275
mp-631308,0.7,0.057004377
mp-632,0.37,0.115912184
mp-696572,0.38,0.99382573
mp-755,0.23,0.16472058
mp-760483,0.27,-0.09047751
mp-863685,0.39,0.33348805
mp-864975,0.48,0.3556118
mp-866080,0.31,0.0814295
mp-867189,0.29,0.43750763
mp-972222,0.27,0.12523012
mp-972984,0.27,0.34919083
mp-976596,0.28,0.36128986
mp-980940,1.81,0.49274653
mp-981209,0.47,0.8457505
mp-981312,0.3,0.42924005
mp-997034,0.31,0.16662233
mp-999142,0.26,0.62852055
mvc-11012,0.26,0.094824836
mp-1025140,0.21,0.24228252
mp-10284,0.21,0.17091934
mp-1190,0.3,0.9988372
mp-13033,0.33,0.64633334
mp-13964,0.23,0.30311352
mp-14790,0.23,0.08993684
mp-15885,0.26,0.017467335
mp-1628,0.38,0.21873032
mp-16314,0.29,0.5957933
mp-1849,0.28,0.3275687
mp-1874,1.27,0.44469935
mp-19420,0.26,0.19218372
mp-19832,0.27,-0.029031053
mp-1994,0.13,1.116201
mp-20495,-1.31,0.41412866
mp-2134,0.18,0.34807682
mp-21405,0.23,0.14998488
mp-2750,0.24,0.17689876
mp-30490,0.28,0.4443525
mp-30555,0.31,0.22016133
mp-30683,0.24,0.12199317
mp-31459,0.33,0.26241583
mp-33137,0.31,0.07156809
mp-504723,0.27,0.1003903
mp-541449,0.22,0.16788776
mp-697133,-0.47,0.34349245
mp-758741,0.29,0.43124813
mp-775910,0.28,-0.06266989
mp-865545,0.38,0.26002246
mp-867158,0.32,0.30932075
mp-867275,0.32,0.42956156
mp-867761,0.3,0.2583604
mp-867861,0.27,0.2532934
mp-9029,0.26,0.4944554
mp-975043,0.34,-0.11124022
mp-975439,0.36,-0.06339234
mp-977559,0.17,0.41282457
mp-1021499,0.34,0.113345906
mp-1025022,0.35,0.22067218
mp-10706,0.25,0.17563085
mp-13098,0.78,0.7916532
mp-1558,0.32,0.54158044
mp-16342,0.23,0.34622645
mp-2128,0.32,0.068562314
mp-23222,0.2,0.1535234
mp-28980,0.27,0.3576209
mp-29596,0.28,0.3537591
mp-31053,0.26,0.38339204
mp-3579,0.22,0.26073372
mp-36029,0.33,0.1912009
mp-569697,0.25,0.06869875
mp-570334,1.04,0.473149
mp-571,0.42,0.3631248
mp-571122,0.27,0.15228866
mp-753721,0.28,0.23887344
mp-754752,0.35,0.07121743
mp-758006,0.31,0.115759715
mp-761556,0.29,0.07119225
mp-855,0.13,0.05209647
mp-862666,0.37,0.27229756
mp-862954,0.3,0.5524146
mp-8641,0.7,0.09012325
mp-864933,0.38,0.25651968
mp-865929,0.36,0.34638804
mp-899,-1.55,0.3620965
mp-972220,0.33,0.63860923
mp-973966,0.22,-0.0011434704
mp-974372,-8.24,0.202386
mp-976424,0.43,0.19094525
mp-997012,0.42,0.23045988
mp-1016903,0.29,0.2475404
mp-1016926,0.39,0.10317357
mp-10463,0.34,0.12933303
mp-10647,0.48,0.50695443
mp-11882,0.42,0.31613052
mp-11957,0.29,-0.10454871
mp-1199,0.34,0.4837566
mp-12855,0.28,0.5169473
mp-13141,0.52,0.42676228
mp-1518,0.3,0.23861407
mp-1903,0.22,0.14183007
mp-2756,0.21,0.62819016
mp-31212,0.27,0.5904067
mp-5431,0.28,0.26489508
mp-545529,0.31,0.2145737
mp-567891,0.36,-1.8031001
mp-568333,0.25,0.30882496
mp-568346,0.3,0.14413922
mp-568789,0.24,0.8752976
mp-631529,0.55,0.49099636
mp-647,0.27,0.46494514
mp-7601,0.34,0.09183593
mp-8219,0.3,0.27813894
mp-825,0.34,0.1689639
mp-862710,0.37,0.33742923
mp-867267,0.32,0.4934798
mp-973058,0.26,0.25565183
mp-973276,0.36,0.2876745
mp-973756,0.27,0.058895037
mp-973874,0.28,0.31538963
mp-984358,0.5,0.5597043
mp-984745,0.39,0.12952502
mp-1001011,0.33,0.2806098
mp-1008688,-0.66,0.36372727
mp-1009127,0.52,0.19363321
mp-1013584,0.27,-0.11730067
mp-1025456,0.32,0.0005417913
mp-11478,0.57,0.2804315
mp-11832,0.33,1.5626242
mp-1214,0.25,0.23017196
mp-1425,0.33,0.24068253
mp-14344,0.2,0.19743459
mp-1492,0.29,0.2547732
mp-1594,0.39,0.3162182
mp-16522,0.38,1.6240436
mp-19405,0.39,0.079539284
mp-20,0.22,0.44676453
mp-20128,0.23,0.45041806
mp-20353,0.25,-0.11694732
mp-21211,0.41,0.2556333
mp-22300,0.32,0.09533505
mp-22646,0.38,0.14108683
mp-2517,0.25,0.16045688
mp-2619,0.26,0.011981085
mp-2657,0.28,0.52053535
mp-295,0.21,0.8337129
mp-31330,0.35,0.5154021
mp-34,0.27,-0.17464483
mp-4408,0.27,0.017827228
mp-559470,0.4,0.09665708
mp-568827,0.1,0.025657699
mp-5967,0.27,0.7296136
mp-616575,0.35,0.4162627
mp-753671,0.12,0.3684737
mp-775831,0.2,0.14513443
mp-861724,0.42,0.25158322
mp-864628,0.4,0.37298685
mp-865978,0.3,0.35449332
mp-866214,0.24,0.49619156
mp-867792,0.31,-0.025283948
mp-894,0.34,0.116059765
mp-977382,0.34,0.32142437
mp-997006,0.37,0.3044408
mp-1000,0.24,0.05176632
mp-1018121,0.15,-0.9315323
mp-1019105,0.27,0.2323082
mp-1021323,0.19,-0.08982365
mp-1029269,0.27,0.32754135
mp-10886,0.31,0.35037726
mp-10887,0.33,0.46819466
mp-1251,0.32,0.58549684
mp-12801,0.4,0.18455996
mp-15795,0.23,0.19907247
mp-16483,0.26,0.2761913
mp-19740,0.35,0.451729
mp-20059,0.21,0.24772866
mp-20261,0.3,0.5060308
mp-20456,0.32,0.04392554
mp-20841,0.28,0.1491131
mp-22120,0.32,0.14998393
mp-22384,0.35,0.36722034
mp-23856,0.25,0.45438516
mp-2417,0.31,0.38551992
mp-27861,0.25,0.58546484
mp-2935,0.17,0.3456669
mp-30209,0.32,0.23810218
mp-30472,0.29,0.17463453
mp-4043,0.22,0.2555083
mp-4152,0.24,0.2647801
mp-4255,0.31,0.25520593
mp-473,0.3,0.5847075
mp-5259,0.22,0.098431066
mp-5489,0.31,0.01391913
mp-553991,0.3,0.0052115917
mp-557397,-0.03,0.13118027
mp-569558,0.37,0.085855946
mp-569916,0.46,0.17977159
mp-570991,0.2,0.18767242
mp-632413,0.31,0.8602546
mp-770118,0.27,-0.1224656
mp-864968,0.38,0.31516188
mp-865077,0.43,0.29970926
mp-865936,0.32,0.32078117
mp-972183,0.59,0.39527458
mp-973266,0.26,0.4735368
mp-976968,0.26,0.06599958
mp-981747,0.3,0.26243216
mp-998323,0.33,0.07950674
mp-998896,0.65,1.3000869
mp-10141,0.18,0.44702244
mp-1018098,0.29,0.12345575
mp-1025144,0.26,0.093061015
mp-1025354,0.25,0.012228414
mp-1025375,0.19,0.025910541
mp-10762,0.42,0.42256135
mp-11615,0.19,0.34091282
mp-11722,0.4,0.2612239
mp-1437,0.31,0.3768134
mp-19726,0.22,0.31239676
mp-19746,0.33,0.09516494
mp-21188,0.41,0.26208192
mp-23221,0.28,0.4133883
mp-2827,0.36,0.16844879
mp-3164,0.34,-0.070597604
mp-3472,0.3,-0.018433392
mp-4584,0.28,0.69037145
mp-561543,-0.04,0.2511601
mp-631423,0.63,0.10387598
mp-7431,0.31,0.104137465
mp-761872,0.31,0.33290738
mp-8134,0.39,0.35103744
mp-8389,0.3,0.30149102
mp-865872,0.36,0.2862727
mp-867751,0.42,0.23143755
mp-972241,0.32,0.32753718
mp-973352,-14.91,0.33450526
mp-976838,0.38,0.61791646
mp-1001602,0.29,0.20730613
mp-1021313,0.28,0.31394547
mp-1029520,0.33,0.5188606
mp-10684,0.52,-1.0093083
mp-12899,0.21,0.34268337
mp-16337,0.24,0.31620508
mp-168,0.19,0.43877
mp-1891,0.42,0.13579674
mp-22956,0.28,0.052041993
mp-23053,0.28,0.33954936
mp-23712,0.31,0.25487345
mp-2694,0.19,0.08379193
mp-29873,0.34,0.35088915
mp-30344,0.26,0.3643304
mp-547622,0.35,0.32522154
mp-556742,0.24,0.38658535
mp-568137,0.29,0.19677429
mp-631303,0.36,0.3588578
mp-644497,0.28,0.0022419244
mp-647924,0.32,0.15189888
mp-7432,0.28,0.17357592
mp-754537,0.29,0.14177038
mp-755287,0.25,0.25140756
mp-862752,0.52,0.5068987
mp-863741,0.38,0.30117774
mp-864883,0.39,0.2663517
mp-8654,0.26,0.27184635
mp-973325,0.34,0.44624704
mp-989518,0.54,0.17170055
mp-997616,0.36,0.2174996
mp-999539,0.34,0.2788214
mp-1016875,0.95,0.24454178
mp-10228,0.24,0.09627096
mp-10955,0.12,0.52813786
mp-12750,0.34,0.20796
mp-1575,0.37,0.26313174
mp-15901,0.24,0.11529024
mp-15968,0.24,0.13196559
mp-16766,0.37,0.35872418
mp-20400,0.35,0.184233
mp-21484,0.21,0.21264358
mp-21503,0.2,0.27985114
mp-22307,0.25,0.2228971
mp-2470,0.33,0.19016983
mp-30581,0.3,0.61492354
mp-31405,0.49,0.29288095
mp-4633,0.32,0.072415456
mp-5251,0.29,0.297131
mp-5304,0.23,0.31584305
mp-554107,0.29,0.30358368
mp-567397,0.29,-0.058172718
mp-567842,0.11,0.07472317
mp-604318,0.33,0.08136813
mp-631296,-4.24,0.20829572
mp-676117,0.21,0.47574538
mp-7375,0.33,0.34792244
mp-755000,0.36,0.114971146
mp-758604,0.42,0.42969024
mp-7714,0.21,0.069689974
mp-862864,0.29,0.5014708
mp-862927,0.4,0.35951674
mp-862990,0.34,0.3002442
mp-865278,0.29,0.2854309
mp-865448,0.32,-0.008877084
mp-865524,0.42,0.38462943
mp-865909,0.12,0.4759503
mp-867234,0.32,0.35295445
mp-961653,0.3,0.19417061
mp-972751,-0.21,0.32552475
mp-973572,0.31,0.22522612
mp-981550,0.46,0.2649775
mp-995434,0.32,-0.21715194
mp-1013544,0.19,-0.06470974
mp-1018786,0.26,-0.049344584
mp-1018798,2.24,0.19972472
mp-1043,0.43,0.38061327
mp-1081,0.21,0.51474434
mp-1670,0.31,0.025173798
mp-20097,0.43,0.22838582
mp-22079,0.33,0.19809951
mp-22461,0.29,0.25628042
mp-22639,0.37,0.07221775
mp-27164,0.18,0.34800982
mp-30435,0.36,0.13406526
mp-4475,0.31,0.18295924
mp-5625,0.4,0.0724508
mp-567588,0.36,0.25802732
mp-568077,0.32,0.23077594
mp-568654,0.36,0.47434294
mp-571330,0.25,0.23843448
mp-6102,0.32,0.2120715
mp-643264,0.21,0.51905274
mp-864923,0.5,0.34074402
mp-865641,0.32,0.46709388
mp-865707,0.33,0.33041614
mp-865877,0.33,0.27240568
mp-865991,0.26,0.53154784
mp-873,0.31,0.62710124
mp-962077,0.55,0.07012583
mp-972066,0.29,0.02028878
mp-973056,0.67,0.3489303
mp-974565,0.38,0.8613927
mp-976008,0.27,0.035617933
mp-977059,0.36,0.5695756
mp-977444,0.92,0.31738573
mp-978282,0.34,0.055715844
mp-980663,0.27,-0.08203477
mp-983565,0.24,0.4320553
mp-985440,0.34,0.43599045
mp-10063,0.29,0.42457515
mp-1009731,0.33,0.44269937
mp-1009831,0.26,0.5599731
mp-1016886,1.06,-0.062448025
mp-1018085,0.33,0.42412144
mp-1019087,0.37,0.1687275
mp-1025304,0.24,2.2423499
mp-10343,0.28,0.21203332
mp-10666,0.27,0.33264458
mp-1522,0.17,0.052839324
mp-16735,0.33,0.23024191
mp-1914,0.2,0.052118346
mp-22460,0.43,0.26519346
mp-22947,0.3,0.5195961
mp-23302,0.4,0.021190405
mp-23471,0.39,0.526639
mp-2646,0.32,-0.052084237
mp-551918,0.27,-0.059748545
mp-5915,0.35,0.25784194
mp-603,0.23,0.24245806
mp-631382,1.17,0.18756436
mp-631395,0.59,0.0118085
mp-7088,0.27,0.97244495
mp-7276,0.3,0.17167132
mp-861624,0.42,0.27031803
mp-863735,0.99,0.34235328
mp-865899,0.36,0.7060279
mp-8700,0.31,0.1904007
mp-961708,0.47,-0.06272338
mp-985805,0.36,0.40072566
mp-1018087,0.37,0.1316867
mp-1018128,0.3,2.0700517
mp-1023924,0.24,0.121882275
mp-1025102,0.29,0.23007734
mp-1438,0.26,0.17228435
mp-14791,0.2,-0.04065217
mp-179,0.43,0.30359095
mp-18850,0.29,0.17999102
mp-19816,0.31,0.25864333
mp-20227,0.22,0.19597189
mp-2235,0.34,0.24537323
mp-2493,0.28,-0.038222954
mp-3679,0.27,0.30787826
mp-505782,0.3,0.13258766
mp-541289,0.3,0.089983925
mp-7877,0.22,0.25009823
mp-863702,0.29,0.19040267
mp-864675,0.31,0.45996916
mp-866152,0.28,0.3284399
mp-9304,0.31,0.33214152
mp-9916,0.26,0.30426562
mp-996988,0.44,0.14242296
mp-999337,0.21,0.52115154
mp-10020,0.29,0.61871463
mp-1007660,0.29,0.09384455
mp-1007823,0.17,0.09093742
mp-1009220,0.32,0.65996003
mp-1009493,0.47,0.46820027
mp-10885,0.4,0.32014626
mp-11327,0.29,0.30981648
mp-11826,0.31,0.73524755
mp-12100,0.26,0.30139828
mp-16032,0.29,0.06948282
mp-16745,0.3,0.26037353
mp-18849,0.3,0.072840646
mp-22607,0.24,0.6285742
mp-22977,0.34,0.31647068
mp-2472,0.24,0.15409802
mp-2695,0.22,0.12676428
mp-279,0.3,-1.3226246
mp-27984,0.29,0.30329865
mp-28782,0.31,0.1811017
mp-378,0.21,0.19727777
mp-505804,0.27,0.1577136
mp-5305,0.31,0.37039834
mp-541840,0.33,0.84553486
mp-568636,0.33,0.38182777
mp-570102,0.31,0.39129037
mp-754008,0.35,0.4351377
mp-7568,0.32,0.0399618
mp-862258,0.33,0.3084622
mp-863703,0.35,0.09929119
mp-865914,0.32,0.14212711
mp-865998,0.37,0.36306554
mp-9399,-0.05,-0.0046902746
mp-974948,0.69,0.11327852
mp-975198,0.12,0.2805965
mp-975608,0.23,0.3992852
mp-9912,0.24,0.41247612
mp-996980,0.41,0.25394642
mp-997094,0.32,0.24734683
mp-1016904,0.44,0.22583689
mp-1025044,0.4,0.3183251
mp-1029498,0.17,0.25869244
mp-11977,0.38,0.2203032
mp-12359,0.34,-0.3054421
mp-12761,0.4,0.36793095
mp-19059,0.4,0.17930852
mp-2008,0.18,-0.11418219
mp-20485,0.23,0.3370263
mp-20686,0.3,0.29823285
mp-38194,0.3,-0.20802368
mp-542,0.4,0.3158533
mp-546152,0.31,0.1995068
mp-548658,0.03,0.3072427
mp-568920,0.38,0.18667416
mp-570002,0.21,0.16335805
mp-5848,0.28,0.364106
mp-6094,0.33,0.14246844
mp-669917,0.36,0.17043222
mp-753823,0.31,0.10815565
mp-7897,0.3,0.23243247
mp-830,0.25,0.8283431
mp-861594,0.35,0.33195728
mp-9085,0.25,-0.025299951
mp-961712,0.21,0.55671847
mp-971702,0.29,0.3687635
mp-974810,0.45,0.215465
mp-976446,0.3,0.19191177
mp-978502,0.45,0.07323052
mp-978976,0.32,0.280751
mp-984082,0.32,0.16397871
mp-989563,0.24,0.25635958
mp-999355,0.42,0.2291031
mvc-11233,0.38,-0.12463869
mp-1008557,0.22,0.37656212
mp-1009592,0.24,-0.076024726
mp-1012551,0.31,0.021804735
mp-10367,0.49,-0.24897291
mp-13436,0.33,0.1855871
mp-13725,0.25,0.45035326
mp-18819,0.3,0.18237685
mp-21273,0.25,0.047787294
mp-2192,0.42,-0.060466424
mp-2413,0.22,0.30669183
mp-255,0.34,0.32790738
mp-28049,0.32,0.12787847
mp-2949,0.31,0.22940965
mp-30672,0.3,4.109747
mp-3194,0.2,0.29176682
mp-567601,0.31,0.4069084
mp-5948,0.26,0.35212874
mp-738,0.35,0.33095425
mp-755478,0.35,0.34914154
mp-770635,0.23,0.34907883
mp-862635,0.66,0.29845762
mp-865151,0.36,0.46188563
mp-865465,0.34,0.09533204
mp-867326,0.24,0.53252554
mp-867348,0.23,0.22408323
mp-867928,0.29,0.21181066
mp-8799,0.15,0.11640583
mp-1008374,0.22,-0.4275133
mp-1009483,0.49,0.3284858
mp-1013547,0.23,0.50687337
mp-1017578,0.3,0.22906373
mp-1023125,0.23,0.2039005
mp-10445,0.29,0.2999552
mp-1364,0.36,0.41067016
mp-18105,0.23,0.43612164
mp-18468,0.28,-0.01088427
mp-28736,0.24,0.34323806
mp-3021,0.29,0.152797
mp-3576,0.31,0.26485848
mp-36884,0.33,0.14901002
mp-5446,0.33,0.45700645
mp-567750,0.38,0.2545653
mp-568895,0.26,0.27618176
mp-605,0.29,0.048415527
mp-755544,0.31,0.24888091
mp-7591,0.25,0.7160409
mp-761341,0.29,0.15464462
mp-861935,0.3,0.24429734
mp-863677,0.37,0.57328916
mp-865178,0.46,0.32934326
mp-866121,0.31,0.38435537
mp-8675,0.52,0.17590125
mp-971738,0.38,0.2520746
mp-973533,0.47,0.5688197
mp-976273,0.23,0.501572
mp-978283,0.1,0.18205331
mp-980206,0.33,0.3306651
mp-997027,0.27,0.36622673
mp-1008528,0.14,0.7830048
mp-1009490,0.41,0.44130975
mp-1014244,0.31,0.39067298
mp-1018936,0.34,0.09989749
mp-1025296,0.37,-0.0159138
mp-10694,0.3,0.23348935
mp-11565,0.31,0.20152138
mp-11775,0.29,0.21688573
mp-1416,0.16,-0.041450188
mp-15722,0.26,0.28952616
mp-1602,0.24,0.01823315
mp-1603,0.29,0.068385586
mp-16764,0.26,0.16572787
mp-21026,0.39,0.33788115
mp-21468,0.1,0.16575976
mp-23223,0.23,0.6205719
mp-23807,0.17,0.25900674
mp-27768,0.25,0.41184253
mp-30465,0.48,0.5950627
mp-31441,0.38,0.17070477
mp-3161,0.16,0.407822
mp-32994,0.3,0.3723871
mp-33322,0.23,0.33460134
mp-3433,0.3,0.17530163
mp-3539,0.42,0.22647996
mp-4438,0.27,0.1014273
mp-4536,0.33,0.26214814
mp-546125,0.3,0.25883067
mp-549490,0.25,0.64571273
mp-553875,0.29,0.3208794
mp-555056,0.32,0.10080241
mp-569120,0.34,0.10435693
mp-5777,0.26,-0.0634132
mp-605027,0.6,-0.26969844
mp-631355,0.55,0.32301825
mp-682,0.24,0.4755348
mp-774712,0.38,0.2687111
mp-7760,0.29,0.4935354
mp-7908,0.23,0.4013148
mp-862261,0.36,0.24768691
mp-867788,0.3,0.12969084
mp-9076,0.23,0.022695318
mp-961661,0.3,-1.2129688
mp-972370,0.27,0.42277253
mp-973149,0.32,0.15052019
mp-989541,0.32,0.3402099
mp-999187,0.48,0.1549579
mp-1007924,0.42,0.19605915
mp-1018025,0.36,0.3524068
mp-1018074,0.41,0.2530499
mp-1025242,0.27,0.19047852
mp-10849,0.33,0.24968581
mp-1123,0.36,0.46032262
mp-1954,0.17,0.27530748
mp-19850,0.3,0.12472366
mp-20998,0.66,-0.074643895
mp-2130,0.32,0.3059113
mp-22036,0.37,0.27516687
mp-22344,0.34,0.33437663
mp-22759,0.26,0.09260692
mp-22862,0.24,0.9513218
mp-22891,0.41,-0.16312596
mp-23870,0.16,0.58290833
mp-2743,0.33,0.8415486
mp-28927,0.52,0.13308589
mp-29456,0.2,0.3661182
mp-30083,0.25,-0.37622547
mp-31144,0.37,0.33463013
mp-32887,0.18,-0.063918754
mp-3442,0.24,0.4106338
mp-36791,0.24,0.041170254
mp-4881,0.27,0.27230865
mp-4962,0.23,0.039778277
mp-5076,0.25,0.19712
mp-560902,0.34,0.16544862
mp-561258,0.29,0.25931633
mp-567885,0.18,-0.49222136
mp-570172,-0.76,0.09506334
mp-570891,0.43,0.5107895
mp-621131,0.41,0.7514066
mp-6606,0.25,0.52602136
mp-764949,0.2,0.12425105
mp-7868,0.22,0.122265026
mp-8605,0.32,0.40830797
mp-866067,0.3,0.3463661
mp-867919,0.33,0.1990724
mp-974253,0.33,0.17534687
mp-976923,0.38,0.1032498
mp-977117,0.26,0.09186162
mp-978796,0.33,0.21392532
mp-980049,0.4,0.41461885
mp-984702,0.34,0.2241344
mp-1009593,0.31,-0.1770582
mp-1009735,0.26,0.4245116
mp-10110,4.65,1.0224686
mp-1018080,0.29,0.028197974
mp-1018783,0.1,0.3087154
mp-10996,0.22,0.3155589
mp-11514,0.31,0.46577466
mp-12105,0.32,0.28402466
mp-15954,0.25,0.46870017
mp-18856,0.1,0.11150895
mp-21264,0.24,0.21683754
mp-21495,0.25,0.038017973
mp-2583,0.38,0.73807234
mp-28610,0.28,0.15894024
mp-29752,0.36,0.4279884
mp-30816,0.31,0.32819825
mp-30861,0.21,0.122740045
mp-3348,0.33,0.14177178
mp-34735,0.29,0.337238
mp-4138,0.32,0.5442313
mp-5046,0.13,-0.050401464
mp-553308,0.28,0.21312813
mp-568273,0.27,0.36240256
mp-568662,0.32,0.9705121
mp-754759,0.3,0.48600173
mp-754933,0.3,0.20233528
mp-8211,0.2,0.37185055
mp-862337,0.31,0.34054363
mp-865097,0.4,0.5046066
mp-865442,0.31,0.42071253
mp-865501,0.31,0.033039197
mp-865505,0.34,0.4386291
mp-865798,0.34,0.6137065
mp-867212,0.23,0.48144186
mp-973181,0.35,-0.08968514
mp-975050,0.59,0.2986138
mp-976010,0.35,0.41017962
mp-9813,0.21,-0.060007945
mp-10184,0.32,0.42613888
mp-12533,0.27,0.17797045
mp-13314,0.25,0.07104568
mp-16363,0.18,0.17733257
mp-16613,0.32,0.13671778
mp-20683,0.41,0.5178829
mp-23052,0.19,0.1673192
mp-2340,0.25,0.19601099
mp-29154,0.28,0.30888873
mp-40251,0.36,0.12300609
mp-555166,0.32,0.12647732
mp-556562,0.28,0.5383266
mp-5853,0.2,0.60133344
mp-614603,0.28,0.1122884
mp-631581,1.56,0.39084673
mp-7132,0.43,0.28718632
mp-715572,0.31,0.1555879
mp-7365,0.32,0.37585604
mp-7849,0.18,0.23764683
mp-861665,0.29,0.3599494
mp-861974,0.53,0.20425178
mp-864612,0.27,0.19005977
mp-971694,0.27,0.27663308
mp-971718,0.4,0.12083192
mp-972353,0.47,0.21631037
mp-972908,0.3,0.11312337
mp-973024,0.27,0.2426313
mp-975427,0.24,0.4022085
mp-975656,0.42,0.4138474
mp-980058,0.45,0.300256
mp-1008826,0.41,0.099788085
mp-11335,0.14,-0.12842865
mp-12659,0.36,0.26306647
mp-13076,0.24,0.07933737
mp-1388,0.33,0.2615661
mp-14142,0.36,0.5282375
mp-16491,0.21,0.3582282
mp-19421,0.33,0.13504072
mp-1971,0.28,0.3948568
mp-20329,0.37,0.18283097
mp-23037,0.31,0.419663
mp-4233,0.26,0.15752046
mp-4789,0.34,0.095586196
mp-546679,0.24,0.30455273
mp-556417,0.23,0.25358933
mp-568961,0.27,0.065604046
mp-672289,0.27,0.58160025
mp-755646,0.28,0.47195864
mp-7576,0.24,0.24808078
mp-8289,0.43,0.15708514
mp-8373,1.34,0.032850295
mp-862287,0.28,0.47454357
mp-867917,0.35,0.30341476
mp-9574,0.22,0.21828
mp-961684,0.3,0.67687017
mp-961696,0.33,0.18819933
mp-974616,0.35,0.3004337
mp-9971,0.23,0.46250302
mp-998893,0.3,0.7551344
mp-1013554,0.18,0.35247678
mp-1025127,0.31,0.21023317
mp-1025339,0.23,0.04359375
mp-10275,0.37,0.30747443
mp-1029502,0.15,0.483185
mp-10374,0.25,0.25681293
mp-11038,0.3,0.4076044
mp-1143,0.24,0.27069217
mp-155,0.24,0.22696804
mp-1935,0.25,0.28601515
mp-19809,0.27,0.070133105
mp-20007,0.32,0.29418463
mp-21521,0.35,0.22992633
mp-21609,0.29,0.24229522
mp-22315,0.28,0.35476524
mp-26,0.23,0.27875167
mp-27848,0.2,0.27631867
mp-27865,0.28,0.24565177
mp-406,0.33,0.59048927
mp-557251,0.26,0.10770534
mp-568446,0.34,0.23899405
mp-568809,0.25,-0.16587327
mp-7861,0.64,0.24622287
mp-861,0.43,0.20048349
mp-861641,0.29,0.3166843
mp-864762,0.23,0.3828258
mp-864787,0.28,0.20544772
mp-865428,0.19,0.4083131
mp-865879,0.37,0.40746742
mp-865904,0.34,0.66198736
mp-8672,0.38,0.24327637
mp-92,0.24,-0.39601117
mp-971837,0.29,0.38432145
mp-973155,0.41,0.5865196
mp-974982,0.46,0.045928225
mp-975522,0.36,0.23612802
mp-977418,0.42,0.35326964
mp-979950,0.23,0.26330584
mp-980200,0.35,0.43346465
mp-982873,0.09,0.2761308
mp-997037,0.37,0.42265695
mp-997618,0.17,0.25623965
mp-1009459,0.45,-0.19900887
mp-1009538,0.45,1.7077826
mp-1013710,0.33,-0.06508504
mp-1019266,0.32,0.056445226
mp-1020,0.25,0.23059471
mp-1021848,0.27,0.2993105
mp-1024987,0.38,0.1703658
mp-1025099,-0.42,0.15824448
mp-1025258,0.33,-0.048979536
mp-1025349,0.28,0.056107566
mp-1025503,0.66,0.41216332
mp-1025550,0.22,0.41985023
mp-11279,0.25,1.0389233
mp-11808,0.34,0.13696603
mp-12177,0.17,0.09896375
mp-1274,0.36,0.08944397
mp-1319,0.29,0.22181584
mp-19082,0.32,0.46042055
mp-1984,0.26,0.13708256
mp-22268,0.28,0.03798823
mp-23245,0.25,0.36886162
mp-30571,0.35,0.23069872
mp-3489,0.24,-0.03985046
mp-35417,0.15,0.077910796
mp-35909,1.0,0.19342779
mp-4662,0.31,0.22286485
mp-542915,0.18,0.74732625
mp-643431,0.11,0.50438464
mp-754502,0.29,0.46970636
mp-8459,0.31,0.17938854
mp-862972,0.56,0.32647556
mp-867177,0.36,0.31918865
mp-973100,0.49,0.0431761
mp-978842,0.87,0.014518455
mp-984705,0.44,-0.0032345504
mvc-8365,0.36,0.31277514
mp-1002083,-0.06,-0.45997575
mp-1002187,0.42,-0.2573528
mp-1009134,0.23,0.380544
mp-1009770,0.41,0.17503797
mp-1023923,0.33,0.056834683
mp-11025,0.24,0.488658
mp-11277,0.14,0.30644137
mp-11561,0.35,0.21599005
mp-12110,0.31,0.077905044
mp-12505,0.28,0.2579553
mp-13208,0.27,0.5174311
mp-1481,0.41,0.33975714
mp-19006,0.3,-0.06157972
mp-19943,0.31,0.19742496
mp-20750,0.39,-0.006933853
mp-21473,0.26,0.05629967
mp-22991,0.36,0.35713774
mp-23193,0.26,0.9047807
mp-30488,0.41,0.27263415
mp-4001,0.41,0.29616904
mp-4026,0.21,-0.09002422
mp-426,0.39,0.27785045
mp-546898,0.23,0.25836033
mp-555477,0.36,0.1295998
mp-574025,0.41,0.46334082
mp-862945,0.37,0.3685847
mp-865932,0.44,0.39203012
mp-866161,0.28,0.23875643
mp-972082,0.48,0.1850457
mp-975906,0.27,0.43963146
mp-975933,0.33,0.34245515
mp-976256,0.32,0.35812575
mp-1006883,0.87,0.29056388
mp-1136,0.24,0.12098475
mp-11684,0.26,0.14064585
mp-1278,0.22,0.34649527
mp-15617,0.23,0.2412089
mp-16045,0.34,0.5493462
mp-1672,0.22,-1.3415903
mp-1682,0.27,-0.070805565
mp-1756,0.24,0.2933374
mp-2114,0.2,0.6869303
mp-22580,0.41,0.60194397
mp-23143,0.27,0.1912326
mp-24390,0.27,0.33228832
mp-2597,0.42,0.22968979
mp-27785,0.2,0.73814076
mp-3477,0.43,-1.1928942
mp-36592,0.3,0.5811864
mp-567210,0.41,0.40480435
mp-568388,0.24,0.21523131
mp-569125,0.33,0.27510935
mp-752928,0.31,-0.11241613
mp-7572,0.22,0.048607036
mp-776896,0.31,0.263233
mp-863664,0.31,0.23814498
mp-865870,0.34,0.14083199
mp-883,0.19,0.5122469
mp-8911,0.35,0.17267002
mp-9179,0.28,0.36630517
mp-971863,0.6,0.78784615
mp-980,0.29,0.38568145
mp-982040,0.2,0.3336882
mp-999377,0.27,0.057464465
mp-1008635,0.48,0.6667468
mp-1009017,0.49,0.25369585
mp-1019360,0.32,0.1839057
mp-1023161,0.24,0.27265924
mp-1025409,0.36,0.34115
mp-1025552,0.24,0.3848576
mp-11470,0.36,0.8977913
mp-16052,0.42,0.48186505
mp-20275,0.36,-0.20543523
mp-21177,0.34,0.20473124
mp-24834,0.3,0.3706584
mp-2800,0.46,0.36451083
mp-28553,0.14,0.39484072
mp-368,0.23,0.6479811
mp-4262,0.15,0.42917025
mp-503,0.36,0.455957
mp-559276,0.25,0.24920528
mp-592,0.28,0.6498493
mp-631473,0.31,0.36780816
mp-756094,0.35,0.07333796
mp-760376,0.31,0.07922734
mp-862855,0.35,0.3633713
mp-865250,0.32,0.2502069
mp-865788,0.35,0.40086788
mp-975373,0.42,0.33243084
mp-977550,0.31,0.5334138
mp-982387,0.35,0.3505653
mp-998973,0.31,0.110258535
mvc-15239,0.47,0.38088572
mp-1009135,0.49,0.34266627
mp-1009813,0.23,-0.3089862
mp-1022051,0.3,0.6363927
mp-1039123,0.57,-0.24662995
mp-10405,0.23,0.42808956
mp-1063005,0.3,1.2205745
mp-16503,0.25,0.29031575
mp-17848,0.32,0.26174515
mp-19226,0.29,0.11554693
mp-2011,0.3,0.5623439
mp-30438,0.16,0.27785838
mp-331,0.28,0.408149
mp-3923,0.28,0.29260236
mp-48,0.19,-0.5384516
mp-5063,0.25,0.22651629
mp-530399,0.24,0.20159511
mp-560338,0.11,0.045310542
mp-604914,0.62,0.30409122
mp-626689,0.25,0.45314032
mp-631537,1.47,0.24684985
mp-644278,0.22,0.53130245
mp-760381,0.4,0.05111532
mp-774873,0.28,-0.076896355
mp-865807,0.32,0.2969401
mp-865968,0.41,0.41733867
mp-973536,0.29,0.11410098
mp-974416,0.33,-0.014989674
mp-978083,0.31,0.4086131
mp-989553,0.36,0.4695959
mp-1008280,0.26,0.33240545
mp-1019259,-0.09,0.2539199
mp-10257,0.33,0.12856184
mp-10850,0.33,0.31475872
mp-11798,0.36,0.011373475
mp-12335,0.35,-0.42771888
mp-16260,0.36,0.061968848
mp-19940,0.25,0.24152972
mp-30611,0.34,0.35127765
mp-30620,0.33,0.30712658
mp-35841,0.24,0.297095
mp-5245,0.46,0.13768919
mp-565203,0.35,0.2347853
mp-614777,0.2,0.0656714
mp-684679,0.25,0.11187382
mp-755071,0.34,0.09421195
mp-8048,0.3,0.4024703
mp-864985,0.34,0.5929897
mp-867822,0.43,0.40927297
mp-961669,0.49,-0.14875118
mp-1008277,0.34,0.14518549
mp-1009237,0.97,1.2085003
mp-1016825,0.29,0.0651374
mp-1017566,-0.38,0.28254604
mp-1018100,0.26,0.6254691
mp-10326,0.2,0.078382716
mp-10904,0.32,0.30376416
mp-11515,0.26,0.1219347
mp-11974,0.34,0.13095655
mp-13126,0.33,0.24138053
mp-13686,0.24,0.39837295
mp-1458,0.3,0.081785604
mp-15637,0.21,-0.012928903
mp-15639,-0.4,0.09601705
mp-15724,0.24,0.17582892
mp-15960,0.23,0.24770226
mp-16358,0.38,0.3447383
mp-19845,0.27,0.07534443
mp-20175,0.23,0.047020182
mp-20920,0.28,0.37670606
mp-2133,0.36,0.15795095
mp-2209,0.17,0.06645875
mp-22478,0.28,0.3571819
mp-22936,0.22,-0.072564065
mp-24,0.05,0.12651484
mp-28171,0.22,0.46910584
mp-2958,0.22,0.22097062
mp-3,1.82,1.4890925
mp-30044,0.57,0.035188153
mp-3642,0.35,0.34138817
mp-4096,0.29,0.36806673
mp-417,0.31,0.45173794
mp-505531,0.24,0.080027744
mp-5229,0.24,0.043592438
mp-567666,0.29,0.34534854
mp-572,0.35,0.085322484
mp-600,0.65,0.17333426
mp-600125,0.32,0.35006303
mp-7079,0.29,-0.034334496
mp-866143,0.3,0.40688205
mp-866223,0.3,0.3242346
mp-950995,0.28,0.122204766
mp-972540,0.32,0.5066697
mp-973133,0.23,0.3679431
mp-9801,0.28,-0.059476003
mp-983556,0.34,0.050517723
mp-10040,0.52,0.18217786
mp-1008925,0.04,0.9195599
mp-1039119,0.39,0.23489319
mp-1040472,0.23,0.07615475
mp-1077,0.25,0.20462112
mp-1329,0.3,0.12975614
mp-1444,0.3,0.16310994
mp-18816,0.32,0.4863369
mp-2089,0.29,0.014664575
mp-2676,0.22,0.26188153
mp-27381,0.28,0.2212076
mp-341,0.2,0.28974062
mp-504691,0.3,0.07049154
mp-546711,0.35,0.14425002
mp-570713,0.36,0.27704298
mp-571648,0.33,0.5279909
mp-622990,1.27,0.2069753
mp-631484,0.59,-0.09681314
mp-636320,0.28,-0.10396328
mp-636334,0.36,0.12791596
mp-672356,0.52,0.23659895
mp-676518,0.27,0.16352408
mp-6980,0.31,0.17616864
mp-730,0.23,0.5429749
mp-753799,0.28,0.25408077
mp-754940,0.22,0.5047416
mp-7942,0.21,0.010607868
mp-8161,0.32,0.18194507
mp-8431,0.33,0.1592357
mp-865340,0.37,0.26553124
mp-865506,0.3,0.33311015
mp-9194,0.29,0.2976972
mp-972659,0.24,0.17789052
mp-976411,0.48,0.3535164
mp-999390,0.31,0.40851104
mp-1008805,0.24,1.1849915
mp-1017542,0.33,0.5882989
mp-1018809,0.22,0.0036566406
mp-1019362,0.31,0.2685328
mp-1059,0.33,0.036122277
mp-11284,0.16,0.22966464
mp-11725,0.33,-0.46525002
mp-12703,0.33,0.40708512
mp-12962,0.28,0.5612027
mp-14168,0.29,0.38405985
mp-18093,0.34,0.17993777
mp-19830,0.19,0.96347195
mp-21910,0.37,0.37411094
mp-230,0.26,0.08610104
mp-23562,0.27,0.16623174
mp-24150,0.22,0.27316105
mp-2420,0.28,0.40549797
mp-24201,-4.35,-0.9956997
mp-2488,0.33,0.20258938
mp-27678,0.2,0.43818218
mp-2812,0.23,0.18824418
mp-2917,0.21,0.26699895
mp-29816,0.36,0.29038167
mp-30423,0.39,0.47829157
mp-30610,0.35,0.34175014
mp-3822,0.29,-0.037476182
mp-4180,0.29,0.15283094
mp-561317,0.29,0.48279613
mp-601,0.23,0.2663166
mp-616440,0.07,-1.1353389
mp-616559,0.26,0.47762352
mp-631489,3.34,0.27096236
mp-7700,0.41,0.15393095
mp-834,0.29,-0.16212231
mp-864915,0.41,0.36945325
mp-865029,0.53,0.31472492
mp-866024,0.4,0.37899005
mp-9571,0.24,0.11921786
mp-972808,0.28,0.0012932569
mp-973143,0.33,0.1986246
mp-977541,0.32,0.4889056
mp-990440,0.24,0.04071583
mp-10102,0.31,0.10220574
mp-1013564,0.49,0.18383189
mp-1017515,0.36,-0.048372492
mp-10437,0.33,0.19072168
mp-1118,0.35,0.3215714
mp-12762,0.23,0.15424179
mp-13536,0.31,0.56680983
mp-1949,0.37,0.7427727
mp-19921,0.31,0.62356454
mp-22276,0.41,0.21199338
mp-22389,0.25,0.4236309
mp-22434,0.25,0.37659562
mp-2258,0.35,0.31338447
mp-27693,0.19,-0.007148221
mp-28166,0.23,0.37790936
mp-3078,0.28,0.37658155
mp-30798,0.26,0.5328382
mp-3336,0.31,0.2668326
mp-541196,0.24,0.18832164
mp-546,0.33,0.27346224
mp-546910,2.14,0.12313317
mp-558674,0.36,0.3634432
mp-582011,0.27,0.23398452
mp-5921,0.37,0.3732211
mp-7066,0.28,0.279679
mp-863672,0.3,0.12188153
mp-88,0.24,0.45983118
mp-9490,0.34,0.40889508
mp-959,0.27,0.3347593
mp-977455,0.36,0.13391821
mp-999495,0.36,0.2901641
mp-1009006,0.44,-0.19808519
mp-1078600,0.29,0.23818804
mp-10931,0.27,0.19744407
mp-11549,0.32,0.9939527
mp-12581,0.35,-0.30695617
mp-1634,0.18,0.28133547
mp-19091,0.2,-0.016480163
mp-20344,0.33,0.15739684
mp-21890,0.3,0.016233131
mp-27827,0.29,0.581417
mp-2879,0.27,0.057274416
mp-31379,0.36,0.48615253
mp-4230,0.17,0.13809858
mp-546621,0.27,0.08968036
mp-557259,0.26,0.37152404
mp-567454,0.27,-0.09074898
mp-568258,-0.26,0.11152823
mp-568556,0.14,0.468059
mp-631404,0.48,0.2999645
mp-631536,0.49,0.34200203
mp-697096,0.27,0.35522902
mp-8409,0.24,0.26046914
mp-849388,0.3,0.034768745
mp-865320,0.31,0.30499583
mp-867262,0.31,0.14599554
mp-966,0.26,0.24814232
mp-973920,0.31,-0.026938558
mp-977408,0.28,0.299994
mp-978555,0.38,0.17706649
mp-999200,0.26,0.32953387
mp-1007824,0.3,-0.22665615
mp-1019584,0.27,0.10673405
mp-1025437,0.37,0.15544932
mp-1052,0.34,0.33038622
mp-11540,0.5,-0.22029921
mp-1203,0.27,0.72111064
mp-15252,0.3,0.27910566
mp-20874,0.23,0.19491135
mp-22152,0.23,0.19058631
mp-2358,0.23,0.06386568
mp-27718,-0.12,0.098800465
mp-27850,0.22,0.3398586
mp-30062,0.24,0.39074117
mp-30501,0.34,0.86516184
mp-504677,0.22,0.22580807
mp-550437,0.32,0.34083194
mp-561830,0.31,0.36051327
mp-570452,0.33,0.32248116
mp-754475,0.38,0.26205933
mp-861909,0.33,0.2437026
mp-864791,0.38,0.33709645
mp-865801,0.34,0.38930315
mp-866196,0.19,0.20134817
mp-867235,0.31,0.35416335
mp-961659,0.3,-0.829719
mp-989521,0.48,0.18652187
mp-989551,0.46,0.37404543
mp-1016843,0.49,0.2798875
mp-10201,0.16,-0.12534489
mp-10893,0.59,0.27027065
mp-16526,0.37,0.24966063
mp-19141,0.28,0.17608489
mp-2019,0.74,0.2390921
mp-21479,-0.81,0.2440501
mp-22631,0.34,0.024087653
mp-24650,0.17,0.30920702
mp-29152,0.28,0.03278105
mp-4563,0.26,0.50145364
mp-510557,0.3,0.62747246
mp-5380,0.2,-0.4296654
mp-556004,0.22,0.19585617
mp-568687,0.26,0.20768599
mp-569376,0.29,0.28439432
mp-6065,0.27,0.3294459
mp-676586,0.32,0.4354698
mp-7761,0.38,0.36042267
mp-811,0.31,0.29359037
mp-8290,0.31,0.1527388
mp-862366,0.31,0.21890809
mp-862705,0.29,0.36600012
mp-862814,0.41,0.4097525
mp-862890,0.42,0.4111609
mp-865167,0.39,0.2503317
mp-866104,0.4,0.3354754
mp-867249,0.24,0.408148
mp-867748,0.3,0.24841271
mp-867887,0.37,0.20109297
mp-8884,0.28,0.27704716
mp-921,0.32,0.2676258
mp-971752,0.23,-0.03962733
mp-971859,0.53,0.13016109
mp-978504,0.27,0.21135153
mp-984717,0.06,0.38057536
mp-1,0.38,0.6746589
mp-1008901,0.4,-0.93361855
mp-1157,0.34,0.8523783
mp-11697,0.21,0.09583597
mp-119,-0.08,0.60113376
mp-12782,0.2,0.30482793
mp-128,0.2,0.7412972
mp-21206,-0.28,0.060923383
mp-23309,0.26,0.016188398
mp-2624,0.25,0.41281992
mp-28233,0.25,0.21930538
mp-29153,0.27,0.3149696
mp-29771,0.33,0.4967847
mp-30079,0.45,0.43343908
mp-4013,0.26,0.1170076
mp-402,0.28,0.7038057
mp-4448,0.19,0.29715955
mp-4466,0.23,0.24737482
mp-4573,0.25,0.013604686
mp-510436,0.39,0.5206253
mp-570099,0.44,0.5730972
mp-571133,0.25,0.29654872
mp-601848,0.28,0.15405689
mp-631318,0.55,0.2711982
mp-631554,12.73,0.9569214
mp-669546,0.31,0.39381403
mp-696128,0.34,0.20187132
mp-7140,0.16,-0.23009795
mp-7755,0.14,-0.09195857
mp-862714,-0.32,0.18520115
mp-972899,0.34,0.13751538
mp-973256,0.0,0.22860827
mp-973841,0.26,0.3704198
mp-976017,0.31,0.3493082
mp-977424,0.21,0.55786467
mp-9810,0.34,0.26931298
mvc-14629,0.22,0.33839488
mp-10064,0.56,0.13493447
mp-1229,0.34,0.044995204
mp-21163,0.4,0.14714085
mp-24161,0.55,-0.7299705
mp-24728,0.28,-0.50579363
mp-2670,0.38,0.37177354
mp-27630,0.12,0.23582013
mp-27632,0.15,0.3094346
mp-3388,0.27,0.1206256
mp-557686,0.31,0.17686765
mp-568823,0.39,0.14250718
mp-568891,0.54,-0.05926086
mp-569149,0.04,0.54556006
mp-569875,0.29,0.17089532
mp-631335,0.31,-0.083642244
mp-642659,0.37,0.36425167
mp-754672,0.34,0.3812294
mp-7596,0.3,0.2528816
mp-862631,0.27,0.31672072
mp-864995,0.26,0.33665842
mp-865011,0.28,0.42495155
mp-8861,0.28,0.4606691
mp-8880,0.27,0.35593134
mp-9517,0.32,0.6201573
mp-975159,0.58,0.039739504
mp-975822,0.29,0.27814394
mp-978988,0.36,0.43023092
mvc-15694,0.24,0.10101764
mp-1008903,0.4,0.6374625
mp-1010953,0.43,0.08327477
mp-1013719,0.28,-0.021060184
mp-1022732,0.34,0.31158966
mp-10739,0.3,0.14088176
mp-113,0.3,0.44989347
mp-1748,0.32,0.1965888
mp-19765,0.25,0.32819515
mp-1990,0.27,0.49481702
mp-21008,0.29,0.45889175
mp-22693,0.23,-0.20434816
mp-2515,0.32,0.06501572
mp-28302,0.3,0.06740545
mp-300,0.32,0.4564187
mp-30181,0.31,0.34095109
mp-30506,0.28,0.5712604
mp-3988,0.32,0.09625842
mp-4195,0.32,0.18091686
mp-4748,0.22,0.07734008
mp-557569,0.23,0.12460546
mp-560203,0.19,0.16847529
mp-569089,0.24,0.21459882
mp-7121,0.28,0.3460943
mp-783905,0.31,0.09155561
mp-8085,0.22,0.11494894
mp-862821,0.43,0.4383964
mp-865041,-1.24,0.29247802
mp-865665,0.3,0.26962727
mp-865992,0.31,0.28825718
mp-962065,0.19,0.29970998
mp-976763,0.3,0.12989901
mp-977200,0.42,0.9567831
mp-977416,0.36,0.18339787
mp-978489,0.28,0.061574176
mp-999204,0.22,0.22644342
mp-1019100,0.24,0.08809991
mp-1021327,0.1,-0.3784255
mp-10752,0.24,0.8757363
mp-10930,0.28,0.20769762
mp-1108,0.23,1.0210804
mp-12067,0.61,0.5752465
mp-13092,0.29,0.35940868
mp-1581,0.18,0.058927283
mp-23141,0.27,0.43642372
mp-2578,0.3,0.14003842
mp-28145,0.28,0.59825295
mp-29151,0.2,0.19633745
mp-30454,0.3,0.34774828
mp-31900,0.36,0.28676313
mp-33551,0.32,0.1429085
mp-5339,0.3,0.14089672
mp-567856,0.32,0.6076495
mp-5821,0.3,0.27604842
mp-754596,0.46,0.198148
mp-7608,0.29,-0.044180557
mp-764648,0.23,0.15158068
mp-7812,0.1,-0.04784538
mp-781625,0.31,0.32273257
mp-862446,0.27,0.40324742
mp-865499,0.3,0.32410556
mp-865924,0.45,0.74478465
mp-867800,0.36,0.3590545
mp-982780,0.11,0.04505302
mp-9884,0.31,0.32350463
mp-995122,0.18,0.4031456
mvc-4415,0.36,0.18646838
mp-1099,0.3,0.4559403
mp-1180,0.32,0.044980362
mp-12765,0.33,0.5393425
mp-1561,0.34,0.31410414
mp-15845,0.27,0.092685595
mp-16496,0.31,0.39241505
mp-17892,0.28,0.63661796
mp-21481,0.28,0.48628044
mp-2242,0.18,0.039478853
mp-24066,0.28,0.66383237
mp-28627,0.27,0.4167897
mp-29868,0.29,0.12014811
mp-3190,0.22,0.31215143
mp-3759,0.26,-0.008010671
mp-4860,0.32,0.48409337
mp-5127,0.3,0.57108593
mp-5292,0.27,0.25284147
mp-569548,0.4,0.5663695
mp-5773,0.33,0.007341668
mp-634751,0.22,-1.4887457
mp-7349,0.26,0.2272291
mp-754218,0.36,0.11633305
mp-768241,0.32,0.055242583
mp-8181,0.25,0.32995617
mp-865952,0.49,0.36480457
mp-867979,0.43,0.31525248
mp-961691,0.71,-0.011474624
mp-977375,0.26,0.4960962
mp-9778,0.29,0.380763
mp-983425,0.29,0.3264817
mp-984523,0.1,-0.038530394
mp-10008,0.78,0.526631
mp-1008999,0.14,0.4194594
mp-1011375,0.22,0.21397357
mp-1016442,0.27,0.6912454
mp-1017629,0.37,0.48017454
mp-1018683,0.33,0.22393392
mp-10250,0.25,0.09564461
mp-1335,0.36,0.14734678
mp-1667,0.38,0.17700557
mp-1808,0.38,0.95760864
mp-31080,0.21,0.27009177
mp-4664,0.46,0.47133577
mp-644483,0.4,0.3661685
mp-752927,0.35,0.099816635
mp-755144,0.23,0.25120693
mp-779328,0.38,0.19044693
mp-8136,0.3,0.14227597
mp-861646,0.44,0.33863842
mp-863707,0.24,0.16217868
mp-865023,0.3,0.064652786
mp-867978,0.36,0.22723533
mp-8995,0.31,0.27099824
mp-962070,0.58,0.52637035
mp-972069,0.27,6.7956233
mp-979421,0.29,0.17814188
mp-1007657,0.31,0.22365917
mp-1025208,0.23,0.5016439
mp-1029536,0.3,0.45866662
mp-1725,0.27,0.101565376
mp-1784,0.3,0.30664873
mp-18852,0.27,0.20301022
mp-20025,0.21,0.27161795
mp-20523,0.19,0.102436975
mp-21202,0.27,0.2580381
mp-27731,0.4,0.6550147
mp-30591,0.26,0.21498002
mp-31442,0.5,0.24925415
mp-3849,0.34,0.14712317
mp-4156,0.26,0.054013416
mp-559931,0.06,0.10930224
mp-565,0.31,0.19465525
mp-567510,0.27,0.3638118
mp-567589,0.18,0.47502714
mp-5690,0.29,0.11913596
mp-570155,0.25,0.2295473
mp-571188,0.27,0.40961772
mp-580226,0.45,0.35121602
mp-626794,0.36,0.61233073
mp-6326,0.32,0.31289786
mp-634431,0.31,0.55553716
mp-642363,-0.01,0.39016473
mp-755877,0.26,0.012523234
mp-8126,0.23,0.35617518
mp-8267,0.45,0.04430063
mp-8634,0.3,0.46427208
mp-989460,0.46,1.231449
mp-1007974,0.28,0.3619303
mp-1009878,1.1,0.5475453
mp-11539,0.28,0.36542475
mp-13431,0.35,0.1713988
mp-16566,0.33,0.45918107
mp-18807,0.41,0.16677506
mp-20202,0.23,0.104466304
mp-20761,0.26,0.2162231
mp-20790,0.24,0.13429318
mp-20932,0.3,0.0788867
mp-21028,0.36,0.3204146
mp-21201,0.31,0.3045987
mp-22346,0.28,0.25733978
mp-22648,0.33,0.2524975
mp-22872,0.24,-0.16246934
mp-24722,0.36,0.30248922
mp-2688,0.26,0.26342076
mp-30582,0.46,0.17484023
mp-3448,0.23,0.04356174
mp-361,0.46,0.5481944
mp-3834,0.24,0.083709165
mp-398,0.34,-0.16416368
mp-4964,0.29,0.4825344
mp-539,0.2,0.21144108
mp-674334,0.29,0.18471242
mp-684673,0.78,0.23052059
mp-7142,0.41,0.52736586
mp-754134,0.3,0.09525399
mp-755769,0.37,0.085813984
mp-8435,-0.4,0.013162658
mp-862360,0.35,0.08919321
mp-864945,0.28,0.250583
mp-864997,0.38,0.32202077
mp-865434,0.3,0.23874263
mp-867263,0.39,0.33713067
mp-972767,0.55,0.3511411
mp-977283,0.34,0.3063233
mp-999296,0.4,0.65588254
mp-1009008,0.27,0.35443276
mp-1009746,0.38,0.21919881
mp-13949,0.26,0.32459658
mp-1571,0.3,0.56083304
mp-16730,0.54,-0.3438903
mp-16765,0.22,-0.112141535
mp-1876,0.47,-0.038979396
mp-20228,0.43,0.21996017
mp-20608,0.31,0.44702095
mp-22522,0.26,0.14764489
mp-27257,0.33,0.09084101
mp-30337,0.19,0.2284029
mp-30358,0.33,1.1182919
mp-30797,0.29,0.11214267
mp-36329,0.34,-0.04070045
mp-37381,0.3,-0.06874412
mp-5170,0.28,0.046767756
mp-551758,-0.05,-0.080505565
mp-560340,0.33,0.2280853
mp-569360,0.3,0.98756164
mp-571039,0.31,0.14842345
mp-604313,1.22,0.58029616
mp-628606,0.3,0.23746417
mp-631377,0.21,0.35052913
mp-7523,0.3,-0.0058264136
mp-7936,0.22,0.31711692
mp-7951,0.34,0.37145263
mp-846,0.25,0.30864072
mp-862424,0.3,0.39412385
mp-864930,0.32,0.4283517
mp-864992,0.32,0.35087162
mp-865138,0.31,0.4573441
mp-867252,0.32,0.29305446
mp-867985,0.39,0.413211
mp-9514,0.22,0.053469196
mp-961679,0.5,0.34841067
mp-9665,0.32,0.31595826
mp-980392,0.36,0.14263256
mp-997025,0.42,0.49790466
mp-9986,0.33,0.29731566
mp-1002227,0.64,0.06457262
mp-1008653,0.45,0.2638921
mp-1025390,0.24,0.15956934
mp-1025421,0.34,0.31919104
mp-1077723,0.31,0.7193919
mp-12665,0.37,0.30610245
mp-15659,0.41,0.6415145
mp-17413,0.34,0.4725917
mp-19094,0.28,0.14381899
mp-195,0.32,0.5027665
mp-19928,0.29,0.2421494
mp-22749,0.28,-0.3744418
mp-29145,0.27,0.11999826
mp-29733,0.29,0.45521563
mp-7173,0.29,0.5002159
mp-7457,0.25,0.060328946
mp-753192,0.22,0.35290492
mp-771055,0.28,0.04085134
mp-861993,0.35,0.3700863
mp-865615,0.3,0.37373662
mp-867828,0.36,0.25957286
mp-867837,0.33,0.080398574
mp-924129,0.29,1.256645
mp-952566,0.27,0.2633764
mp-972323,0.27,0.4611662
mp-974060,0.78,0.4179318
mp-974738,0.33,0.1217726
mp-975640,0.24,0.6813811
mp-975909,0.38,0.30799544
mp-982739,0.35,0.21921436
mp-1002574,0.31,0.3537442
mp-1008924,0.3,0.26316
mp-1009650,0.43,0.2753585
mp-1009747,0.91,0.19666971
mp-1018690,0.18,0.26600403
mp-10440,0.37,-0.09275246
mp-10623,0.33,0.84763926
mp-10760,0.22,0.48377126
mp-10785,0.23,0.19239835
mp-1139,0.28,0.31109005
mp-11496,0.28,-0.29982698
mp-14099,0.36,0.14130984
mp-19789,0.25,0.30725092
mp-20425,0.19,0.50397134
mp-22817,-0.1,0.23246805
mp-29056,0.02,0.22244434
mp-35869,0.28,0.6370135
mp-36800,0.21,0.32456052
mp-37879,0.25,0.3062262
mp-3854,0.25,0.27882463
mp-4415,0.27,0.18647371
mp-4913,0.4,0.2911502
mp-5219,0.29,0.27195156
mp-570213,0.22,1.3935429
mp-753,0.25,0.1686665
mp-754322,0.28,0.32283926
mp-7692,0.19,0.22247691
mp-775331,0.22,0.024307191
mp-8539,-0.26,0.21136276
mp-862711,0.3,0.2495598
mp-8637,0.56,0.2501012
mp-867847,0.61,0.3604967
mp-977425,0.34,0.2887947
mp-982595,0.56,0.17387621
mp-1007664,0.4,0.58015984
mp-1008752,-0.14,0.3568403
mp-1009218,0.47,0.592885
mp-10163,0.4,0.13264383
mp-1029660,0.3,0.5389479
mp-10597,0.36,1.2667664
mp-12063,0.29,0.16179727
mp-129,0.3,0.31671005
mp-13548,0.33,0.26446527
mp-18817,0.25,0.26560408
mp-21200,-0.28,0.071939215
mp-22367,0.38,0.28063583
mp-22626,0.27,0.28663617
mp-23710,0.22,0.3726951
mp-2691,0.35,0.7431336
mp-3744,0.23,0.19376926
mp-542640,0.33,0.32696414
mp-554573,0.05,0.008103713
mp-555934,0.33,0.24276195
mp-567458,0.24,0.1831777
mp-672265,0.34,0.032326594
mp-690544,0.31,0.1545016
mp-7426,0.28,0.39119673
mp-753781,0.28,0.28394753
mp-862492,0.33,0.19488816
mp-865587,0.32,0.37561613
mp-865731,0.39,0.39743894
mp-866189,0.25,0.47256523
mp-8804,0.18,0.3176905
mp-9060,0.35,0.23509102
mp-9254,0.21,0.23275425
mp-9486,0.27,0.2230696
mp-962069,0.53,-0.17239122
mp-973432,0.34,0.26907223
mp-973865,0.25,0.36496544
mp-974063,0.34,0.3570181
mp-976082,0.28,-0.077025354
mp-976129,0.3,0.23133071
mp-9768,0.31,0.122394636
mp-979074,0.41,0.26438868
mp-989590,-0.55,-0.13020316
mp-9960,0.17,0.31583977
mp-1008642,0.28,0.2518279
mp-1019,0.33,0.2875628
mp-1025263,0.23,0.5023245
mp-12985,0.34,0.28870237
mp-14092,0.33,0.41527694
mp-1716,0.31,0.23021434
mp-19862,0.34,0.739147
mp-20618,0.31,0.13647185
mp-20627,0.19,0.1950878
mp-2665,0.46,0.25059044
mp-27214,0.31,0.040081725
mp-291,0.27,0.6268405
mp-339,0.37,0.29912055
mp-4630,0.31,0.088516995
mp-684692,0.24,0.39130938
mp-7377,0.24,0.09620194
mp-774155,0.24,-0.03644599
mp-861954,0.34,0.3422162
mp-865669,0.33,0.2374516
mp-866175,0.33,0.33613807
mp-972914,0.33,0.25282484
mp-975364,0.35,0.31786203
mp-977380,0.25,0.41341484
mp-1013526,0.17,0.07046376
mp-10749,0.21,0.30888522
mp-11594,0.31,0.31516975
mp-11658,0.32,0.40372562
mp-1210,0.27,0.9959112
mp-12953,0.33,0.33349073
mp-14763,0.26,0.3929258
mp-15799,0.27,0.16929118
mp-15986,0.29,0.38342112
mp-2283,0.35,0.07154672
mp-29243,0.2,0.19329129
mp-3329,0.33,0.20217319
mp-37906,0.17,0.6587284
mp-4287,0.3,0.25148618
mp-4321,0.21,0.08691685
mp-510409,0.25,0.28393435
mp-559691,0.28,0.23590906
mp-570418,0.23,0.18004741
mp-625,0.29,0.122997895
mp-631398,-0.32,0.2794217
mp-631497,0.65,0.8147014
mp-7000,-0.0,0.45057523
mp-862340,0.27,0.06936698
mp-865433,0.37,0.5222087
mp-865795,0.33,0.32589102
mp-971799,0.34,0.34179217
mp-973564,1.01,0.2885326
mp-976870,0.34,0.48717624
mp-978513,0.28,0.2534623
mp-981368,0.93,0.26722413
mp-999126,0.22,0.055524483
mp-1007690,0.4,0.19300307
mp-1019255,0.27,0.2682948
mp-10652,0.24,0.38302225
mp-1087,0.22,0.085755005
mp-11073,0.3,0.4830255
mp-11555,0.47,0.63063574
mp-11870,0.31,0.31647837
mp-18750,0.33,0.073593065
mp-21104,0.32,0.2302533
mp-21445,0.32,0.20262243
mp-23317,0.16,0.42521554
mp-27421,0.27,0.14691953
mp-28376,0.31,0.43357295
mp-30658,0.42,0.40524256
mp-3207,0.29,0.27214772
mp-381,0.31,0.34014922
mp-568232,0.27,0.5523122
mp-568436,0.24,0.57071733
mp-570791,0.16,-0.1301666
mp-578,0.38,-0.013638392
mp-7240,0.41,0.056570068
mp-729,0.24,0.40656388
mp-865957,0.42,0.35008115
mp-867744,0.3,0.35351843
mp-961658,0.35,0.112676606
mp-971720,0.93,-0.35519254
mp-973396,0.74,0.20877336
mp-979026,0.24,0.25497228
mp-982869,0.27,0.37738353
mp-999269,0.25,0.05903171
mp-1008965,0.49,0.28517628
mp-1018752,0.3,0.18636928
mp-1029420,0.28,0.17358296
mp-10379,0.28,0.38744777
mp-10777,0.25,0.21735667
mp-11566,0.27,0.62623036
mp-12903,0.29,0.18332766
mp-19328,0.32,0.03244883
mp-20735,0.23,0.21260141
mp-2077,0.31,0.40271217
mp-22537,0.4,0.1749114
mp-2649,0.48,0.28771204
mp-30341,0.32,0.586482
mp-3047,0.51,0.21303438
mp-317,0.33,0.109799996
mp-3700,0.32,0.11826675
mp-42,0.36,0.168573
mp-510536,0.32,0.16046868
mp-561598,0.37,0.2974524
mp-567540,0.38,3.2116234
mp-568718,0.2,0.15311886
mp-7247,0.29,0.32596493
mp-7302,0.18,0.28604293
mp-756630,0.25,0.07116775
mp-864884,0.36,0.28859633
mp-865098,0.39,0.3631689
mp-866160,0.35,0.5139677
mp-867876,0.38,0.40434122
mp-977442,0.24,0.48428768
mp-997054,0.31,0.54693216
mp-10078,0.32,0.45444858
mp-1008282,-0.13,-0.077559724
mp-1008349,0.28,0.36202812
mp-1017539,0.39,0.3404554
mp-1018033,0.37,0.29783595
mp-11385,0.23,0.24879237
mp-11820,0.21,0.04201655
mp-13396,0.26,0.3544197
mp-13983,0.22,0.06326507
mp-20892,0.25,0.048791483
mp-22514,0.29,0.077096924
mp-22790,0.31,0.13263582
mp-23237,0.26,0.123382226
mp-23505,-1.13,0.36429632
mp-31171,0.38,0.3347721
mp-3513,0.19,0.22576778
mp-38280,0.21,0.24617492
mp-5326,0.17,0.06378384
mp-568991,0.22,0.10194977
mp-570430,0.31,0.08306123
mp-5934,0.21,0.26378512
mp-607371,0.28,0.23888709
mp-770649,0.23,0.5605574
mp-773044,0.33,-0.011896014
mp-7988,0.32,0.20205133
mp-862974,0.65,0.4336344
mp-865521,0.25,0.5788428
mp-867257,0.29,0.33707786
mp-972949,0.29,0.42007023
mp-972954,0.33,0.29561746
mp-978089,0.38,0.33179635
mp-978596,0.31,0.2402867
mp-983237,0.57,0.10561229
mp-983509,0.32,0.40871876
mp-983555,0.35,0.2662924
mp-10120,0.54,0.35540688
mp-1018142,0.46,0.6215978
mp-10213,0.3,0.26699293
mp-11517,0.3,0.47407287
mp-1249,0.27,0.13956495
mp-13365,0.27,0.06723465
mp-1447,0.34,0.24776174
mp-1804,0.3,0.4577853
mp-20590,0.37,0.30994338
mp-20901,0.29,0.365346
mp-22782,0.67,0.16516547
mp-27294,-0.15,-0.12440294
mp-27971,0.28,0.3062563
mp-31467,0.35,0.53604
mp-559435,0.29,0.20474435
mp-569683,0.43,0.20404424
mp-614185,0.29,0.31304592
mp-631319,0.68,0.20834552
mp-631383,0.42,0.31963634
mp-631467,0.96,0.35314488
mp-631535,0.41,0.24681325
mp-684663,0.86,1.0166447
mp-697126,0.28,0.444367
mp-763099,0.21,0.19331335
mp-861901,0.33,0.1801955
mp-861931,0.3,0.39645398
mp-865985,0.36,0.6042499
mp-867131,0.29,0.24644713
mp-973646,0.34,0.3698619
mp-977430,0.34,0.41423023
mp-978281,0.28,1.3071518
mp-982724,0.35,0.26622164
mp-985283,0.42,0.55857915
mp-9922,0.23,-0.1884297
mp-10026,0.27,0.4605189
mp-1013714,0.28,0.10638718
mp-1016879,0.31,0.20172857
mp-1025335,0.25,0.7072652
mp-1029422,0.33,0.41516
mp-10871,0.57,0.29623753
mp-11202,0.25,0.29064614
mp-12700,0.32,0.19658212
mp-13074,0.29,0.31876355
mp-13311,0.2,0.27755594
mp-136,0.24,0.014540926
mp-13911,0.35,0.14244471
mp-143,0.22,0.39002168
mp-1451,0.34,0.40229088
mp-15322,0.22,0.6137835
mp-1654,0.35,0.26039314
mp-1814,0.38,0.34051162
mp-18257,0.33,-0.088010326
mp-19851,0.21,0.28708488
mp-20352,0.31,0.27987045
mp-20479,0.26,0.27820718
mp-21347,0.26,0.104500994
mp-2484,0.42,0.06368928
mp-28872,0.24,0.07806815
mp-29889,0.31,0.3591481
mp-30183,0.22,0.36184567
mp-30592,0.43,0.24228112
mp-3494,0.33,0.3706525
mp-362,0.31,0.31994045
mp-3623,0.27,0.17848511
mp-3829,0.29,0.4630109
mp-415,0.25,0.3880539
mp-464,0.36,0.50566125
mp-4728,0.31,0.31289488
mp-4744,0.29,0.37357354
mp-547271,0.28,0.18334256
mp-5503,0.3,0.05714242
mp-554822,0.16,0.24432026
mp-571343,0.24,0.22693042
mp-580287,0.39,0.08792801
mp-5982,0.31,0.3068074
mp-606604,0.35,0.18811153
mp-639874,0.35,0.19803353
mp-755690,0.29,0.18242954
mp-7851,0.28,0.007789418
mp-8180,0.24,0.040330395
mp-864647,0.21,0.21117084
mp-864654,0.34,0.3460974
mp-865717,0.29,0.2026944
mp-866165,0.31,0.2559603
mp-961694,0.61,-0.024942055
mp-962075,-0.09,-0.25212494
mp-977589,0.32,0.20953964
mp-1025372,0.3,0.2547099
mp-1523,0.24,0.75653046
mp-20211,0.29,0.16478
mp-20724,0.26,1.4815023
mp-215,0.24,0.24528395
mp-2182,0.37,-0.20704624
mp-2348,0.33,3.1337132
mp-2802,0.29,0.3880915
mp-30621,0.26,0.38534337
mp-333,0.28,0.25469887
mp-33526,0.23,0.18404676
mp-3574,0.34,0.2338833
mp-5012,0.23,-0.0010886639
mp-510417,0.19,0.14595409
mp-510421,0.24,0.308734
mp-5193,0.28,0.12088244
mp-522,0.4,0.44949752
mp-5244,0.24,0.37028813
mp-5348,0.25,-0.32247114
mp-551830,0.25,0.4899394
mp-567630,0.27,0.31182343
mp-571491,0.35,0.1837207
mp-672698,0.61,0.36039138
mp-675477,0.26,-0.03999065
mp-7480,0.26,0.17225821
mp-755313,0.3,0.541646
mp-776320,0.41,0.22226013
mp-793,0.22,0.25066435
mp-862872,0.46,0.357813
mp-864955,0.24,0.02587229
mp-864990,0.27,0.16659899
mp-865000,0.14,0.47847706
mp-9387,0.23,0.26454943
mp-945184,0.29,0.14968376
mp-972103,0.31,0.2985304
mp-989570,0.27,0.21520968
mp-1025246,0.2,0.06783043
mp-10709,0.91,0.22347064
mp-10847,0.28,0.37682515
mp-11833,0.39,0.03806089
mp-13200,0.19,0.29741484
mp-13570,0.23,0.19709383
mp-18966,0.36,0.15457003
mp-20418,0.35,0.30045307
mp-20605,0.3,0.0688981
mp-20619,0.31,0.23133938
mp-20745,0.39,0.34016567
mp-21873,0.29,0.545412
mp-2463,0.25,0.1498286
mp-27608,0.25,0.19408144
mp-28929,0.36,-0.0024866164
mp-3896,0.34,-0.9296445
mp-4076,0.33,0.6253521
mp-438,0.29,0.006178871
mp-505259,0.27,0.16092329
mp-5163,0.35,0.21992706
mp-557257,0.29,0.2772448
mp-560562,0.27,0.22009154
mp-604516,0.33,0.31878597
mp-7339,0.27,-0.052055955
mp-754808,0.26,0.35227364
mp-754978,0.35,0.28922552
mp-774092,0.35,0.1279632
mp-8053,0.31,0.3723988
mp-8320,0.24,0.17673855
mp-849060,0.18,0.19876061
mp-8579,0.32,0.07604514
mp-865230,0.3,0.23926567
mp-961692,1.61,0.14510499
mp-995147,0.58,0.3307402
mp-999096,0.3,0.19484113
mp-1010,0.15,0.28299916
mp-1014212,0.32,0.31324023
mp-1016930,0.3,0.01977913
mp-10270,0.3,0.10915901
mp-15318,0.25,0.3858118
mp-16481,0.3,0.30490512
mp-18875,0.28,-0.010242939
mp-20937,0.28,-0.19328184
mp-23282,0.17,0.6153246
mp-27246,0.34,0.029258877
mp-2748,0.21,0.26323444
mp-29342,0.24,-0.51393074
mp-3289,0.32,0.157308
mp-3595,0.24,0.40579087
mp-4206,0.3,0.11469816
mp-4820,0.3,0.30872852
mp-560865,0.12,0.25111687
mp-571342,0.23,3.1856065
mp-571555,0.28,0.44723088
mp-623646,0.51,0.18598501
mp-631495,0.14,0.023370907
mp-642750,0.29,0.109408215
mp-672337,0.44,0.22876768
mp-672340,0.33,0.3672608
mp-675634,0.33,-0.09943859
mp-680580,0.29,0.23286621
mp-7575,0.21,-0.14545785
mp-864780,0.42,0.42678124
mp-865578,0.23,0.21943657
mp-972882,0.35,0.323776
mp-972966,0.36,0.228
mp-974642,0.29,0.41902673
mp-975222,0.5,0.1590261
mp-996960,0.32,0.14472313
mp-999274,-0.67,-0.30999744
mp-11329,0.25,0.45130068
mp-11350,0.23,0.32609493
mp-11359,0.29,0.43157363
mp-12071,0.33,0.32594502
mp-20233,0.4,0.09382309
mp-27455,0.33,0.37729567
mp-37091,0.25,0.15378596
mp-4495,0.31,0.15121357
mp-5427,0.27,-0.45724022
mp-568555,0.25,0.2938928
mp-570287,0.27,0.194153
mp-7582,0.23,0.13124771
mp-762268,0.24,0.048831895
mp-768358,0.33,0.12735288
mp-7930,0.27,0.65855664
mp-864961,0.45,0.30669028
mp-865002,0.34,0.426789
mp-865444,0.32,0.22744136
mp-867243,0.33,0.2768113
mp-9325,0.25,0.55576235
mp-975053,-0.84,-0.03787218
mp-976872,0.29,0.43589008
mp-980006,0.44,0.37323827
mp-980068,0.34,0.281866
mp-985439,0.26,0.2130182
mp-1002228,0.66,0.5220302
mp-1016108,0.34,0.37222022
mp-1017000,0.33,-0.06036772
mp-12614,0.29,0.044702128
mp-250,0.36,0.2529437
mp-27304,0.23,0.5597383
mp-27691,0.26,0.41823864
mp-3173,0.22,-0.52792794
mp-3455,0.25,0.105370775
mp-5104,0.35,0.09368615
mp-510404,0.32,0.033376947
mp-567981,0.32,0.0401444
mp-5928,0.26,0.3919832
mp-714885,0.26,0.13603894
mp-776083,0.24,0.13987152
mp-776165,0.31,0.047894344
mp-7859,0.34,0.2850393
mp-861896,0.41,0.39151716
mp-862549,0.47,0.26611418
mp-862761,0.44,0.2600723
mp-864599,0.4,0.3328517
mp-864610,0.27,0.25218815
mp-864770,0.25,0.23344819
mp-865107,0.47,0.81339437
mp-865125,0.28,0.13679342
mp-865248,0.32,0.3070724
mp-865664,0.28,0.2249199
mp-866075,0.17,0.25927174
mp-951,0.39,0.16754155
mp-973571,0.25,-0.37752837
mp-975292,0.24,0.012064353
mp-975390,0.3,0.25244474
mp-1001834,0.31,0.32484174
mp-1009206,0.86,0.44398004
mp-1013555,0.21,0.51046425
mp-1025378,0.23,0.4024502
mp-1032,0.21,0.33823848
mp-10953,0.35,0.09606613
mp-12061,0.29,0.34288758
mp-12657,0.21,0.20941128
mp-1557,0.28,0.24693982
mp-16336,0.26,0.3264951
mp-20801,0.52,0.5077313
mp-21413,0.27,0.2508247
mp-2206,0.38,0.118954316
mp-22961,0.29,0.33608657
mp-23253,0.47,0.053062066
mp-2838,0.31,0.19982986
mp-4840,0.29,0.46405584
mp-4936,0.46,0.29645652
mp-568505,0.22,-0.38421196
mp-754084,0.32,0.2866996
mp-8310,0.34,0.2796721
mp-8426,0.28,0.4064656
mp-862318,0.26,0.35903013
mp-867821,0.32,0.2786671
mp-867838,-0.16,0.37712032
mp-9158,0.29,0.26329792
mp-973622,0.14,0.059659407
mp-973636,0.26,0.29515475
mp-973652,0.38,0.20097755
mp-973785,0.52,0.48678428
mp-975236,0.11,0.21398868
mp-976588,0.23,0.7077825
mp-977,0.36,0.20533825
mp-977230,0.35,0.39965165
mp-977239,0.4,0.32864946
mp-981336,0.56,-0.08727443
mp-983603,0.3,0.21342681
mp-985554,0.28,0.3282501
mp-9873,0.17,0.2704532
mp-999294,0.35,0.35409778
mp-1018702,0.26,0.13674746
mp-1058,0.41,0.33752316
mp-13449,0.11,-0.5727936
mp-15965,0.24,0.38952202
mp-20350,0.32,0.34245163
mp-20457,-0.81,0.19542815
mp-21158,0.31,0.3232296
mp-248,0.34,0.098882005
mp-2509,0.31,0.4038493
mp-2744,0.31,0.87162524
mp-29647,0.28,0.23200805
mp-4756,0.26,0.4335109
mp-556777,0.27,0.34193152
mp-557837,-0.01,-0.10314551
mp-560936,0.2,0.36747628
mp-571172,0.18,0.758884
mp-675926,0.26,0.42815053
mp-7781,0.27,0.15809153
mp-7917,0.23,0.22268163
mp-812,0.3,0.2254663
mp-865093,0.37,0.43853462
mp-866287,0.41,0.30661005
mp-867899,0.39,0.19604011
mp-974417,0.4,-0.026052192
mp-975347,0.3,0.048842028
mp-978270,0.31,0.1880732
mp-979176,0.35,0.35363197
mp-997085,0.34,0.113748685
mp-998908,0.33,1.5002546
mp-999002,-0.52,0.120736346
mp-1018751,0.33,0.08541207
mp-11546,1.0,1.3835969
mp-11687,0.23,0.21704166
mp-140,0.44,1.7603573
mp-16755,0.25,-0.07282579
mp-20868,0.28,0.24553846
mp-23297,0.29,0.24056764
mp-31380,0.35,0.35996228
mp-3397,0.3,0.041667953
mp-4798,0.17,-0.06597155
mp-510691,0.26,0.26351744
mp-5238,0.29,0.27075523
mp-540783,0.24,0.43329448
mp-545344,0.34,0.3489042
mp-567345,0.38,0.099976525
mp-569385,0.26,0.27953374
mp-754363,0.27,0.2997316
mp-7655,0.2,0.9724603
mp-7881,0.37,0.4012894
mp-8102,0.36,-0.21758805
mp-864602,0.29,0.08158173
mp-865194,0.38,0.20353286
mp-865516,0.35,0.4492314
mp-866001,0.28,0.13627441
mp-9463,0.2,0.22007118
mp-960,0.28,0.2847783
mp-971853,0.59,0.13082458
mp-975797,0.25,0.3306774
mp-976185,0.33,0.084566906
mp-978273,0.33,0.15387742
mp-9843,0.26,0.36681563
mp-9939,0.22,0.1890739
mp-9954,0.28,0.73467827
mp-1006882,0.44,0.36720413
mp-1008568,0.3,0.9950604
mp-1020011,0.18,0.45170987
mp-1029580,0.32,0.5006406
mp-12062,0.44,-0.63018554
mp-16378,4.61,0.092661425
mp-16886,0.39,0.5263982
mp-21294,0.29,0.37713426
mp-2252,0.12,1.1784021
mp-23704,0.24,0.3946373
mp-2404,0.21,0.15871583
mp-30,0.34,0.37929088
mp-30161,0.39,0.3061844
mp-31348,0.25,0.36018866
mp-33363,0.22,0.121143326
mp-4054,0.24,0.054751113
mp-4954,0.31,0.15476362
mp-559612,0.21,0.22489415
mp-569624,0.34,0.24340366
mp-753506,0.26,-0.16102782
mp-755586,0.33,0.39407575
mp-7748,0.22,-0.01771529
mp-775296,0.32,0.020817235
mp-777479,0.27,0.13750292
mp-861958,0.34,0.2910757
mp-862377,0.29,0.46745038
mp-864897,0.37,0.45907992
mp-865560,0.23,0.5795548
mp-865969,0.33,0.3282184
mp-866201,0.63,1.0701762
mp-975769,0.32,0.56617117
mvc-11548,0.3,0.32166225
mp-1021511,0.29,0.5269945
mp-1471,0.27,0.18547826
mp-18762,0.32,-0.04983799
mp-18903,0.32,0.34896642
mp-20131,0.37,0.31798452
mp-20453,0.61,0.34676522
mp-2071,0.27,0.66591823
mp-21235,0.31,-0.11031255
mp-22044,0.28,0.14935975
mp-2728,0.22,-1.5530183
mp-27475,0.27,-0.049799144
mp-31031,0.31,0.08431785
mp-32780,0.27,0.7224641
mp-5175,0.24,0.0880038
mp-5383,0.29,-0.17198637
mp-554973,0.34,0.082754
mp-556235,0.31,-0.05710949
mp-567771,0.22,0.29586202
mp-569402,0.3,1.0810357
mp-580,0.11,0.6503527
mp-696497,0.28,-0.04500927
mp-7390,0.2,1.0874563
mp-7473,0.31,0.29468238
mp-7903,0.31,0.16942663
mp-8299,0.22,0.17584352
mp-8608,0.34,0.48916757
mp-861995,0.37,0.051224694
mp-866376,0.3,0.06856774
mp-867306,0.4,0.43766195
mp-961697,0.37,0.35739225
mp-972961,0.34,0.33513254
mp-976254,0.47,0.3020538
mp-979910,0.43,0.35144788
mp-985059,0.29,0.16673271
mp-999437,0.5,0.28556758
mp-999450,0.19,0.3460421
mp-1009836,0.38,0.73547167
mp-10136,0.2,0.77059466
mp-1016829,0.42,0.15073918
mp-1018042,0.38,-0.41984797
mp-12806,0.3,0.31922942
mp-13920,0.28,0.023715347
mp-1743,0.26,0.3947543
mp-20889,1.08,0.15763609
mp-20895,0.32,0.8007553
mp-2092,0.31,0.77016705
mp-21255,0.27,0.2987432
mp-22853,0.28,0.1023875
mp-2826,0.32,0.2599243
mp-30374,0.41,0.4002096
mp-30856,0.36,-0.039580494
mp-3283,0.3,0.21844737
mp-4586,0.29,0.28966457
mp-475,0.12,0.12841277
mp-58,0.44,0.4989863
mp-631314,0.47,0.40410578
mp-650,0.15,0.18595009
mp-752849,0.29,0.25505602
mp-833,0.33,0.56010413
mp-8368,0.33,0.1991437
mp-8560,0.34,0.6080066
mp-862664,0.3,0.069680914
mp-863744,0.31,0.11517431
mp-866177,0.42,0.50182474
mp-866299,0.32,0.23017095
mp-8818,0.26,0.37917566
mp-973053,0.3,0.2300779
mp-974452,0.48,-0.25848353
mp-976799,0.37,0.2602126
mp-981215,0.34,0.37168747
mp-989513,0.3,0.41531152
mp-1019138,0.29,0.072188124
mp-1025280,0.26,0.1906219
mp-10371,0.3,0.17737864
mp-10750,0.24,0.20587139
mp-12981,1.02,0.3399495
mp-131,0.34,1.3012699
mp-1334,0.28,0.44897407
mp-20754,0.26,0.280195
mp-20924,0.29,-0.019918025
mp-21149,0.27,0.13702284
mp-2306,0.22,0.3736614
mp-2658,0.27,0.4466713
mp-27849,0.27,0.15349738
mp-2841,1.05,1.178103
mp-30042,0.33,0.23782568
mp-30234,0.31,0.361041
mp-3292,0.25,0.13040684
mp-5558,0.32,0.16459714
mp-556264,0.21,0.3892858
mp-582028,0.33,0.25575513
mp-631294,0.6,-0.23581187
mp-862677,0.33,0.33941448
mp-865039,0.4,0.49580753
mp-865185,0.25,0.16563158
mp-865231,0.27,0.24047376
mp-865298,0.45,0.39840072
mp-865993,0.35,0.2914216
mp-866153,0.51,0.48326153
mp-867701,0.3,0.023943633
mp-90,0.29,0.28889704
mp-9755,0.33,-0.04429449
mp-977310,0.43,0.37668788
mp-989579,0.28,0.24886052
mp-998899,0.53,0.85336405
mp-1007776,0.02,0.48857427
mp-1022724,0.26,-0.28264832
mp-10756,0.48,0.29397446
mp-11180,0.32,-0.044896916
mp-12007,0.3,0.117746994
mp-1246,0.61,-0.059545398
mp-12777,0.34,0.2472712
mp-13154,0.3,0.24224998
mp-13164,0.31,0.026889786
mp-1361,0.28,-1.1243113
mp-13962,0.22,0.20225872
mp-15619,0.21,-0.24742149
mp-17659,0.35,-0.05169137
mp-17856,0.26,0.06945367
mp-19929,0.33,0.29341906
mp-28938,0.25,0.49654716
mp-350,0.27,0.26635182
mp-3536,0.27,0.18896507
mp-387,0.27,0.22956689
mp-4007,0.26,0.33001631
mp-4474,0.24,0.024042994
mp-4938,0.26,0.25732535
mp-568066,0.25,0.037577465
mp-646507,0.3,0.30652684
mp-697038,0.27,0.43010527
mp-753326,0.38,0.33067816
mp-8176,0.35,0.24876888
mp-862264,0.34,0.3023687
mp-865081,0.37,0.2637574
mp-865432,0.33,0.42101824
mp-865800,0.25,0.17184146
mp-909,0.25,0.4849847
mp-973554,-0.12,0.08264221
mp-1002122,0.47,-1.9052769
mp-1008489,0.58,0.2900772
mp-1009755,0.12,-0.93986076
mp-1009835,0.41,0.1479976
mp-1025288,0.23,-0.12483393
mp-1029359,0.19,0.03821443
mp-10695,0.29,0.53669083
mp-1090,0.25,0.3785835
mp-10908,0.37,0.3656292
mp-1220,0.16,0.07578488
mp-20318,0.27,0.27006817
mp-20930,0.36,0.29818094
mp-21076,0.33,0.15414964
mp-21143,0.42,0.46473873
mp-2186,0.31,0.71083266
mp-22464,0.19,0.1383922
mp-22689,0.48,1.2941979
mp-23102,0.28,0.18693326
mp-23485,0.29,0.25906503
mp-2674,0.3,0.36336273
mp-2725,0.29,0.06624772
mp-2903,0.22,0.25095117
mp-2924,0.29,0.3035568
mp-2967,0.26,0.20181005
mp-31173,0.37,0.33847737
mp-3671,0.26,0.09574871
mp-4887,0.31,0.2894848
mp-556242,0.33,0.120392516
mp-644693,0.94,0.36350286
mp-669347,0.34,0.5213327
mp-7114,0.4,0.16750552
mp-754825,0.22,0.29504484
mp-7592,0.5,0.5967496
mp-760375,0.28,0.06152694
mp-862372,0.32,0.32203114
mp-8636,0.72,0.29042536
mp-865048,0.3,0.7013493
mp-865534,0.06,0.16158347
mp-978291,0.16,0.43592197
mp-1017546,0.31,0.38188595
mp-1017582,0.21,0.14511575
mp-1025075,0.29,0.15361063
mp-1025224,0.22,0.1791072
mp-1025281,0.27,0.77146083
mp-11294,0.27,0.2903183
mp-11620,-0.11,0.3839978
mp-1256,0.21,0.14598887
mp-12783,0.25,0.35049516
mp-23907,0.5,0.46131337
mp-28163,0.34,0.24105705
mp-29026,0.33,0.39908427
mp-29754,0.28,0.23135637
mp-3022,0.48,0.3241225
mp-372,0.3,0.04362683
mp-3726,0.34,0.35808492
mp-3758,0.24,0.063121065
mp-4997,0.23,0.2053973
mp-538,0.28,0.39112538
mp-5387,0.33,0.062086478
mp-546200,0.25,0.2255572
mp-553243,0.27,0.13698922
mp-568018,0.28,0.07485603
mp-568630,0.38,0.2570237
mp-568848,0.25,-0.11186884
mp-570832,0.31,0.28316838
mp-573755,0.35,0.21967058
mp-7439,0.31,0.15796714
mp-8557,0.31,0.347207
mp-861619,0.71,0.09435643
mp-862878,0.66,0.54555905
mp-865316,0.36,-0.08642705
mp-865840,0.28,0.2762435
mp-867272,0.3,0.2793026
mp-8976,0.24,0.33098978
mp-974938,-2.95,-0.04153475
mp-998949,0.46,0.13376991
mp-998988,0.38,6.9252257
mvc-3525,0.29,-0.13184547
mp-1008490,0.49,0.12460481
mp-1009222,0.19,0.6789918
mp-1017,0.32,0.12283428
mp-11534,0.23,-0.06827317
mp-1253,0.25,0.13477416
mp-12769,0.36,0.26888835
mp-13190,0.28,0.42532104
mp-1754,0.29,0.3081146
mp-20459,0.24,0.13805191
mp-20820,0.37,0.4091745
mp-20864,0.6,0.34320885
mp-21035,0.19,0.22426619
mp-21186,0.52,0.30135828
mp-2199,0.31,0.2702471
mp-2267,0.15,0.79783374
mp-2696,0.3,0.59838426
mp-27335,0.27,0.20002227
mp-27747,0.23,0.3023191
mp-29678,0.38,-0.11138244
mp-30530,0.43,0.20616005
mp-3216,0.17,0.5594786
mp-3437,0.24,0.10781579
mp-3736,0.33,0.3950888
mp-567996,0.27,0.28130484
mp-569931,0.21,0.25494462
mp-635,0.3,0.2781697
mp-675701,0.23,0.35726655
mp-6915,0.28,0.30414295
mp-863720,0.39,0.7222431
mp-864617,0.27,0.6576168
mp-864661,0.34,0.36766785
mp-865219,0.31,0.20145698
mp-865569,0.3,0.12669255
mp-867327,0.3,0.55568796
mp-867338,0.65,0.5388016
mp-867904,0.31,0.44652146
mp-9061,0.36,0.19409813
mp-975288,0.27,0.20827635
mp-977415,0.37,0.37479925
mp-979956,0.32,0.20178722
mp-999121,0.25,0.11713688
mp-1008523,0.09,0.3065961
mp-1016884,0.2,0.047314808
mp-1018024,0.27,0.015375927
mp-1027164,0.22,0.34052283
mp-1029385,0.2,0.3163365
mp-10669,0.24,0.24305712
mp-10782,0.22,0.14406984
mp-11190,0.17,0.2527454
mp-1601,0.39,-0.005049661
mp-1719,0.25,0.4043694
mp-20512,0.21,0.24943228
mp-22275,0.33,0.22333594
mp-22447,0.28,-0.07372697
mp-27243,0.27,0.7417647
mp-31503,0.25,-0.0025838315
mp-542429,0.32,0.20968266
mp-625136,0.29,0.3440321
mp-754401,0.29,0.14695181
mp-758594,0.29,0.16988759
mp-7600,0.26,0.06652127
mp-7909,0.24,0.43761712
mp-924128,0.19,0.18792175
mp-9562,0.22,0.17532043
mp-973684,0.58,0.3413549
mp-983230,0.85,1.186532
mp-1001790,0.26,0.19174646
mp-1005693,0.36,0.25447094
mp-1009087,0.19,0.40154237
mp-1016836,0.43,0.17695923
mp-1038767,0.33,-0.056841522
mp-10856,0.22,0.1534505
mp-109,0.26,0.3740843
mp-11256,0.34,0.20524909
mp-12059,0.22,0.1287268
mp-14105,0.35,0.21928008
mp-15788,0.26,0.17211945
mp-1609,0.33,0.21498655
mp-20522,0.3,0.53896374
mp-30594,0.35,0.23247804
mp-3286,0.26,0.18100779
mp-395,0.18,0.38582104
mp-40204,0.35,0.39192194
mp-510380,0.22,0.2806074
mp-568349,0.28,0.51945543
mp-569708,0.3,0.37554532
mp-639659,0.34,0.28005594
mp-675283,-0.05,0.043024793
mp-760400,0.22,-0.21436718
mp-7940,0.24,0.5087171
mp-865471,0.35,-0.02121143
mp-865495,0.31,0.05966957
mp-865714,0.4,0.32316947
mp-8883,0.23,-0.046237558
mp-9172,0.27,0.18406193
mp-941221,0.28,0.5877318
mp-971701,0.75,0.13788141
mp-977112,0.24,-0.04133813
mp-978085,0.38,0.3786717
mp-981376,0.32,0.30344987
mp-983566,1.05,0.30179542
mp-996983,0.38,0.28582305
mp-998861,1.21,0.87256116
mvc-15603,0.38,0.2869537
mp-10051,0.4,0.5991673
mp-1009832,0.34,0.024491474
mp-1016820,0.13,0.017588481
mp-1025134,0.36,0.16656263
mp-10670,0.21,-0.10599974
mp-1174,0.26,0.34679317
mp-13915,0.38,0.27242398
mp-27974,0.32,0.31360608
mp-2839,0.35,0.9282438
mp-36699,0.31,0.254346
mp-390,0.36,0.19197427
mp-4989,0.3,0.6210348
mp-5578,0.29,0.3872754
mp-562468,0.32,0.32574785
mp-567389,0.46,0.5029414
mp-570845,0.29,0.5751247
mp-574283,0.35,0.31427002
mp-676,0.29,0.43839294
mp-715482,0.28,0.20873554
mp-755264,0.21,0.88851506
mp-7615,-0.85,0.5928896
mp-862334,0.31,0.1941501
mp-862721,0.41,0.41053212
mp-862902,0.24,0.17426701
mp-863671,0.34,0.25000328
mp-864748,0.25,0.09566577
mp-865111,0.37,0.44874734
mp-865926,0.34,0.43403763
mp-9177,0.2,0.26398462
mp-961665,0.23,0.30424452
mp-974464,8.34,0.5433043
mp-977427,0.35,0.3334188
mp-979272,0.53,0.16001321
mp-980055,0.28,0.36345863
mp-996162,0.23,0.08622433
mp-10048,0.32,0.9712871
mp-10143,0.51,1.1080248
mp-1019086,0.09,-0.53362507
mp-1029730,0.3,0.43795598
mp-1039075,0.51,0.7361025
mp-10872,0.44,0.42808372
mp-12101,0.31,0.31869614
mp-12480,0.3,0.17596261
mp-1559,0.22,0.25341403
mp-16646,0.33,0.16792385
mp-20648,0.29,-0.1728724
mp-23513,0.29,0.55151695
mp-239,0.26,-0.0971324
mp-2809,0.27,0.00074221194
mp-30247,0.2,0.5462581
mp-30427,0.25,0.0892034
mp-542112,0.37,0.010417387
mp-5475,0.22,0.07609187
mp-557,0.14,0.1541241
mp-558645,0.13,0.4236843
mp-5621,0.24,0.13859461
mp-571271,0.31,0.13013883
mp-613523,0.33,-0.100480095
mp-760482,0.24,0.24142407
mp-761512,0.7,0.012367755
mp-7711,0.37,0.9331657
mp-850275,0.26,0.026033625
mp-862300,0.33,0.15942176
mp-862775,0.37,0.29095954
mp-867217,0.3,0.34607184
mp-867896,0.36,0.20647638
mp-935811,0.28,0.2547753
mp-973556,0.21,0.7981109
mp-974843,0.75,0.17500983
mp-987,0.37,-0.0081871
mp-9925,0.17,0.2114745
mp-9953,0.26,0.45510787
mp-1018732,0.32,0.06275411
mp-10224,-4.87,-0.13428971
mp-1025201,0.38,0.32321352
mp-11249,0.34,0.015826657
mp-13512,0.3,0.3240745
mp-15800,0.33,0.17381115
mp-16860,0.3,-2.4854624
mp-17701,0.28,0.58041006
mp-182,0.26,0.13608907
mp-18969,0.52,0.14318018
mp-20033,0.34,0.41458768
mp-20194,0.32,0.4236908
mp-20757,0.26,0.17048399
mp-21031,0.49,0.23547365
mp-22440,0.27,0.38550752
mp-22913,0.37,0.32977378
mp-2318,0.33,0.107021734
mp-25372,0.27,0.22509284
mp-27562,0.33,0.107081816
mp-30495,0.31,0.45032704
mp-480,0.32,0.2683543
mp-5159,0.48,0.40438992
mp-7387,0.33,0.2943961
mp-776264,0.23,-0.0013836175
mp-861966,0.41,0.31562358
mp-862981,0.29,0.1900432
mp-865022,0.28,0.21399383
mp-865364,0.32,0.3591584
mp-867198,1.14,0.27964002
mp-9969,0.22,0.23420186
mp-997010,0.4,0.342534
mp-1009504,0.09,0.2677707
mp-1017467,-0.11,0.15396072
mp-1022583,0.27,0.30273432
mp-1022728,0.35,0.22892188
mp-1023934,0.23,0.36533624
mp-10686,0.81,0.39450037
mp-12385,0.26,0.31683224
mp-13993,0.23,0.2861241
mp-1424,0.34,0.04483612
mp-19821,0.32,0.08608912
mp-20944,0.29,0.12836628
mp-20994,0.29,0.16606505
mp-2273,0.38,0.5237722
mp-23085,0.34,0.12527685
mp-23208,0.26,0.20709242
mp-2699,0.23,0.21581908
mp-631322,0.46,0.029780105
mp-672661,0.39,-0.17982723
mp-6963,0.34,0.18107562
mp-752602,0.31,0.11087625
mp-76,0.27,0.74472326
mp-8132,0.23,0.010024741
mp-8375,0.39,0.1006922
mp-864925,0.26,0.0971569
mp-973156,0.34,-0.0030504614
mp-973199,0.46,0.3616053
mp-1007908,0.26,0.005528629
mp-10086,0.28,0.21103619
mp-1009657,0.3,-0.8698449
mp-1011376,0.48,0.2641452
mp-1025271,0.34,0.27050787
mp-1025322,0.25,0.08903609
mp-1029037,0.21,0.34638047
mp-1029868,0.3,0.39881045
mp-10676,0.21,0.2872762
mp-11267,0.4,0.11303215
mp-11537,0.28,0.595594
mp-11557,0.35,0.33628994
mp-14568,0.28,-0.0721544
mp-20430,0.43,0.39597756
mp-21003,0.25,0.13682728
mp-21342,0.44,0.40035653
mp-2136,0.11,0.23288725
mp-2137,0.3,-0.0020379126
mp-2627,0.22,0.6927685
mp-2947,0.29,0.3945995
mp-3731,0.26,0.14827727
mp-567612,0.37,0.2976256
mp-5878,0.29,0.1429757
mp-631428,0.64,-0.015024379
mp-674478,0.38,-0.22654533
mp-753982,0.29,0.023927316
mp-756018,0.28,0.22905879
mp-862996,0.31,0.24768789
mp-864950,0.3,0.34062797
mp-865928,0.33,0.19179465
mp-867773,0.3,0.21102796
mp-974061,0.23,0.07140429
mp-976334,0.28,0.5654399
mp-981250,0.43,0.07343073
mp-999287,0.28,0.0168114
mvc-11226,0.49,0.6677491
mp-1009496,0.53,0.2079613
mp-1018009,0.19,0.25212872
mp-1018164,0.46,0.27856278
mp-1025323,0.3,0.09424724
mp-11750,0.22,0.43334877
mp-11755,0.26,0.4253127
mp-15316,0.27,0.10154374
mp-196,0.23,0.28381735
mp-20422,0.27,0.1964214
mp-21286,0.31,0.14206557
mp-22072,0.02,0.14600866
mp-2237,0.35,0.20371933
mp-23084,0.32,0.3859824
mp-23263,0.28,0.43479037
mp-24719,0.35,0.6102182
mp-25886,0.22,-0.016051278
mp-305,0.29,0.42406148
mp-31152,0.37,0.12345649
mp-31383,0.28,0.4284563
mp-34139,0.34,0.30120456
mp-34993,0.18,0.12715475
mp-3654,0.26,0.13431065
mp-510624,0.24,0.0038221031
mp-544,0.46,-0.2684778
mp-568806,0.17,0.1668893
mp-570460,0.37,0.08822651
mp-570752,0.54,0.6395426
mp-571279,0.22,-0.87032074
mp-5839,0.24,0.12733714
mp-643273,0.35,0.3529178
mp-676290,0.27,0.6915423
mp-7470,0.32,0.3019156
mp-838,0.5,0.034839556
mp-864837,0.35,0.24650876
mp-864931,0.29,-0.05996692
mp-867119,0.41,0.26855916
mp-8697,0.29,0.22655772
mp-962062,0.47,-0.040186077
mp-978533,0.53,0.23637478
mp-9968,0.23,0.14434461
mp-10060,0.47,0.25397182
mp-1018103,0.39,1.8022197
mp-1025229,0.27,-0.035020575
mp-10897,0.28,0.32905763
mp-11809,0.2,0.22207852
mp-13447,0.3,-0.1014189
mp-13535,0.35,0.33323592
mp-16753,0.22,0.31350297
mp-19424,0.32,0.5609362
mp-2311,0.26,0.30222213
mp-2422,0.22,0.111209735
mp-2852,0.15,-0.30670658
mp-30878,0.35,0.5483908
mp-4238,0.3,0.4160902
mp-569247,0.29,0.0751559
mp-570014,0.34,0.08016677
mp-570303,0.34,0.4653355
mp-5862,0.31,-0.097172104
mp-6959,0.25,0.16764466
mp-6961,0.38,0.24932285
mp-7073,0.44,0.3524601
mp-8639,0.25,0.58488536
mp-864909,0.32,0.51235056
mp-866134,0.3,-0.123566814
mp-8670,0.25,0.36380535
mp-961693,0.32,1.330367
mp-973689,0.22,0.43414587
mp-995,0.31,0.056513295
mp-998987,0.36,1.1924113
mp-999086,0.29,-0.030102268
mp-1014460,0.1,0.20889716
mp-1025180,0.23,0.55875915
mp-11541,0.3,0.3124982
mp-1275,0.28,0.34365243
mp-13946,0.3,0.21212853
mp-13948,0.31,0.2788797
mp-19312,0.28,0.44612873
mp-19399,0.27,0.39505774
mp-20181,0.25,0.37610698
mp-20664,0.36,0.12048523
mp-2211,0.31,0.47501504
mp-22351,0.26,0.10885058
mp-22873,0.27,-0.6162783
mp-249,0.24,0.484416
mp-2600,0.31,0.112548485
mp-27182,0.35,0.25358272
mp-30586,0.33,0.2588259
mp-3241,0.26,0.24167691
mp-5149,0.3,0.4406879
mp-560956,0.26,0.45883578
mp-560976,0.27,0.19575535
mp-570670,0.39,0.37113994
mp-644500,0.3,0.5252554
mp-676540,0.3,0.24650498
mp-753260,0.41,0.5066121
mp-755293,0.2,0.25290442
mp-7949,0.41,0.31285232
mp-862743,0.44,0.40750748
mp-864893,0.38,0.42182326
mp-864926,0.38,0.37295657
mp-9023,0.26,0.2487263
mp-975368,0.43,0.43751723
mp-978009,0.36,0.3492893
mp-978862,0.32,0.186839
mp-980947,0.36,0.28318208
mp-984051,-0.29,0.19354941
mp-989532,-0.11,0.37129062
mp-989538,0.35,0.26816505
mvc-15387,0.31,0.250265
mp-10778,0.25,0.114662424
mp-11667,0.21,0.74859875
mp-1224,0.32,0.34229618
mp-16334,0.3,0.15674885
mp-1646,0.31,0.37471384
mp-19983,0.28,0.16633354
mp-2053,0.3,0.39905816
mp-22866,0.25,-0.09773843
mp-2337,0.3,0.15908901
mp-2532,0.35,0.38743365
mp-2747,0.3,0.6749449
mp-353,0.5,0.6412113
mp-567703,0.3,0.255064
mp-567724,0.34,-0.07838403
mp-569426,0.31,0.15206508
mp-609151,0.33,-0.07160418
mp-673635,0.3,0.18012623
mp-6912,0.36,0.16354279
mp-705519,0.29,0.5043973
mp-7237,0.16,0.26014692
mp-753605,0.24,0.22057916
mp-864922,0.41,0.5197329
mp-865360,0.37,0.17839186
mp-865486,0.34,0.035491243
mp-865845,0.3,0.32024866
mp-867769,0.32,0.32913142
mp-961650,4.94,-0.014871225
mp-972877,0.31,0.25951576
mp-974426,0.51,0.4196512
mp-996940,0.31,0.4834792
mp-1006887,0.36,0.2706741
mp-1021666,0.58,0.6100587
mp-1025262,0.26,0.12206219
mp-10264,0.3,0.42622906
mp-1038972,0.22,-0.3690498
mp-11278,0.24,0.17218603
mp-12266,0.31,0.15380009
mp-13545,0.36,-0.076498345
mp-1671,-12.63,-1.5915343
mp-1695,0.28,0.31987125
mp-20372,0.27,0.22339563
mp-21067,0.31,0.16505171
mp-21862,0.35,0.111446634
mp-23046,0.33,0.12001361
mp-23179,0.36,-0.5043254
mp-310,0.62,0.123506084
mp-31624,0.26,0.22712822
mp-545788,0.29,-0.087273106
mp-551886,0.25,-0.038452327
mp-567480,0.4,0.32526487
mp-567705,0.2,0.32602507
mp-571665,0.49,0.19615941
mp-631387,0.49,0.23715113
mp-642644,0.38,0.29558545
mp-644280,0.33,0.044351444
mp-761873,0.36,0.19247194
mp-865898,0.3,0.27373254
mp-866128,0.23,0.22570018
mp-976976,0.36,0.6052527
mp-977181,0.44,0.35132533
mp-984552,0.81,0.16519235
mp-984876,0.32,-0.049349934
mp-989536,-0.75,0.38044685
mp-997005,0.36,0.41733497
mp-1009663,0.59,0.30331415
mp-10413,0.44,0.018685788
mp-19062,0.26,0.17804213
mp-20191,0.29,0.30356073
mp-2247,0.37,0.6023373
mp-31457,0.35,1.5476397
mp-4366,0.3,0.4083706
mp-567505,0.16,-0.09582588
mp-567912,0.35,0.5184098
mp-570689,0.34,0.20291112
mp-625397,0.34,0.60763484
mp-636331,0.36,0.08046721
mp-6870,0.21,0.24994932
mp-690535,0.26,0.52524585
mp-753081,0.33,0.18226032
mp-753371,0.42,0.38735116
mp-754150,0.33,0.3391981
mp-7544,0.28,0.53523946
mp-8397,0.45,0.13975812
mp-866002,0.32,0.38460666
mp-866203,0.32,0.25464958
mp-975200,0.84,0.27650267
mp-975296,0.45,0.16024823
mp-979984,0.35,0.4071375
mp-980063,0.27,0.2733932
mp-989530,0.3,0.4208119
mp-989605,0.31,0.41415256
mp-997181,0.28,-0.00797914
mp-1018119,0.93,0.26220274
mp-1025309,0.25,0.7829398
mp-12620,0.27,0.20031564
mp-13134,0.43,0.35215354
mp-13944,0.13,0.31488317
mp-1395,0.36,0.4039755
mp-20497,0.28,0.36127537
mp-20663,0.23,0.26987106
mp-20821,0.21,-0.114437565
mp-20950,0.38,0.17760144
mp-23330,0.27,0.1042351
mp-2648,0.25,0.2745371
mp-27409,0.4,0.59608185
mp-2976,0.57,0.32053477
mp-3805,0.24,0.23755793
mp-3839,0.28,0.24275903
mp-3881,0.32,0.0121420175
mp-505820,0.28,0.047543928
mp-546279,0.24,0.068165764
mp-552028,0.31,0.40455514
mp-557403,0.3,0.20903756
mp-559939,0.32,0.081298545
mp-570687,0.42,0.46093547
mp-585,0.23,0.21129252
mp-5971,0.35,0.31777608
mp-631547,6.67,0.2870683
mp-7427,0.27,-0.007446751
mp-7779,0.33,0.798482
mp-8399,0.04,0.19065534
mp-864775,0.41,0.39098245
mp-866022,0.38,0.2899673
mp-866224,0.36,0.22504185
mp-961687,0.26,1.5389394
mp-972310,0.36,0.3665536
mp-977110,0.12,0.32816845
mp-979968,0.26,0.38435346
mp-999378,0.9,0.27930152
mp-1006884,1.45,0.6022419
mp-1009582,0.46,-0.4062367
mp-1025136,0.21,0.11782344
mp-12550,0.32,0.32437086
mp-13503,0.25,0.13983597
mp-15684,0.3,0.41469747
mp-15821,0.17,0.8129718
mp-16320,-3.58,0.16837664
mp-19717,0.25,0.42678523
mp-22240,0.22,0.33050865
mp-2432,0.24,0.50070137
mp-27226,0.26,0.47293788
mp-30787,0.3,0.21876408
mp-510374,0.06,0.25363195
mp-715,0.28,0.120680675
mp-7225,0.27,0.16130762
mp-772099,0.33,0.17971258
mp-849459,0.23,0.1274554
mp-861918,0.35,0.18676035
mp-862561,0.26,0.15053616
mp-862767,0.29,0.28529
mp-863713,0.38,0.23307692
mp-864741,0.34,0.51549536
mp-865118,0.36,0.45686573
mp-865804,0.91,0.31341237
mp-866298,0.28,0.09464146
mp-867114,0.33,0.28416902
mp-8871,0.3,0.10015206
mp-937760,0.2,-0.6916776
mp-9391,0.25,0.1354845
mp-973606,0.36,0.3901562
mp-973613,0.44,0.12209137
mp-973894,0.29,0.34001952
mp-975394,0.5,0.29512078
mp-976181,0.14,0.06908701
mp-976818,0.35,0.22261916
mp-978268,0.37,0.11090429
mp-979011,0.26,0.6171276
mp-999145,0.34,0.3096009
mp-1016821,0.22,-0.048691243
mp-1016928,0.21,-0.06941782
mp-15697,0.18,0.46216267
mp-20012,0.27,0.6489654
mp-21098,0.42,0.53788024
mp-2333,0.31,0.6357718
mp-24084,0.19,0.4540761
mp-30338,0.23,0.5692587
mp-3277,0.16,0.21124242
mp-3889,0.32,0.26265723
mp-436,0.36,0.68135506
mp-568293,0.27,0.5653687
mp-7363,0.31,0.41891438
mp-754628,0.4,0.5772057
mp-756361,0.33,-0.054111883
mp-862899,0.32,0.23566215
mp-864988,0.28,0.17784859
mp-865131,0.39,0.3777569
mp-971753,0.55,0.73576134
mp-975138,0.23,0.120829865
mp-9828,0.31,-1.0017585
mp-989564,0.3,0.24172784
mp-999264,0.3,-0.3740567
mvc-2597,0.42,0.22968979
mp-1002165,0.23,0.64230925
mp-1007691,0.36,0.613011
mp-11504,0.3,0.11355965
mp-12537,0.19,-1.0658551
mp-12736,0.4,0.27088016
mp-1514,0.12,0.38123626
mp-20351,0.28,0.030474976
mp-21865,0.62,0.1355633
mp-22700,0.22,0.40103287
mp-22980,0.26,0.032411218
mp-28024,0.33,0.1388915
mp-31453,0.38,-0.45456654
mp-3166,0.28,0.3472014
mp-41283,1.99,0.22224616
mp-4374,0.44,0.061683998
mp-4955,0.28,0.20505358
mp-541431,0.29,0.32049143
mp-567574,0.22,0.37395352
mp-572758,0.21,0.015984938
mp-631452,0.51,0.23701881
mp-632319,0.31,1.0391614
mp-675287,0.47,0.4279322
mp-696166,0.34,0.60677356
mp-764744,-0.05,0.22982483
mp-773525,0.33,0.31721222
mp-862700,0.28,0.3712287
mp-865735,0.14,0.51853377
mp-866003,0.24,0.63063663
mp-867918,0.44,0.1921842
mp-8873,0.17,0.21884431
mp-972657,0.44,0.240503
mp-977107,0.35,0.08400102
mp-983559,0.22,0.21569113
mvc-3224,-0.35,0.21735208
mp-1018149,0.33,0.75456446
mp-12073,0.24,-0.12956716
mp-13097,0.27,0.11916034
mp-162,0.25,0.3854561
mp-16718,0.24,0.011745945
mp-1705,0.25,0.12330262
mp-21883,0.27,-0.11729585
mp-23036,0.53,0.34336144
mp-28017,0.26,0.35645735
mp-33683,0.35,0.44139838
mp-568286,0.19,-0.96458393
mp-569815,0.25,0.35889912
mp-7467,0.31,0.3606882
mp-8046,0.25,0.24706118
mp-8446,0.29,0.25097644
mp-862698,0.38,0.23441683
mp-864668,0.39,0.350833
mp-865191,0.31,-0.004254088
mp-8881,0.26,0.429882
mp-961681,0.66,1.5176404
mp-961701,0.67,-0.101963714
mp-974972,0.43,0.26862007
mp-1007854,0.55,0.41093457
mp-1008223,0.57,-0.68619996
mp-1008809,0.4,0.80460936
mp-1014993,0.33,0.39821166
mp-1016828,0.52,0.0766321
mp-1018636,0.36,0.28862494
mp-1019317,0.17,0.7037172
mp-1022726,0.23,0.46264595
mp-11230,0.27,0.28542483
mp-11248,0.39,0.50589085
mp-12979,0.32,0.061865017
mp-13161,0.65,0.47927463
mp-1320,0.36,0.16432272
mp-1356,0.35,0.48340642
mp-19923,0.28,0.13649066
mp-20147,0.24,0.39362675
mp-2097,0.24,0.51520175
mp-2614,0.19,0.55473566
mp-27544,0.29,0.3674001
mp-29973,0.23,0.3827048
mp-30498,0.31,0.19883566
mp-30745,0.27,-0.48934627
mp-30808,0.28,0.40550756
mp-30882,0.25,0.3578899
mp-5456,0.27,0.32089102
mp-559598,0.34,0.08862178
mp-569601,0.26,0.33477813
mp-571350,0.32,0.18044563
mp-631305,0.4,0.42097765
mp-862259,0.24,0.4625556
mp-867171,0.23,0.29670328
mp-867923,1.0,0.20065986
mp-971647,0.24,0.28786474
mp-976405,0.27,0.20759358
mp-989516,0.36,0.23839648
mp-1008524,0.4,0.3695001
mp-1009230,-10.28,-0.9491876
mp-10225,0.16,-0.13587691
mp-1029726,0.21,0.103525475
mp-11457,0.43,0.3775025
mp-1555,0.31,0.49446934
mp-1734,0.24,0.21942233
mp-18707,0.33,-0.02671583
mp-18765,0.58,0.3827601
mp-19326,0.23,0.0372148
mp-20363,0.38,0.3678087
mp-20503,0.38,0.20141418
mp-21,4.92,3.2102041
mp-22227,0.26,0.056191072
mp-22784,0.32,0.29361647
mp-2293,0.39,0.7481965
mp-23041,0.29,0.051601514
mp-24291,0.52,0.1505811
mp-28066,0.18,0.15404402
mp-28843,0.3,0.23324455
mp-30355,0.28,0.44953895
mp-30366,0.32,0.36421382
mp-31187,0.26,0.17753617
mp-3747,0.19,0.28599292
mp-552992,0.27,0.115370795
mp-556320,0.38,0.37318975
mp-631573,0.49,0.24838541
mp-636368,0.23,-0.023219645
mp-754158,0.25,0.19376974
mp-767,0.09,0.50964093
mp-8096,0.46,0.10788034
mp-861666,0.33,0.20859985
mp-8628,0.27,0.15301554
mp-865110,0.28,0.126101
mp-865696,0.35,0.23928855
mp-866006,0.39,0.46146077
mp-867857,1.0,0.36245114
mp-996975,0.43,0.22298406
mp-999317,0.25,0.14218394
mvc-7194,0.31,0.18822922
mp-1017627,0.2,0.420119
mp-1018157,0.35,0.1902902
mp-10186,0.28,0.5472556
mp-1018627,0.59,0.20956801
mp-1025350,-4.82,0.077095404
mp-11464,0.36,1.1654062
mp-1232,0.36,0.43370813
mp-13079,0.23,0.042641744
mp-14038,0.38,0.3462131
mp-22350,0.45,0.27006924
mp-2281,0.25,0.11614378
mp-30726,0.36,0.6506996
mp-31411,0.2,0.21367542
mp-32669,0.33,0.18056135
mp-3378,0.26,0.08572297
mp-4126,0.28,0.12454076
mp-546973,0.24,0.04948421
mp-549706,0.32,0.29497343
mp-556646,0.38,0.122348174
mp-558378,0.35,0.25200397
mp-5671,0.27,0.38352174
mp-570553,0.18,0.19672151
mp-582,0.37,0.043568626
mp-625150,0.24,0.10712446
mp-782,0.32,0.7325204
mp-8622,0.29,0.17100726
mp-862375,0.38,0.35083753
mp-862445,0.28,0.30728155
mp-864835,0.4,0.5001718
mp-8937,0.16,0.6616783
mp-972504,0.24,0.5072015
mp-974940,0.52,0.030947313
mp-975179,0.44,0.22299828
mp-975530,0.76,0.21683829
mp-9898,0.24,0.28908372
mp-1009207,0.75,0.33784652
mp-1029368,0.31,0.64992595
mp-1569,0.08,0.63138926
mp-15820,0.16,0.3272764
mp-19083,0.27,0.082184985
mp-2286,0.19,-0.32921094
mp-23080,0.24,0.3468178
mp-233,0.37,0.31245977
mp-24668,0.33,0.475551
mp-28273,0.3,0.55475014
mp-30364,0.41,0.31762707
mp-3307,0.32,-0.25423706
mp-409,0.29,0.18959497
mp-4681,0.25,0.09615885
mp-550306,0.27,0.13742356
mp-567354,0.28,0.009394079
mp-568404,0.17,0.11243488
mp-570691,0.34,0.7190707
mp-632219,1.59,0.36242515
mp-640024,0.33,0.35334605
mp-6624,0.24,0.18350868
mp-675324,0.37,-0.083843574
mp-762454,0.08,0.22613464
mp-85,0.43,0.37259907
mp-862715,0.3,0.16075657
mp-865604,0.31,0.28791398
mp-865607,0.42,0.4150473
mp-865790,0.44,0.29708934
mp-866284,0.27,0.28737307
mp-980192,0.4,0.35585088
mp-980537,0.37,0.29786515
mp-981375,0.27,0.5664113
mvc-14334,0.08,0.48080593
mvc-5096,-0.08,0.11584021
mp-1002210,1.88,0.26795453
mp-1016659,0.78,0.6112307
mp-10453,0.3,0.16303812
mp-11397,0.28,0.22839196
mp-1501,0.36,-0.010147601
mp-1819,0.22,0.2140971
mp-19906,0.31,0.15761201
mp-19988,0.2,-0.12049402
mp-20566,0.41,0.13427295
mp-20679,0.34,0.094200924
mp-21020,0.31,0.45424694
mp-2105,0.23,0.49752873
mp-22377,1.61,1.4356669
mp-22868,0.37,-0.32898366
mp-2351,0.31,0.18028589
mp-2435,0.38,0.19892894
mp-2556,0.63,-0.18202211
mp-2731,0.2,6.342488
mp-27679,0.28,0.22444241
mp-28254,0.27,0.15009616
mp-28665,0.28,0.2211849
mp-2918,0.36,0.4551162
mp-30434,0.22,0.31858474
mp-30551,0.31,0.035360083
mp-30725,0.3,0.8931592
mp-31186,-3.43,0.3396321
mp-3402,0.15,0.13132267
mp-3504,0.42,0.3211742
mp-3614,0.23,0.32099283
mp-4524,0.23,0.5017673
mp-4711,0.29,0.29292923
mp-4753,0.24,0.1037754
mp-4771,0.3,0.35886097
mp-504708,0.33,0.23251148
mp-505781,0.44,0.31287372
mp-569668,0.19,0.72515494
mp-569685,1.65,0.92865306
mp-583030,0.42,-0.037549064
mp-602,0.18,0.111265466
mp-775935,0.33,-0.08371383
mp-8001,0.21,0.26048332
mp-862912,0.51,0.32065344
mp-976260,0.28,0.32937354
mp-977443,0.32,0.07436551
mp-978265,0.28,0.23869325
mp-998414,0.38,0.21864496
mp-999068,0.36,0.17078136
mp-1008677,0.35,0.4835875
mp-1009822,0.22,-0.6560625
mp-11472,0.29,0.8599116
mp-144,0.23,0.68750274
mp-1490,0.44,0.33244783
mp-1595,0.34,0.2684704
mp-18908,0.3,0.032099232
mp-18939,0.45,0.114549026
mp-18963,0.2,0.47711217
mp-2343,0.24,0.4725138
mp-23702,0.23,0.19121508
mp-2423,0.59,0.44525445
mp-2811,0.25,0.108689055
mp-4014,0.2,0.289881
mp-4835,0.26,0.17221172
mp-540924,0.43,0.36319894
mp-540957,0.28,0.25418264
mp-561367,0.34,-0.010991022
mp-569007,0.43,3.2627451
mp-569794,0.36,0.22589965
mp-7105,0.5,0.038385853
mp-7188,0.2,0.36561012
mp-7285,0.3,0.26870745
mp-752843,0.13,0.23440714
mp-755175,0.23,0.2712335
mp-8635,0.35,0.7650942
mp-865001,0.3,0.31477672
mp-865082,0.39,0.8299121
mp-865847,0.33,0.28250712
mp-961675,0.18,-0.6112986
mp-979013,0.45,0.29300606
mp-999388,0.31,-0.37345576
mp-1018057,0.26,0.4271955
mp-1018059,0.14,0.090323016
mp-1018709,0.21,0.26512384
mp-1169,0.28,0.23768418
mp-13900,0.39,0.36285877
mp-1688,0.22,1.2990786
mp-17481,0.28,0.23091228
mp-17862,0.27,0.5143706
mp-2051,0.42,0.38756436
mp-20533,0.28,0.35769397
mp-343,0.22,1.0233252
mp-4382,0.29,0.4091394
mp-4867,0.32,0.12463741
mp-504729,0.32,0.10320939
mp-5239,0.26,0.08760066
mp-5443,0.29,0.06858267
mp-545467,0.25,-0.10126143
mp-550111,0.28,0.0748045
mp-561751,0.24,-0.04737839
mp-570591,0.46,0.27489042
mp-570751,0.28,0.46935707
mp-618309,0.32,0.36792612
mp-646,0.32,0.6601507
mp-6979,0.25,0.10717134
mp-861501,0.44,0.56828445
mp-862870,0.32,-0.0030665994
mp-865382,0.32,0.0005724728
mp-865592,0.34,0.61572677
mp-972822,0.31,0.24406742
mp-977353,0.31,0.20536079
mp-9812,0.32,0.09015818
mp-998201,0.33,0.3071286
mp-999318,0.35,0.27064496
mvc-6281,0.21,0.19965328
mp-1018097,0.24,-0.66042775
mp-1019324,0.33,0.12547828
mp-1046,0.28,-0.23423705
mp-11947,0.33,0.42422235
mp-12623,0.37,0.22470538
mp-19308,0.24,0.2451422
mp-19318,0.47,0.27681357
mp-2370,0.32,0.44203806
mp-556953,0.21,0.07607265
mp-567925,0.34,-0.099157274
mp-569265,0.35,0.3755023
mp-604496,0.25,0.31495458
mp-6985,0.37,2.2447765
mp-7086,0.33,0.34864116
mp-723,0.3,0.05190389
mp-755300,0.39,0.2601691
mp-864971,0.31,0.22948606
mp-865232,0.5,0.31206936
mp-865520,0.39,0.4060294
mp-865554,0.3,-0.0054088235
mp-865679,0.56,0.47911578
mp-865713,0.21,0.1598003
mp-865895,0.33,0.34181815
mp-867271,0.23,0.24859335
mp-8973,0.24,0.26243967
mp-978552,0.31,0.27733952
mp-999485,0.42,0.8426164
mp-999540,0.38,0.43955785
mp-10058,0.26,0.348732
mp-1025396,0.1,0.5236519
mp-1025500,0.31,0.25863075
mp-1069,0.21,0.3978839
mp-12103,0.34,1.1178567
mp-12906,0.24,0.5468951
mp-15297,0.26,0.26464224
mp-20315,0.2,0.5088682
mp-20465,0.3,0.15546755
mp-20484,0.59,0.098538265
mp-23054,0.3,0.08937006
mp-23954,0.24,0.5401436
mp-2548,-1.15,0.82746273
mp-2567,0.33,0.4532085
mp-29659,0.37,0.2432533
mp-31451,0.27,1.0543946
mp-38695,0.24,0.28079075
mp-4305,0.22,0.26566094
mp-4678,0.23,0.44011688
mp-560037,0.29,0.24922101
mp-567769,0.33,0.06678517
mp-571262,0.32,0.18716423
mp-672234,1.29,-0.1317554
mp-684580,0.39,0.77577406
mp-756597,0.26,-0.03380482
mp-862984,0.19,0.473401
mp-864977,0.34,0.3886147
mp-865156,0.24,0.39225215
mp-867351,0.3,0.2424212
mp-949,0.29,0.23650725
mp-975049,0.39,0.28510708
mp-978294,0.22,0.17143129
mp-978973,0.36,0.3526131
mp-980646,0.31,0.43041766
mp-983578,0.13,0.3088187
mp-998981,0.23,0.6340495
mp-1013525,0.24,0.11176963
mp-1018643,0.46,0.3456549
mp-1019055,0.23,0.1670361
mp-1019551,0.24,0.30917472
mp-1025181,0.3,0.23120399
mp-10848,0.34,0.28784865
mp-11209,0.32,0.31182653
mp-1147,0.31,0.29059058
mp-13172,0.3,0.11853258
mp-14797,0.29,0.22619079
mp-15226,0.27,-0.0059803277
mp-17,0.3,0.46590507
mp-22712,0.38,0.3175009
mp-22865,0.28,1.5216633
mp-2385,0.35,0.1585622
mp-2634,0.23,0.82373136
mp-30342,0.39,0.45667428
mp-34857,0.34,0.39624178
mp-561033,0.35,0.16331603
mp-568867,0.43,0.50194836
mp-611426,0.07,0.21135832
mp-636698,8.27,0.613133
mp-7739,0.32,0.057376787
mp-862324,0.32,0.26100838
mp-863686,0.36,0.2692886
mp-864651,0.32,0.24832176
mp-864974,0.35,0.4324869
mp-865473,0.28,0.47748703
mp-890,0.31,0.96513003
mp-965,0.16,0.20308726
mp-971631,0.31,-0.6156411
mp-972912,0.24,0.12110458
mp-973528,0.34,0.18273233
mp-975649,0.98,0.2462482
mp-979270,0.36,0.39349312
mp-980204,0.69,0.95553964
mp-983459,0.32,0.43101293
mp-999047,0.49,0.30565894
mp-999083,0.1,0.32338738
mp-1030827,0.21,0.3186739
mp-12983,1.08,0.28086507
mp-1641,0.23,0.02901347
mp-16565,0.33,0.38763928
mp-20263,0.35,-1.0385623
mp-2480,0.23,0.35039097
mp-3657,0.31,0.39792532
mp-467,0.35,1.2467406
mp-569523,0.29,0.29475218
mp-5787,0.3,0.21786003
mp-631482,0.4,-0.9142573
mp-640889,0.27,0.25584418
mp-8237,0.29,0.11479057
mp-865426,0.32,0.3582788
mp-866077,0.27,0.094476715
mp-867118,0.35,0.37433708
mp-972810,0.34,0.32743663
mp-979293,0.43,0.20677064
mp-1001012,0.29,0.074771896
mp-11285,0.3,-0.19664918
mp-11572,0.28,0.28524232
mp-1929,0.24,0.18953784
mp-20595,0.23,0.298168
mp-22882,0.26,0.041530654
mp-22909,0.21,0.15486552
mp-23292,0.26,0.06542258
mp-29898,0.32,0.3260166
mp-30227,0.31,0.26196855
mp-34688,0.36,0.12588315
mp-5538,0.39,0.37564033
mp-570301,0.39,0.50795263
mp-571566,0.16,0.3452869
mp-594,0.44,0.22627996
mp-631399,1.17,0.31503195
mp-631563,0.85,0.1526032
mp-6408,0.29,0.24801378
mp-7405,0.25,0.05358015
mp-7667,0.19,0.2837761
mp-767409,0.13,-0.046243146
mp-973443,0.27,0.52984136
mp-973538,0.26,0.32327944
mp-978969,0.49,0.3856153
mp-1008922,0.36,0.39916998
mp-1009752,1.35,0.572555
mp-1016872,0.44,0.11111058
mp-1020019,0.22,0.6282791
mp-11233,0.24,-0.12464015
mp-11511,0.46,0.11968629
mp-11807,0.31,0.43165904
mp-12910,0.27,0.147355
mp-1604,0.37,0.45242673
mp-19322,-28.79,-0.06102495
mp-20174,0.29,0.37453872
mp-21850,0.32,-0.03813173
mp-22065,0.33,0.1723104
mp-2430,0.22,0.3721385
mp-27930,0.16,0.31875575
mp-29131,0.24,0.4923737
mp-505019,0.26,0.24059163
mp-554134,0.26,0.4520257
mp-554799,0.12,0.3970381
mp-564,0.4,0.59990567
mp-569391,0.7,-0.031907424
mp-641526,0.29,0.15423323
mp-672229,0.48,0.263516
mp-7,0.2,0.18217035
mp-7077,0.25,0.3294657
mp-7361,0.22,0.22643273
mp-806,0.32,0.37036693
mp-865522,0.38,0.4451148
mp-867735,0.25,0.3157133
mp-962071,0.01,0.5606032
mp-972601,0.29,0.2410058
mp-973142,0.38,0.25069135
mp-973935,0.26,0.16887347
mp-976047,0.54,0.338511
mp-999303,1.1,0.49198866
mp-1025373,0.44,0.70826703
mp-104,0.23,0.5140763
mp-11449,0.37,0.43193966
mp-13610,0.15,0.066029534
mp-15608,0.24,0.30927294
mp-19889,0.26,0.50416213
mp-19971,0.44,0.14860608
mp-20684,0.37,0.22136931
mp-20849,0.35,0.50963396
mp-2090,0.29,0.25960416
mp-2225,0.15,0.28653324
mp-27505,0.27,0.20710044
mp-29725,0.29,0.21838178
mp-34611,0.71,0.77008003
mp-517,0.19,0.33549297
mp-567214,0.35,0.2909752
mp-574,0.34,0.13099523
mp-7219,0.24,0.35181826
mp-754349,0.3,0.16750528
mp-756235,0.35,0.32575017
mp-862979,0.34,0.3242489
mp-865649,0.3,0.19453512
mp-866188,0.33,0.29797632
mp-867258,0.31,0.33812267
mp-8758,0.29,0.11065887
mp-975312,0.55,0.30314648
mp-975385,0.11,0.2110378
mp-976775,0.41,-0.07720755
mp-977438,0.19,0.20413221
mp-999307,0.27,-0.059166357
mvc-6615,0.34,0.2847436
mp-1008929,0.3,-0.43147707
mp-1017580,1.1,0.575215
mp-1025056,0.28,0.29047447
mp-1025212,0.33,0.4917323
mp-1027,0.27,0.38517928
mp-1029826,0.2,0.31618512
mp-11431,0.3,0.16930394
mp-14091,0.35,0.53016835
mp-1727,0.21,0.34237903
mp-19749,0.37,0.3626606
mp-20192,0.27,0.36181402
mp-22375,0.37,0.12622248
mp-23013,0.24,0.10737355
mp-2455,0.21,0.22784196
mp-30147,0.28,0.38657004
mp-3802,0.24,-0.26386222
mp-5491,0.44,0.6297535
mp-632311,0.36,0.39725047
mp-644223,0.27,0.44330442
mp-672259,0.35,0.18995248
mp-7547,0.33,0.0598519
mp-7955,0.17,0.18320067
mp-867186,0.33,0.36266553
mp-867932,0.2,0.28183562
mp-961695,0.32,-0.1869876
mp-981383,0.52,0.06325702
mp-984754,0.26,0.40738422
mp-994,0.25,0.21740483
mp-998307,0.25,0.18891512
mp-1018060,0.33,0.3004256
mp-1025151,0.3,0.36187702
mp-13202,0.22,0.21868138
mp-1380,0.32,0.4007154
mp-1639,0.15,0.4884426
mp-1704,0.31,0.2888009
mp-1960,0.16,-0.3711068
mp-19722,0.34,0.30044633
mp-2265,0.4,0.21413176
mp-23250,0.34,-0.014074579
mp-2730,0.35,0.5648492
mp-27743,0.2,-0.11247286
mp-28250,0.3,0.6177812
mp-28630,0.28,0.36529523
mp-29379,0.28,0.35395992
mp-30504,0.26,4.9367547e-05
mp-3416,0.27,0.2765227
mp-3830,0.27,0.27274913
mp-4822,0.32,0.13999324
mp-571458,0.26,0.072554156
mp-675334,0.2,0.47124952
mp-6962,0.28,0.11880918
mp-754718,0.35,0.3985929
mp-771986,0.25,-0.0019361228
mp-8275,0.34,0.26395577
mp-8615,0.26,0.22916074
mp-862831,0.36,0.30134696
mp-863696,0.32,0.18318696
mp-864626,0.41,0.24058951
mp-864633,0.37,0.24200402
mp-865126,0.52,0.41566706
mp-865989,0.26,0.43486518
mp-867277,0.22,0.3110872
mp-979425,0.31,0.39516318
mp-1017387,0.3,0.32219803
mp-1018075,0.25,0.34582633
mp-1018850,0.26,-0.024070755
mp-11382,0.27,0.13398461
mp-11582,0.29,0.42182535
mp-12072,0.32,0.382864
mp-12957,0.35,0.2538476
mp-13303,0.27,0.17673461
mp-14625,0.24,0.4539098
mp-1841,0.32,-0.6049858
mp-18814,0.31,0.1725219
mp-2016,0.38,0.3337466
mp-20857,0.29,0.06820415
mp-20971,0.37,0.30550444
mp-21249,0.25,0.2889822
mp-29149,0.17,0.118346825
mp-29209,0.23,-0.057085738
mp-30884,0.27,0.4054641
mp-3239,0.24,0.08967747
mp-32679,0.26,-0.006404251
mp-5342,0.34,0.17299367
mp-554144,0.24,0.187595
mp-570091,0.23,0.19613
mp-672287,0.17,0.33638877
mp-8458,0.35,0.15714704
mp-934,0.28,0.12619092
mp-962066,-9.98,-0.46404892
mp-984,0.21,-0.16843557
mp-984714,0.35,0.18564491
mp-992,0.21,-0.8458059
mp-999197,0.48,0.5457014
mp-1009748,0.85,0.8211438
mp-1009828,0.45,1.0594087
mp-1018692,0.34,0.08216433
mp-1020118,0.2,0.062421992
mp-1025167,0.22,0.046455666
mp-10356,0.38,0.14878203
mp-11693,0.31,0.13336773
mp-11869,0.3,0.22930585
mp-1543,0.31,0.29129303
mp-20385,0.23,0.4471205
mp-21096,0.19,0.13680203
mp-21505,0.27,0.8097014
mp-21907,0.22,0.21365298
mp-22177,0.28,0.27361846
mp-22610,0.3,0.2555141
mp-2618,0.32,1.429391
mp-28919,0.21,0.50395495
mp-30593,0.32,0.18135686
mp-31235,0.22,-0.0059491843
mp-35035,0.36,0.64353794
mp-363,0.2,0.2313345
mp-541013,0.24,0.6126096
mp-568673,0.27,0.2164195
mp-696746,0.19,0.32301408
mp-7506,0.25,0.1046354
mp-753098,0.3,0.052876577
mp-754538,0.33,0.083728
mp-755453,0.23,0.36216825
mp-862813,0.34,0.5501814
mp-862895,0.33,0.13941519
mp-864890,0.34,0.4456908
mp-866066,0.19,0.06643139
mp-867835,0.27,0.3787573
mp-869,0.19,0.44299638
mp-974066,0.23,0.3587442
mp-975913,0.42,0.2684276
mp-976280,0.3,0.4289136
mp-983564,0.24,0.10119487
mp-984050,0.41,1.0456495
mp-10157,0.6,0.39903146
mp-1025261,0.32,0.7716687
mp-10624,0.36,0.1571367
mp-15964,0.31,0.1527126
mp-1776,0.33,0.06523211
mp-19358,0.29,0.12129174
mp-2078,0.3,0.3532679
mp-20866,0.28,0.17158617
mp-21141,0.29,0.22028522
mp-22271,0.26,0.2535025
mp-23260,0.33,0.14364903
mp-28230,0.33,0.14297794
mp-28270,0.35,0.21951108
mp-3415,0.28,0.19202508
mp-4175,0.25,0.29132348
mp-4243,0.3,0.9900679
mp-4370,0.32,0.13096218
mp-5388,0.36,0.2367679
mp-540999,0.66,0.317169
mp-546266,0.27,0.19123293
mp-561079,0.26,0.0937164
mp-567362,0.56,-0.45009637
mp-568735,0.16,-0.14995357
mp-581707,0.41,0.6682546
mp-6270,0.28,0.22943158
mp-7170,0.22,0.047471747
mp-733,0.21,0.33338684
mp-760408,0.28,0.2716034
mp-861947,0.26,0.24641742
mp-861979,0.28,-1.3592616
mp-864799,0.27,0.19794653
mp-865162,0.32,0.20279957
mp-866133,0.36,0.30844373
mp-866171,0.4,0.4076544
mp-985828,0.37,-0.6943185
mp-9930,0.31,0.1732345
mp-997051,0.56,0.117896006
mp-9989,0.26,0.34805638
mvc-16001,1.6,0.7285721
mp-1018081,0.18,0.036610052
mp-1022553,0.3,0.5550316
mp-10680,0.31,0.15316631
mp-11390,-0.01,-0.15104268
mp-12005,0.2,0.27613539
mp-20474,0.33,0.20161076
mp-21455,0.25,0.03403668
mp-24081,0.28,0.18731664
mp-27677,0.32,0.23810671
mp-27725,0.18,0.18703137
mp-28283,0.27,0.22259255
mp-30207,0.27,0.18094547
mp-30251,0.4,0.42342025
mp-38818,0.18,0.47753143
mp-570491,0.31,0.32352144
mp-604884,0.21,0.09592377
mp-613989,0.31,0.2426366
mp-631390,0.56,0.70586973
mp-631441,0.19,-0.11652795
mp-631442,0.53,0.25543898
mp-631571,0.19,0.05265291
mp-6493,0.27,0.11062406
mp-684597,0.3,0.5027922
mp-757031,0.29,0.10910736
mp-864771,0.33,0.68211544
mp-867242,0.25,0.16634797
mp-9550,0.24,0.70756555
mp-962063,0.37,0.32409674
mp-978276,0.27,0.3115015
mp-983358,0.27,0.61605585
mp-1009750,0.35,0.33291864
mp-1018040,0.23,0.5201964
mp-1018122,0.22,0.58295625
mp-1159,0.38,0.55489355
mp-1170,0.21,0.2681476
mp-1958,0.25,0.24696003
mp-20214,0.26,0.11978118
mp-20555,0.54,0.8607848
mp-21276,0.26,0.5249008
mp-22003,0.37,-0.11664654
mp-251,0.33,0.8990683
mp-35082,0.31,0.17828013
mp-561949,0.38,0.42345178
mp-570232,0.27,0.079991564
mp-7251,0.26,0.21044736
mp-747,0.33,0.25894046
mp-754960,-0.28,0.1423185
mp-755219,0.35,0.17836438
mp-761390,0.29,0.10420631
mp-861946,0.24,0.14758037
mp-865076,0.41,0.30469984
mp-867285,0.32,0.32067806
mp-971682,0.28,0.16935821
mp-973300,0.27,0.39722925
mp-975065,0.3,0.722104
mp-1008556,0.25,0.35037023
mp-1009596,0.53,1.2927397
mp-11571,0.4,0.30200744
mp-12360,0.34,0.19957463
mp-1674,0.33,0.47658885
mp-20525,0.31,0.07910739
mp-20716,0.45,0.2728762
mp-2384,0.27,0.1719489
mp-2393,0.37,0.39359033
mp-30661,0.41,0.41839874
mp-30819,0.31,0.5108296
mp-4196,0.22,0.119634435
mp-4198,0.42,0.09891926
mp-5014,0.33,0.3060373
mp-559976,0.22,0.28707892
mp-631754,0.37,0.12440376
mp-755323,0.29,0.28374118
mp-768368,0.1,0.35851365
mp-7931,0.25,0.44540864
mp-850978,0.27,0.34128553
mp-865206,0.34,0.2540993
mp-867895,0.31,0.3673101
mp-9146,0.41,0.3068627
mp-9289,0.23,0.19344686
mp-973060,0.32,0.03849952
mp-973974,0.42,0.14571892
mp-975299,0.45,0.30566782
mp-975321,0.45,0.22755869
mp-976025,0.01,0.3792898
mp-976412,0.34,0.42536682
mp-977439,0.38,0.15027307
mp-977555,0.5,0.15777533
mp-979417,0.32,0.36173463
mp-981385,0.19,-0.011082694
mp-1003317,0.29,0.15164809
mp-1007853,0.33,0.14854373
mp-1009014,0.37,0.44864434
mp-1009540,0.46,0.42652482
mp-1013708,0.34,0.10445748
mp-1016882,0.45,0.32989848
mp-1023213,0.59,0.47350305
mp-1025321,0.29,0.35394388
mp-1029293,0.32,0.38206774
mp-1030,0.43,0.48432726
mp-10630,0.49,0.34545863
mp-10638,0.25,0.29694104
mp-1070,0.35,0.38119096
mp-1168,0.26,-0.04394339
mp-15837,0.3,-0.008783147
mp-19163,0.3,0.13219292
mp-19754,0.31,0.10835077
mp-20245,0.34,0.09432225
mp-20622,0.37,0.087090865
mp-22859,0.32,0.47101682
mp-28020,0.29,0.43205446
mp-30477,0.19,-0.063153684
mp-3097,0.26,0.23620327
mp-31294,0.31,0.2764548
mp-554451,0.32,0.18793865
mp-555763,0.3,0.04729171
mp-558579,0.29,0.39868516
mp-559390,0.27,0.34229726
mp-669692,0.32,0.110428885
mp-676512,0.27,0.27684802
mp-7350,0.23,0.46387404
mp-7822,0.18,0.39798325
mp-7924,0.38,-0.14893566
mp-8200,0.32,0.9230364
mp-8338,0.4,-0.04417686
mp-850916,0.28,0.1260507
mp-862432,0.36,0.12836398
mp-862704,0.35,0.22295825
mp-867126,0.38,0.5199414
mp-867920,-0.27,0.07842086
mp-867922,0.28,0.3334605
mp-8922,0.31,0.5186543
mp-974799,0.19,0.22892793
mp-977572,0.3,0.46568167
mp-978509,0.4,0.509111
mp-979935,0.29,0.30230963
mp-1005,0.24,0.019412413
mp-1008928,0.4,0.19395982
mp-13288,0.46,0.43879342
mp-14796,0.29,0.23128854
mp-15643,0.19,0.3586027
mp-16329,0.3,0.25878513
mp-19904,0.38,0.4184472
mp-21214,4.05,0.35455316
mp-2251,0.23,0.4707231
mp-2271,0.27,0.24559523
mp-22886,-3.09,-1.0700879
mp-22901,0.39,0.34831893
mp-22919,0.35,-0.13749784
mp-23697,4.0,0.5585875
mp-242,0.2,0.1179892
mp-2909,0.32,0.46989095
mp-30673,0.2,3.37081
mp-30847,0.32,0.3974887
mp-3186,0.29,0.4185238
mp-3605,0.31,0.06730105
mp-510430,0.2,0.44180888
mp-557753,0.29,0.36630636
mp-567929,0.28,-0.031777337
mp-569364,0.09,0.23598818
mp-570690,0.16,-0.06321506
mp-5924,0.24,-0.012353972
mp-623,0.39,0.20707963
mp-631418,-7.79,0.09428649
mp-675104,0.3,0.08051495
mp-75,0.45,0.39661944
mp-775757,0.3,0.22152393
mp-861873,0.3,0.2848696
mp-9274,0.34,0.14917059
mp-961655,0.5,0.101111844
mp-972244,0.26,0.30140865
mp-976159,0.33,0.2693751
mp-977434,0.3,0.25416654
mp-978304,0.24,0.21059375
mp-997617,0.23,0.41430467
mp-999395,0.36,0.2355686
mp-1008776,0.33,2.4505677
mp-1018068,0.55,0.17774259
mp-1029458,0.33,0.29745948
mp-11169,0.29,0.26586723
mp-16036,0.3,0.20722042
mp-1753,0.31,-0.23967777
mp-2006,0.28,0.11343385
mp-22811,0.32,0.45669937
mp-2640,0.23,0.6735855
mp-30451,0.22,0.1488945
mp-3088,0.32,0.20614956
mp-31469,0.28,0.29163647
mp-33029,0.32,-0.011738345
mp-546790,0.34,0.272622
mp-6473,0.29,0.25304753
mp-6847,0.32,0.053529993
mp-773864,0.37,0.09464227
mp-8093,0.23,0.28277743
mp-862338,0.33,0.24328013
mp-862911,0.29,0.40680397
mp-865730,0.41,0.56830424
mp-9166,0.34,0.15999411
mp-922,0.32,0.12920861
mp-9472,0.36,0.3573516
mp-973738,-0.23,0.26778716
mp-978275,0.13,0.48439193
mp-978495,0.68,0.2861339
mp-978929,0.21,0.2859251
mp-978993,0.42,0.47742414
mp-985579,0.36,0.33826256
mp-1007918,0.4,0.3720501
mp-1022721,-2.58,0.3386165
mp-1029396,0.33,0.45002675
mp-11489,0.36,0.42006058
mp-1272,0.34,0.47053134
mp-13149,0.19,0.5363472
mp-13474,0.18,0.65924674
mp-1409,0.28,0.6411891
mp-1857,0.27,0.7237841
mp-18946,0.29,0.28381222
mp-2280,0.32,0.36456138
mp-23251,0.35,0.4850064
mp-27198,0.31,0.23460351
mp-27227,0.38,0.028991356
mp-2768,0.25,0.32111686
mp-30774,0.33,0.2099232
mp-4025,0.2,0.5445165
mp-542435,0.23,0.44603765
mp-546633,0.42,0.090397134
mp-568269,0.25,0.3742013
mp-601820,0.28,-0.029672697
mp-643009,0.22,0.23228072
mp-6560,0.26,0.1899759
mp-676011,0.3,0.41640204
mp-7477,0.25,0.11853479
mp-7573,0.24,0.12854318
mp-7599,0.18,0.23549725
mp-7863,0.2,0.21779148
mp-865170,0.67,0.33126563
mp-865630,5.91,0.60066515
mp-865869,0.35,0.20151524
mp-867317,0.34,0.536305
mp-971,0.3,0.3453691
mp-974387,0.38,0.39279014
mp-975638,0.26,0.3776719
mp-976055,0.08,0.21711533
mp-977578,0.34,0.35530746
mp-999072,0.42,0.18779598
mp-1012640,0.25,0.26429093
mp-1330,0.17,-0.048042044
mp-139,0.26,0.09126131
mp-150,0.47,0.34847897
mp-1821,0.13,0.29038328
mp-20432,0.38,0.2014905
mp-22740,0.27,0.15590869
mp-22849,0.27,0.04398279
mp-2533,0.32,0.20880024
mp-2987,0.3,0.3778522
mp-30625,0.31,0.35339487
mp-30750,0.23,0.15205605
mp-31170,0.49,0.31005096
mp-4784,0.3,0.20992608
mp-505005,0.31,0.19065271
mp-568596,0.42,0.3262087
mp-569679,0.22,0.49655646
mp-570904,0.35,0.26691246
mp-631562,0.99,0.6373531
mp-631567,0.7,0.22570784
mp-654812,0.3,0.1570913
mp-7228,0.27,0.1422932
mp-755298,0.28,0.267146
mp-862943,0.36,0.36232513
mp-864622,0.37,0.19522522
mp-864991,1.03,0.19961406
mp-865163,0.36,0.44092697
mp-867879,0.34,0.5156041
mp-979936,0.24,0.29813403
mp-981200,0.52,0.25770319
mp-981390,0.67,0.25595987
mp-9830,0.28,0.27602255
mp-989592,0.26,0.256836
mp-1008554,0.31,0.5420054
mp-1013582,0.27,0.057703897
mp-1018649,0.15,0.2176459
mp-1018664,0.34,0.22599266
mp-1025374,0.93,0.63485146
mp-11274,0.93,0.083463445
mp-11281,0.17,0.3344171
mp-19225,0.36,0.08630274
mp-22535,0.28,0.4164291
mp-30406,0.35,0.30812114
mp-35539,0.24,0.2939896
mp-5495,0.42,0.17084606
mp-582227,0.29,0.28066432
mp-631431,0.98,0.4483961
mp-6908,0.28,0.3623405
mp-754333,0.22,0.47764224
mp-772856,0.34,0.25185847
mp-866212,1.01,0.45622295
mp-8753,0.28,0.043184653
mp-957,0.46,-0.07797764
mp-961716,0.43,0.08165111
mp-973834,0.43,0.596209
mp-985292,0.43,0.006591901
mp-1029595,0.28,0.3913502
mp-13963,0.16,0.21954556
mp-1406,0.36,0.5495369
mp-16287,0.33,0.23575686
mp-16488,0.22,0.067814276
mp-18746,0.27,0.34591353
mp-21054,0.29,0.37853664
mp-24082,0.35,0.5000705
mp-27831,0.29,0.5708189
mp-30045,0.26,0.0015866309
mp-31510,0.27,0.08511405
mp-510402,0.29,0.21595274
mp-557233,0.29,0.10744272
mp-557559,0.27,0.10861687
mp-627,0.44,0.37748677
mp-7618,0.29,0.5538836
mp-777667,0.29,0.10157426
mp-850251,0.3,0.042501345
mp-861507,0.27,0.2742266
mp-861627,0.37,0.43694574
mp-866046,0.32,1.0405699
mp-9548,0.2,0.7736818
mp-1037,0.32,0.3583302
mp-10398,0.29,0.3732171
mp-11276,0.29,0.34499532
mp-11416,0.2,0.07339685
mp-13254,0.22,0.18944164
mp-13363,0.37,0.48179787
mp-15695,0.32,0.33739096
mp-20195,0.31,0.20784022
mp-20489,0.3,0.12883799
mp-21024,0.29,0.6450361
mp-21087,0.36,0.53205943
mp-21272,0.21,0.21739842
mp-22496,0.43,0.3143862
mp-28897,0.36,0.021558627
mp-2895,0.24,0.016073868
mp-29761,0.07,0.3001566
mp-29862,-0.08,0.053862408
mp-30351,0.48,0.42623043
mp-3223,0.32,0.29445755
mp-570219,0.28,0.10441728
mp-571552,0.27,0.110746965
mp-631255,3.27,1.3640321
mp-861937,0.23,0.3826328
mp-865094,0.31,0.5374654
mp-865338,0.31,0.30461526
mp-865403,0.22,0.2697379
mp-865894,0.34,0.41635853
mp-961706,0.32,0.20553152
mp-974558,0.48,0.10219921
mp-985303,0.24,0.44196004
mp-1002183,0.35,0.012600139
mp-1013528,0.26,0.1342433
mp-1017632,0.3,0.22459193
mp-1018645,0.72,0.20587547
mp-1025360,0.39,0.23161714
mp-1029407,0.29,0.45654768
mp-11269,0.3,0.17009793
mp-127,0.31,0.31157726
mp-1921,0.24,0.014759257
mp-19747,0.32,0.66925675
mp-2319,0.2,0.29549903
mp-2689,0.27,0.14548557
mp-2775,0.26,0.17997415
mp-2780,0.26,0.29677826
mp-3034,0.24,0.20891826
mp-30409,0.31,0.24518238
mp-30457,0.23,-0.22321397
mp-31118,0.29,0.15625842
mp-33365,0.47,0.12127249
mp-4342,0.23,0.2907114
mp-435,0.38,0.21555708
mp-4428,0.28,0.14341228
mp-4979,0.26,0.31258374
mp-510625,0.33,0.2131802
mp-5605,0.26,0.21526502
mp-570483,0.36,0.3374719
mp-600561,0.31,0.53483963
mp-690490,0.28,0.24342315
mp-7834,0.3,-0.07544853
mp-861735,0.47,0.14812894
mp-862379,0.32,0.38704842
mp-864805,0.35,0.37506074
mp-864947,0.92,0.44481403
mp-867143,0.24,0.12978233
mp-881,0.07,0.19442885
mp-978034,0.38,0.05408342
mp-984352,0.27,0.35532898
mp-998554,0.34,0.38245177
mp-1002114,0.59,0.24024732
mp-1003313,0.24,0.23227368
mp-1003322,0.26,0.12028389
mp-1009766,0.49,0.54177326
mp-1013716,0.29,-0.12569013
mp-1021489,0.27,0.39161414
mp-1077353,0.4,0.6107569
mp-13504,0.24,0.19403975
mp-1373,0.38,0.38323689
mp-1649,0.4,-0.013657257
mp-16733,0.25,0.049674198
mp-1989,0.24,0.3047155
mp-29615,0.32,-0.11555904
mp-3053,0.35,0.41929185
mp-36216,0.34,0.19038187
mp-552098,0.35,0.13052075
mp-557142,0.23,0.46284908
mp-5594,0.3,-0.051823795
mp-561511,0.18,0.11228429
mp-569073,0.27,0.14488272
mp-580931,0.4,-0.32511818
mp-603719,0.19,0.16587685
mp-670,0.29,0.18048532
mp-695850,0.35,0.21707211
mp-7422,0.32,0.15630947
mp-8335,0.27,0.08445434
mp-864765,0.32,0.11362104
mp-864896,0.31,0.195962
mp-973022,0.34,0.29054946
mp-980052,0.26,0.2990877
mp-981393,0.35,0.31570917
mp-981458,0.32,0.52397007
mp-1002109,0.35,0.4628067
mp-1021667,0.42,0.077960655
mp-1172,0.28,0.73308784
mp-1359,0.32,0.34045762
mp-16376,0.3,0.5503582
mp-1799,0.29,0.17287119
mp-1918,0.32,0.7980003
mp-19736,0.47,0.47294766
mp-19857,0.26,0.20783766
mp-25542,0.33,0.19606893
mp-2664,0.37,0.07412557
mp-2713,0.33,-1.2935454
mp-29057,0.21,0.07217543
mp-484,0.22,0.1625893
mp-5620,0.28,0.32381457
mp-567503,0.28,0.084342584
mp-569927,0.25,0.24670957
mp-5820,0.25,-0.030493677
mp-610972,0.38,0.620943
mp-631475,0.73,0.20995127
mp-640885,0.27,0.23067875
mp-672233,0.36,-0.065166175
mp-673245,0.33,0.62774855
mp-690525,0.31,0.1339037
mp-695,0.27,0.18056814
mp-7168,0.32,-0.40855253
mp-7223,0.14,0.19633894
mp-7424,0.38,0.52757406
mp-7429,0.31,0.12974994
mp-755302,0.41,0.07860245
mp-863737,0.25,0.38805014
mp-867195,0.35,0.3006341
mp-9583,0.3,0.5303339
mp-976023,0.27,0.3606426
mp-978264,0.43,0.30475402
mp-978519,0.28,0.33481157
mp-998894,0.4,1.219191
mp-1024071,0.41,0.6534538
mp-13364,0.25,0.07350297
mp-1410,0.21,0.3173507
mp-19252,0.28,0.47133702
mp-20325,0.24,0.6385277
mp-20337,0.33,0.01253666
mp-2125,0.21,0.12279503
mp-21851,0.3,0.3095848
mp-2716,0.39,0.91568226
mp-2893,0.27,0.3119421
mp-29091,0.29,0.28656775
mp-30073,0.24,0.20358022
mp-30981,0.23,0.5676801
mp-36033,0.3,-0.37531102
mp-4896,0.38,0.1527007
mp-568865,0.28,0.16564278
mp-569289,0.36,0.5216285
mp-6494,0.31,0.058673725
mp-753380,0.36,0.25601673
mp-784631,0.29,0.55022395
mp-797,0.33,0.5586329
mp-862256,0.55,0.24598633
mp-9453,0.26,0.10971509
mp-976321,0.61,0.34508127
mp-976806,0.43,0.4261281
mp-977264,0.28,0.6567984
mp-980062,0.25,0.17541926
mp-984356,0.02,0.3533916
mp-989642,0.43,0.38943183
mp-1008274,0.27,0.38475734
mp-10166,0.39,0.44611233
mp-1025386,0.36,0.3312797
mp-10457,0.27,0.016187683
mp-1114,0.23,1.0983775
mp-11550,0.36,0.30408853
mp-11583,0.31,0.30200225
mp-16228,1.35,0.1109695
mp-1718,0.29,0.24038623
mp-21345,0.25,0.27104145
mp-2573,0.14,0.51353174
mp-2678,0.26,-0.0109458715
mp-27660,0.3,0.25106066
mp-27689,0.28,0.40363032
mp-3054,0.29,0.41946334
mp-31017,0.23,0.012804732
mp-4150,0.3,0.2574886
mp-4483,0.34,0.29067284
mp-5077,0.19,0.26217133
mp-5373,0.28,0.13465242
mp-569197,0.23,0.25452954
mp-5702,0.33,0.26708394
mp-570641,0.16,-0.089578435
mp-571499,0.34,-0.39426392
mp-637179,0.26,0.14797921
mp-755013,0.21,0.40022492
mp-769096,0.21,0.32548827
mp-7973,0.25,0.22701977
mp-862854,0.35,0.31946427
mp-866168,0.46,0.40391833
mp-866191,0.19,0.44861513
mp-867343,0.36,0.3599289
mp-962067,0.44,-0.21154836
mp-971891,0.41,0.13447101
mp-973956,0.36,0.42649513
mp-976856,0.54,1.1088625
mp-977428,0.25,0.027154028
mp-981386,0.45,-0.06099315
mp-984104,0.36,0.19774704
mp-984712,0.31,0.19144209
mp-988939,0.39,0.080047145
mp-989609,0.29,0.6186496
mp-998901,-3.94,0.07111187
mp-1002221,0.24,0.09442718
mp-1008285,0.43,-0.13769263
mp-1008734,1.14,-0.15425767
mp-1009733,0.23,-3.421421
mp-1014462,0.69,0.3895269
mp-1047,0.27,0.12544225
mp-1062,0.36,-0.040571526
mp-10658,0.23,0.1174808
mp-10714,0.32,0.09389366
mp-10764,0.19,-0.40260684
mp-10924,0.29,-0.6708416
mp-1093,0.28,0.74234045
mp-1239,0.25,-0.5099984
mp-15780,0.33,0.30980766
mp-16775,0.36,0.37360096
mp-23201,0.33,-0.038742825
mp-24011,0.22,0.2945217
mp-29210,0.16,0.22071455
mp-2988,0.27,0.24427085
mp-30460,0.24,0.07188316
mp-3488,0.31,0.28934228
mp-4105,0.23,0.2589265
mp-567713,0.22,-0.37783554
mp-570272,0.32,0.19881476
mp-600428,0.2,0.056448206
mp-7352,0.28,0.12356044
mp-862837,0.42,0.37812716
mp-867859,0.35,0.27960736
mp-867911,0.45,0.42095655
mp-977445,0.36,0.38423282
mvc-13960,-0.01,0.13496993
mp-1008559,0.15,1.0046971
mp-1009083,0.3,0.4627617
mp-11834,0.32,0.2062367
mp-1209,0.34,0.3996398
mp-12609,0.43,0.52011555
mp-1399,0.36,0.21716665
mp-15179,0.3,0.12067731
mp-17129,0.28,0.33493662
mp-23188,0.41,-0.06342654
mp-2334,0.3,0.23324196
mp-2396,0.39,0.08869414
mp-3107,0.32,-0.46018153
mp-4148,0.32,0.15592735
mp-4484,0.27,0.22570132
mp-540925,0.35,0.3756532
mp-548403,0.44,-0.14206582
mp-55,0.38,0.19571985
mp-551736,-2.14,0.11061148
mp-568595,0.2,0.06632577
mp-569106,0.24,0.45581877
mp-570998,0.21,0.25759178
mp-5916,0.25,0.22213344
mp-632402,0.36,0.33936203
mp-641539,0.26,0.3551514
mp-7003,0.29,0.29479438
mp-7007,0.26,-0.012997523
mp-7928,0.29,0.14036115
mp-8123,0.23,0.17322658
mp-862609,0.3,0.31044358
mp-8638,0.31,0.24279095
mp-864948,0.61,-0.21982253
mp-867802,0.32,0.1910385
mp-972002,0.28,0.21898015
mp-973265,-0.95,0.37990516
mp-978267,0.35,0.37717944
mp-980199,0.29,0.33596516
mp-9872,0.18,0.20877828
mp-999292,0.55,0.70457315
mp-1007821,0.36,0.20277123
mp-1024955,0.31,0.37202984
mp-10293,0.38,0.25884503
mp-11364,0.35,0.2557428
mp-11452,0.28,0.42989236
mp-11578,0.26,0.20793806
mp-1282,0.23,-0.5466496
mp-1314,0.16,0.36887175
mp-19412,0.24,0.5081538
mp-2049,0.36,0.33669943
mp-20690,0.2,-0.0036196709
mp-2726,0.34,0.2971238
mp-27319,0.28,0.08250384
mp-27840,0.28,0.53347
mp-29748,0.29,0.22935258
mp-29806,0.33,0.36094725
mp-4187,0.28,0.29889953
mp-567462,0.23,0.026862144
mp-568069,0.36,0.66153044
mp-568428,0.27,0.24729069
mp-569250,0.31,0.6538786
mp-569331,0.35,0.10227992
mp-631256,0.54,0.09023933
mp-631320,0.44,0.10798566
mp-685036,0.25,0.21023653
mp-753629,0.28,-0.032869413
mp-754673,0.3,0.15272276
mp-776952,0.27,0.43507606
mp-8145,0.25,0.22535942
mp-8583,0.29,0.20018534
mp-861881,0.44,0.471394
mp-862778,0.3,0.3495161
mp-864655,0.32,0.3710621
mp-865237,0.32,0.15785287
mp-865353,0.24,0.5456678
mp-975255,0.33,0.11233108
mp-975383,-0.14,0.37963623
mp-978278,0.27,0.5022469
mp-985471,0.39,0.3258924
mp-1002207,0.45,0.39657724
mp-1008610,0.42,-0.3725521
mp-1025218,0.35,0.55837125
mp-1025377,0.36,0.39376873
mp-1025431,0.35,0.24475516
mp-10759,0.19,0.3284604
mp-1250,0.27,0.35864443
mp-19920,0.25,0.21304132
mp-20586,0.34,0.3124566
mp-20753,0.27,0.21971689
mp-21175,0.4,0.2550354
mp-21215,0.38,0.025179222
mp-22786,0.29,0.9791321
mp-23152,0.31,-15.242093
mp-27456,0.33,-0.009053826
mp-2955,0.25,0.22581486
mp-3553,0.25,0.32330275
mp-4228,0.24,0.02129905
mp-571653,0.13,-0.534968
mp-625055,0.28,0.2682823
mp-71,0.25,0.68336433
mp-754478,0.3,0.21983396
mp-7915,0.24,0.2700739
mp-8110,0.23,0.15726887
mp-867908,0.43,0.26225322
mp-8771,0.21,-0.20059386
mp-9164,0.28,0.012582079
mp-984873,0.31,0.3723439
mp-990,0.33,0.46640795
mp-1013548,0.16,-0.012127683
mp-1014,0.45,0.4027267
mp-1025397,0.29,0.24044977
mp-12467,0.22,0.21068777
mp-20111,0.21,0.08494036
mp-23159,0.36,0.071972236
mp-27710,0.15,0.26510525
mp-3637,0.3,0.20200934
mp-37214,0.19,0.2790749
mp-4030,0.34,0.3063485
mp-510281,0.34,0.09888588
mp-558125,0.25,0.11263035
mp-567220,0.26,0.4874828
mp-567618,0.41,0.28909916
mp-840,0.33,0.17717554
mp-865648,0.18,0.50764346
mp-9573,0.21,0.24778791
mp-9687,0.32,0.28038806
mp-984765,0.08,0.47553128
mp-989539,0.37,0.39152545
mp-1008630,0.23,0.88535887
mp-1009757,0.32,0.56604683
mp-1018102,0.41,-47.761425
mp-1029338,0.29,0.31009966
mp-1029652,0.23,0.5042462
mp-1029921,0.28,0.35836804
mp-12086,0.35,0.035054162
mp-13035,2.07,0.3636161
mp-18427,0.28,0.24274804
mp-21030,0.2,0.71680814
mp-21462,0.19,0.054102644
mp-2819,0.56,0.24810658
mp-4583,0.92,0.29206795
mp-4604,0.16,0.34152836
mp-4828,0.37,0.31702387
mp-5396,0.29,0.13897826
mp-551675,0.21,0.19408049
mp-554252,0.31,0.39883077
mp-555576,0.3,0.10339306
mp-559676,0.26,0.19948135
mp-570910,0.27,0.27459294
mp-631394,-143.83,-78.70864
mp-6764,0.61,0.33440244
mp-6954,0.19,0.41714996
mp-7068,0.21,-0.01621078
mp-752463,0.35,0.14555575
mp-752467,0.28,0.20154412
mp-754624,0.23,0.29624158
mp-755552,0.25,-0.21050733
mp-756436,0.35,-0.115789354
mp-862727,0.36,0.32016987
mp-862993,0.24,0.1499428
mp-866295,0.3,0.24948196
mp-867207,0.26,0.38571388
mp-975387,0.42,0.3068601
mp-10144,0.29,0.042853788
mp-1016819,0.33,0.14582254
mp-1018810,0.38,0.26931137
mp-1023936,0.21,0.56018794
mp-1029312,0.23,0.4029047
mp-11407,0.34,-0.132707
mp-11469,0.36,0.16980307
mp-122,0.23,-0.6781586
mp-12863,0.27,0.30572337
mp-18912,0.3,0.12391578
mp-19017,0.28,0.18073602
mp-20050,0.3,0.4997719
mp-553932,0.07,0.029154435
mp-571493,0.35,0.34508234
mp-622041,0.41,0.39288926
mp-677103,0.3,0.46560657
mp-690794,0.09,0.42524207
mp-752496,0.31,0.29959726
mp-7846,0.19,0.4584844
mp-862865,0.47,0.47570485
mp-862875,0.47,0.338993
mp-864932,0.34,0.103335515
mp-864983,0.32,-0.050721988
mp-865168,-0.14,0.18371724
mp-865927,0.31,0.11921872
mp-866202,0.55,0.33078384
mp-971827,0.44,0.17054562
mp-973933,0.46,0.10572021
mp-974341,0.31,0.26849157
mp-978986,0.27,0.077369675
mp-998947,0.33,0.20194082
mp-1002117,0.42,-0.11926691
mp-1016852,0.23,0.113041624
mp-1025150,0.27,0.68826014
mp-10422,0.29,0.16419308
mp-10901,0.29,0.47302812
mp-12565,0.39,0.14186938
mp-12598,0.33,0.34315002
mp-15819,0.22,0.22025545
mp-16720,0.27,0.24430372
mp-17045,0.35,0.069964066
mp-19777,0.47,0.09832682
mp-21875,0.35,0.18488394
mp-27471,0.27,0.15610288
mp-28240,0.35,-0.90309006
mp-35388,0.23,0.21176787
mp-555506,0.98,-0.030886874
mp-567889,0.2,0.58155
mp-610706,0.31,0.12672864
mp-631487,0.74,0.379461
mp-631502,0.54,0.32481432
mp-631551,0.52,0.2645347
mp-636273,0.38,0.3783124
mp-7469,0.3,0.1367336
mp-861588,0.35,0.46274692
mp-864795,0.35,0.157598
mp-867182,0.33,0.29670382
mp-867250,0.39,0.1710125
mp-8772,0.16,0.46246344
mp-9578,0.24,0.052065924
mp-973826,0.22,0.19770633
mp-980942,0.29,0.285748
mp-1008912,0.66,0.8217115
mp-1017555,0.37,0.3344881
mp-10245,0.27,0.01793535
mp-1029309,0.26,0.53603405
mp-1264,0.44,0.48984092
mp-1491,0.17,0.35376012
mp-19247,0.41,0.30469674
mp-19378,0.35,0.086787626
mp-204,0.41,0.12873568
mp-20531,0.27,0.23315005
mp-21318,0.4,0.5142086
mp-21443,0.39,0.28295964
mp-29618,0.28,0.117823645
mp-30353,0.36,0.28408897
mp-30579,0.4,0.049698487
mp-30613,0.26,0.07507484
mp-31153,0.32,0.13164057
mp-31208,0.14,0.3229767
mp-34195,0.32,-0.19328755
mp-4300,0.35,0.4970531
mp-489,0.28,-0.34512335
mp-505803,0.34,0.106508
mp-553432,0.13,0.8956912
mp-556194,0.34,0.15503897
mp-567723,0.26,0.4172606
mp-568719,0.35,0.5079315
mp-570223,-0.08,0.011489302
mp-571335,0.32,0.11624886
mp-578601,0.33,-0.0043597072
mp-618991,0.36,0.28071094
mp-777422,0.26,0.2812245
mp-856,0.28,0.1617919
mp-864598,0.25,0.27738422
mp-864987,0.34,0.44124126
mp-864989,0.29,0.23975863
mp-900,0.4,0.3572877
mp-9247,0.29,0.29378074
mp-961725,0.46,-0.18202464
mp-972044,0.25,0.48074132
mp-989404,0.17,-0.08329421
mp-1008881,0.33,0.2702515
mp-1009734,0.5,0.7104208
mp-1018112,0.46,0.66646796
mp-1021423,0.25,0.35769612
mp-1024984,0.34,0.20876507
mp-114,0.62,0.51456
mp-1644,0.47,0.051853433
mp-18802,0.29,0.28300697
mp-21237,0.27,-0.035985738
mp-23155,0.34,0.15271644
mp-23715,0.26,0.37915713
mp-3148,0.46,0.22328769
mp-5068,0.31,0.35995936
mp-5197,0.28,0.1408159
mp-551250,0.26,0.26907873
mp-554352,0.32,0.058074847
mp-561827,2.5,0.5878975
mp-568328,0.17,0.45885295
mp-568565,0.2,0.15307494
mp-570150,0.22,-0.38000095
mp-570179,0.34,0.6298343
mp-570657,0.41,0.3565933
mp-623134,0.31,0.3470428
mp-631338,3.7,1.6915542
mp-865186,0.28,0.2826717
mp-867372,0.39,0.57205313
mp-9587,0.26,0.21350701
mp-973166,0.29,0.29918224
mp-975511,0.47,0.15954672
mp-978543,0.35,0.28769583
mp-989545,0.31,0.22037001
mp-10013,0.56,0.014012337
mp-10027,0.24,0.8903356
mp-10059,0.27,0.28421825
mp-10125,0.34,0.45473194
mp-11387,0.22,0.44711322
mp-11675,0.22,0.11848672
mp-123,0.25,0.24617712
mp-12884,0.3,-0.054336965
mp-13181,-0.76,0.31493956
mp-13263,0.25,-0.014670581
mp-16732,1.46,1.0231686
mp-18835,0.24,0.101391956
mp-19741,0.29,-0.058140025
mp-21135,0.24,0.40620846
mp-21140,0.42,0.24845655
mp-389,0.33,0.21791248
mp-4472,0.26,0.29995418
mp-556788,0.16,0.22353573
mp-561664,0.26,0.35602134
mp-568095,0.18,0.34404314
mp-570140,0.34,0.53863037
mp-571033,0.35,0.46991503
mp-5752,0.25,0.056889877
mp-5778,0.24,0.16484635
mp-5962,0.25,0.34017885
mp-644246,0.33,0.49044114
mp-754839,0.37,0.16929387
mp-755010,0.36,0.31793302
mp-774736,0.34,0.3014878
mp-78,0.27,0.34972054
mp-7848,0.13,0.41064483
mp-8014,0.9,0.28305727
mp-861883,0.41,0.20694132
mp-8621,0.28,0.22078817
mp-862719,0.31,0.4522838
mp-865504,0.4,0.39055252
mp-9095,0.3,0.47223026
mp-975359,0.27,0.13175909
mp-977189,0.3,0.31193233
mp-977583,0.42,0.43209177
mp-1008689,0.55,-0.009130448
mp-1025192,0.31,0.13933592
mp-10918,0.31,0.4761846
mp-1221,0.37,0.37698102
mp-1441,0.37,0.46874458
mp-18773,0.01,0.09710513
mp-19066,0.26,0.15291248
mp-22888,0.3,0.10625319
mp-2395,0.26,0.17995615
mp-2460,0.3,0.05167426
mp-2574,0.37,0.25141346
mp-28995,0.25,0.64139014
mp-29643,0.35,0.4791351
mp-3955,0.08,0.32036293
mp-4064,0.23,0.10610102
mp-504543,0.31,0.14750563
mp-530074,0.17,0.3844403
mp-5452,0.2,0.2021109
mp-570081,0.24,0.33870488
mp-643101,0.28,0.4425481
mp-7583,0.19,0.015926942
mp-758371,0.29,0.29972345
mp-862886,0.33,0.21182446
mp-864969,0.29,0.32847846
mp-865130,0.31,0.42553598
mp-865425,0.37,0.6384078
mp-865547,0.33,0.21999161
mp-9212,0.27,0.19939871
mp-974774,1.06,0.26364398
mp-980749,0.3,-0.029634401
mp-989644,0.33,0.1928087
mp-999263,0.37,0.4148277
mp-1018720,0.31,0.37886077
mp-14115,0.32,0.30534947
mp-19050,0.28,0.16555916
mp-27639,0.29,0.29066676
mp-34169,0.26,0.6324748
mp-3432,0.24,0.43812853
mp-384,0.24,0.15789731
mp-556034,0.26,-0.41193563
mp-5606,0.31,0.093050554
mp-569724,0.26,0.22184514
mp-570923,0.37,0.35083812
mp-571310,0.45,0.28178525
mp-7483,0.38,0.52132195
mp-753920,0.28,0.5178543
mp-842,0.31,0.22189783
mp-861656,0.32,0.1812983
mp-861913,0.25,0.36208457
mp-864904,0.49,0.43557125
mp-864970,0.33,0.23023109
mp-865299,0.34,0.3189693
mp-865421,0.27,0.16529115
mp-865446,0.36,0.4580075
mp-865930,0.35,0.25416172
mp-866007,0.44,0.29733646
mp-866094,0.35,0.2503627
mp-866169,0.38,0.013128921
mp-866184,0.42,1.1533828
mp-867116,0.27,0.58226055
mp-867125,0.29,0.4692946
mp-8677,0.18,0.15839235
mp-9595,0.34,0.06961562
mp-972895,0.48,0.43250346
mp-974326,0.25,0.47406477
mp-975793,0.35,0.28788775
mp-976744,0.27,0.18087299
mp-977286,0.51,0.44137204
mp-982667,0.3,0.37012237
mp-986,0.3,0.20642333
mvc-6389,0.38,0.23822372
mp-1009583,5.22,1.2767302
mp-1013527,0.15,0.55753094
mp-10140,0.21,0.2702464
mp-1018804,0.14,-0.024802133
mp-1025276,0.23,0.2515251
mp-18288,0.39,0.30525655
mp-18740,0.36,0.2517832
mp-2498,0.64,0.38506383
mp-3093,0.29,0.35639483
mp-4656,0.22,-0.002368629
mp-5213,0.28,0.4844219
mp-5347,0.37,0.10774545
mp-545756,0.44,-0.03894797
mp-569837,0.28,0.70920557
mp-570749,0.34,0.56334585
mp-573563,0.17,0.08646999
mp-631694,2.94,0.38880652
mp-677072,0.28,0.008884743
mp-692,0.31,0.18846421
mp-757233,0.27,0.0348026
mp-760,0.19,0.15844066
mp-864670,0.33,0.29243803
mp-867916,0.3,0.3901065
mp-971703,0.38,0.34172243
mp-978537,0.32,0.482778
mp-979940,0.26,0.68870443
mp-989535,0.44,0.48548603
mp-999441,0.35,0.11337419
mp-1016296,0.25,0.41123426
mp-10197,0.54,0.39000922
mp-1025126,-0.17,0.13213961
mp-11872,0.38,0.5553258
mp-1339,0.23,0.4895342
mp-1497,0.28,0.3080685
mp-17177,0.32,0.009349868
mp-19871,0.29,0.27565897
mp-20305,0.28,0.7353267
mp-20777,0.25,0.15783219
mp-21019,0.39,0.07506873
mp-21844,0.19,0.2827468
mp-22149,0.28,0.30808192
mp-22894,0.39,0.35335094
mp-31337,0.31,0.61158925
mp-5419,0.35,0.26160282
mp-5564,0.25,0.53602034
mp-5652,0.31,-0.17658645
mp-567089,0.31,0.37168992
mp-570286,0.18,0.04606487
mp-571485,0.33,0.18480931
mp-571664,0.47,0.5642709
mp-5782,0.35,0.2922948
mp-631421,0.5,0.15722363
mp-6952,0.28,0.13821356
mp-754567,0.32,0.14486523
mp-770881,0.41,0.2088076
mp-7787,0.32,0.1296966
mp-8253,0.27,0.19410132
mp-862901,0.36,0.23728989
mp-865811,0.33,0.41035372
mp-866142,0.32,0.660032
mp-8938,0.21,0.19997995
mp-932,0.3,-0.069481775
mp-975190,0.23,0.022888243
mp-977573,0.21,0.7000834
mp-989550,0.35,0.28078812
mp-9956,0.21,0.054564282
mp-1009769,0.27,-0.5483912
mp-1018764,0.18,0.42687106
mp-1024954,0.21,0.20145266
mp-1025193,0.27,0.17215799
mp-11272,0.3,0.3739652
mp-11531,0.32,0.40733373
mp-1187,0.35,0.2822705
mp-1189,0.23,0.19648258
mp-22446,0.26,0.010438696
mp-2773,0.25,0.7229494
mp-2906,0.22,0.15826692
mp-30655,0.3,0.53200656
mp-30746,0.33,-1.5347182
mp-30800,0.33,-0.045031056
mp-31120,0.29,0.08610438
mp-3466,0.22,0.15329792
mp-5222,0.32,-0.0069518834
mp-562809,0.26,0.08127044
mp-567629,0.33,0.38021457
mp-567747,0.29,-0.123245075
mp-568901,0.31,0.18998335
mp-570896,0.38,0.43445188
mp-572283,0.3,0.365125
mp-657,0.3,0.30439347
mp-7232,0.31,0.4755835
mp-850,0.32,0.28093427
mp-864618,0.37,0.3275668
mp-867196,0.39,0.40997076
mp-8790,0.29,0.25237882
mp-972296,1.5,0.086186066
mp-974613,2.42,0.66025263
mp-977207,0.39,0.06643109
mp-977436,0.35,0.139719
mp-977552,4.24,0.42101687
mp-983590,0.28,0.2372285
mp-986716,0.31,0.5917351
mp-9946,0.29,0.2476614
mvc-15521,0.42,0.13189797
mp-10052,0.27,0.47503728
mp-1014316,0.86,-3.263884
mp-1016871,0.37,0.15109004
mp-1017631,0.5,0.2711528
mp-1024993,0.28,0.08845942
mp-11307,0.3,0.10074256
mp-11503,0.57,0.9245855
mp-16259,0.2,0.03064099
mp-23300,0.25,-1.6832873
mp-2558,0.28,0.034613237
mp-2760,0.22,-0.9306392
mp-28795,0.29,0.24904881
mp-2960,0.31,0.22712694
mp-3359,0.27,0.32716113
mp-568121,0.22,-0.0046400875
mp-569522,0.17,0.2107629
mp-571270,0.21,0.26776505
mp-600124,0.32,0.34682715
mp-694,0.2,0.37025446
mp-7189,0.31,0.23698215
mp-756034,0.23,0.06293069
mp-776,0.33,0.018194735
mp-8073,0.39,0.218381
mp-862884,0.33,0.27379024
mp-864954,0.2,0.0676031
mp-864982,0.25,0.4965996
mp-865361,0.37,0.14459418
mp-872,0.26,0.06424405
mp-8874,0.18,0.13732938
mp-974973,0.29,0.19805901
mp-978277,0.33,0.6775528
mp-982393,0.31,0.331334
mp-1009646,0.54,0.41211754
mp-1029750,0.26,0.5292871
mp-11351,0.3,0.46541095
mp-1208,0.2,0.18855594
mp-16497,0.32,0.21383695
mp-19366,0.34,0.24904852
mp-19435,0.34,0.14076562
mp-1948,0.39,0.47875142
mp-20552,0.31,0.18038921
mp-22418,0.35,-0.10897724
mp-2466,0.33,0.51687044
mp-2536,0.32,0.36762393
mp-2797,0.33,0.26083332
mp-30566,0.44,0.22909893
mp-4823,0.31,0.5497045
mp-568631,0.24,0.5217491
mp-631503,0.37,0.30428356
mp-768197,0.23,-0.033008054
mp-8255,0.14,0.15557395
mp-861953,0.41,0.3642838
mp-862713,0.34,0.076199695
mp-864901,0.36,0.38223094
mp-865430,0.25,0.59348017
mp-865494,0.31,0.03734429
mp-867221,0.29,0.033654675
mp-867816,0.31,0.32716274
mp-8800,0.34,0.25020188
mp-9756,0.33,0.14884315
mp-978293,0.39,0.66332734
mp-981397,0.28,0.3042397
mp-9918,0.26,0.25342894
mp-999550,0.34,-0.11683205
mp-12602,0.27,0.31233317
mp-1651,0.38,0.07334314
mp-18732,0.3,0.5570553
mp-2083,0.35,-0.0018636733
mp-24292,-0.05,0.47853887
mp-306,0.1,0.27744353
mp-3503,0.18,0.3438018
mp-5135,0.23,0.22915246
mp-540584,0.35,0.096189305
mp-568607,0.19,0.1888132
mp-656887,0.27,0.28513587
mp-685055,0.3,0.3706414
mp-7002,0.21,0.037315503
mp-761293,0.36,0.18835442
mp-862879,0.5,0.2675013
mp-864640,0.3,0.033619925
mp-864742,0.51,0.5243954
mp-867191,0.34,0.3189854
mp-9481,0.22,0.082252815
mp-961652,0.29,1.2883714
mp-973415,0.35,0.34439272
mp-975106,0.25,0.4287287
mp-977571,0.55,0.26538628
mp-982070,0.28,-0.3652619
mp-1234,0.2,0.19894119
mp-13082,0.31,0.12556316
mp-1774,0.14,0.14043556
mp-20358,0.39,0.4713667
mp-21316,0.29,0.038861766
mp-23259,0.2,0.05786024
mp-24723,0.37,0.3032784
mp-2661,0.22,0.3187133
mp-27253,0.3,0.25694156
mp-28896,0.34,0.009853676
mp-3155,0.22,0.18339653
mp-32811,0.35,0.24696429
mp-4109,0.28,0.1798061
mp-542569,0.28,0.3811195
mp-552738,0.26,0.22859167
mp-562100,0.24,0.01021038
mp-567278,0.23,0.3092841
mp-567558,0.37,0.24220763
mp-571619,0.3,0.33028883
mp-615141,0.28,0.18128358
mp-7186,0.28,0.25587177
mp-7187,0.34,0.48853922
mp-8074,0.42,0.2751928
mp-864921,0.31,0.5659827
mp-867210,0.21,0.3107503
mp-867799,0.26,0.43256277
mp-8843,0.36,-0.09396301
mp-973068,0.31,0.35684514
mp-975609,1.32,0.4038015
mp-977546,0.28,0.2588256
mp-984772,0.33,0.15792696
mp-989533,0.36,0.4302686
mp-995181,0.26,0.46918708
mp-1001783,0.24,0.1031688
mp-1002230,0.46,-0.088480905
mp-1019564,0.14,-1.0630914
mp-1025191,0.3,0.28351307
mp-11239,0.31,0.21267377
mp-11275,0.21,0.24227048
mp-11652,0.17,0.30039734
mp-12669,0.28,0.256099
mp-16506,0.16,0.14469807
mp-1854,0.31,0.48608333
mp-18922,0.33,0.119026765
mp-19448,0.29,0.35101193
mp-22211,0.81,0.43133003
mp-23791,0.29,0.5100296
mp-27276,0.35,0.40969878
mp-27519,0.24,0.11488755
mp-2772,0.19,0.49031484
mp-30031,0.23,-0.09576358
mp-30738,0.3,0.29984272
mp-31368,0.36,0.17922951
mp-31402,0.34,0.1442783
mp-321,0.33,0.3997677
mp-4009,0.34,0.060641184
mp-4367,0.35,0.11020528
mp-552663,0.29,-0.079273835
mp-567484,0.28,-0.13515913
mp-568337,0.4,0.37292337
mp-635966,0.26,0.082022294
mp-674158,0.6,0.41789347
mp-7263,0.14,0.11448605
mp-743,0.27,0.65068597
mp-754969,0.2,0.19433899
mp-755959,0.28,0.28687292
mp-7977,0.28,0.23236619
mp-862797,0.48,0.22456436
mp-864935,0.38,0.37557673
mp-865583,0.31,0.10308342
mp-865597,0.39,0.58807683
mp-865931,0.34,0.4173602
mp-866020,0.28,0.31714255
mp-866199,0.32,0.7027411
mp-867266,0.31,0.068079814
mp-867762,0.4,0.33715975
mp-973535,1.23,0.118562624
mp-975463,0.28,0.25583822
mvc-14600,0.31,0.2040674
mvc-15843,0.2,0.18839084
mp-1018166,0.26,-0.008635402
mp-1018179,0.4,0.43907154
mp-1025324,0.33,0.4582615
mp-1025554,0.24,0.12457867
mp-15607,0.23,-0.46798623
mp-1572,0.24,0.14122738
mp-21859,0.38,0.318936
mp-22756,0.31,0.19512366
mp-22898,0.26,0.23457088
mp-29584,0.31,0.27583903
mp-458,0.32,0.5921765
mp-5075,0.23,0.2544945
mp-5288,0.26,0.2937106
mp-556076,0.28,0.081407234
mp-613,0.39,0.28016794
mp-755568,0.31,-0.06867376
mp-766,0.22,0.061537758
mp-770618,0.26,0.037984267
mp-773602,2.07,0.02769804
mp-861600,0.28,0.3774491
mp-862622,0.31,0.15394096
mp-864715,0.29,0.32042438
mp-864951,0.26,0.34982634
mp-865211,0.33,0.24383913
mp-867771,0.39,0.18976258
mp-9672,0.23,0.10110937
mp-975788,0.35,0.37868148
mp-982381,0.4,-0.016650692
mp-985587,0.46,0.5100567
mp-989575,0.13,0.44517267
mvc-11697,0.31,0.09583615
mvc-13470,0.09,0.28641993
mp-1018013,0.43,0.6137813
mp-1022494,0.21,0.41273445
mp-10247,0.3,0.24201582
mp-1039147,0.31,-1.7640972
mp-11714,0.16,-0.06755562
mp-11822,0.23,0.37091202
mp-12710,0.34,0.41449326
mp-1315,0.22,-0.021821946
mp-13174,0.49,0.14046048
mp-20521,0.48,0.28907627
mp-22289,0.3,-0.01828663
mp-2243,0.27,-0.22026514
mp-2697,0.27,0.061173603
mp-27863,0.21,0.07790963
mp-29327,0.17,0.15795715
mp-3534,0.26,0.3073824
mp-4002,0.25,-0.09477797
mp-470,0.25,0.26406246
mp-5501,0.31,0.05934842
mp-567767,0.32,-0.0043864846
mp-570050,0.2,0.22100441
mp-571651,0.26,0.5770117
mp-607475,0.25,0.4140212
mp-629458,0.09,0.1652854
mp-631564,-3.06,0.08476235
mp-697030,0.21,0.261281
mp-715553,0.27,0.02234976
mp-731,0.34,0.43789643
mp-7639,0.25,0.17334376
mp-782035,0.22,0.15678643
mp-863711,0.35,0.27617043
mp-865640,0.28,0.05615045
mp-867144,0.33,0.24220069
mp-972285,0.17,0.048593834
mp-998964,0.26,0.077920005
mp-999132,0.25,0.009197801
mp-1001828,0.69,0.3443975
mp-1008491,1.24,0.30490196
mp-1016826,0.48,0.047427937
mp-10183,0.34,1.1264209
mp-1023193,0.26,0.430901
mp-1025461,0.31,0.19608243
mp-10550,0.2,0.25889152
mp-11695,0.35,0.24920867
mp-12572,0.45,0.06812079
mp-126,0.41,0.37509102
mp-12802,0.35,0.3110798
mp-12867,0.25,0.2947244
mp-1773,0.18,0.5641444
mp-18962,0.27,0.22478943
mp-19880,0.19,0.036198422
mp-21048,0.18,0.077663615
mp-23714,0.23,0.4995473
mp-2732,0.34,-1.3811707
mp-29066,0.24,0.13323908
mp-30815,0.32,0.39005768
mp-4354,0.34,0.20858021
mp-4908,0.28,0.2560869
mp-4953,0.28,0.36477995
mp-535,0.37,0.1263115
mp-568,0.25,0.25187212
mp-631299,0.49,0.18269728
mp-637575,0.21,0.17873983
mp-673171,1.14,1.0990524
mp-754046,0.37,0.27110785
mp-754495,0.33,0.057971105
mp-754812,0.32,0.13921414
mp-7725,0.3,0.6653609
mp-7907,0.24,0.32748932
mp-862371,0.32,0.27522355
mp-862926,-1.56,0.38381892
mp-864889,0.33,0.59610146
mp-867137,0.3,0.2149115
mp-962068,0.43,-1.0888916
mp-971739,0.39,0.12115614
mp-972536,0.38,0.39115053
mp-973778,0.53,0.31870657
mp-1006057,0.32,0.1877505
mp-1019109,0.29,0.16989438
mp-1025113,0.34,0.21625476
mp-1057,0.23,0.40274453
mp-11222,0.26,0.37620908
mp-1153,0.18,-0.0035616308
mp-23038,0.31,0.5457418
mp-2863,0.33,0.24645983
mp-36864,0.21,0.13838659
mp-496,0.28,0.1159976
mp-569788,0.24,-0.008788168
mp-756490,0.25,0.06533198
mp-7723,-0.6,0.11792846
mp-8528,0.27,0.26397735
mp-861955,0.28,0.2562074
mp-8632,0.55,0.36362302
mp-865096,0.23,0.29053056
mp-865743,0.36,0.19224666
mp-867225,0.49,0.4319582
mp-973270,0.36,0.4518749
mp-10055,0.25,0.36511666
mp-11401,0.26,0.4017164
mp-11460,0.33,0.6759539
mp-12268,0.34,0.04096012
mp-20225,0.34,0.7226387
mp-21040,0.26,0.3293413
mp-21043,0.33,0.1154093
mp-2226,0.35,-0.02842839
mp-2568,0.58,0.7502649
mp-3108,0.26,0.38924313
mp-3648,0.5,0.30015987
mp-4091,0.28,0.16740577
mp-4613,0.24,0.25395662
mp-4895,0.26,0.06305714
mp-505296,0.15,0.24091844
mp-549709,0.29,0.18416522
mp-556548,0.27,0.3130725
mp-5597,0.16,0.3549521
mp-570018,0.25,0.35080183
mp-6179,0.27,0.23912655
mp-631479,0.34,-0.21577032
mp-631572,4.87,0.30468774
mp-640266,0.3,0.2013536
mp-7204,0.3,0.22854482
mp-753911,0.3,0.15279712
mp-7898,0.36,0.32886118
mp-8370,0.37,0.18300365
mp-864916,0.3,0.53406775
mp-865356,0.23,0.21746765
mp-865901,0.26,0.2970041
mp-865984,0.36,0.18290137
mp-866082,0.38,0.27434832
mp-866186,0.29,0.33843637
mp-867756,0.35,0.14524846
mp-8846,0.27,0.25541246
mp-979465,0.34,0.28902012
mp-984722,0.64,0.06044282
mp-1001916,0.31,0.25236195
mp-1013702,0.29,0.28998303
mp-1014251,0.3,0.22131859
mp-1017581,0.86,0.21160026
mp-1025441,0.24,0.10981105
mp-10662,0.84,0.6834023
mp-11454,0.32,1.8707219
mp-11973,0.37,0.3049721
mp-12283,0.31,0.29225457
mp-1269,0.31,0.16193123
mp-15999,0.27,0.10901676
mp-18829,0.33,0.30740649
mp-2033,0.33,0.41941804
mp-21855,0.26,0.23807333
mp-22513,0.36,0.31674594
mp-27719,0.39,0.2747683
mp-27932,0.18,0.13813998
mp-29964,0.28,0.21828298
mp-3372,0.28,0.20546211
mp-510589,0.34,0.19624923
mp-555296,0.32,0.028512582
mp-690760,0.38,0.83945924
mp-690789,0.17,0.4558487
mp-7476,0.25,0.22939013
mp-753490,0.28,0.4932381
mp-864937,0.28,0.39849162
mp-865080,-0.3,0.36794466
mp-865241,0.31,0.22320448
mp-865608,0.41,0.2494831
mp-9744,0.32,1.4912397
mp-975972,0.25,0.21530347
mp-978527,0.34,0.34773988
mp-979955,0.26,0.55648166
mp-985281,0.33,-1.0761799
mp-989405,0.26,0.46745676
mp-999249,0.42,0.22871648
mp-10030,0.38,0.58950096
mp-1014214,-28.01,-4.2455406
mp-1016873,0.23,-0.08952291
mp-1017511,0.38,-0.20513648
mp-1018941,0.29,0.20565532
mp-10244,0.26,0.27184147
mp-1025413,0.27,0.16838469
mp-11526,0.28,0.366287
mp-11839,0.3,0.30835748
mp-1245,0.15,0.41401923
mp-12593,0.3,0.43345934
mp-13118,0.32,0.3911366
mp-19027,0.24,0.14864983
mp-1939,0.33,0.31992805
mp-24417,0.19,0.28082013
mp-29638,0.33,0.087106034
mp-31141,0.82,0.16439657
mp-3428,0.5,0.36942083
mp-5090,0.21,0.5201169
mp-510268,0.38,0.27438658
mp-568347,0.24,0.17769007
mp-571638,0.28,0.471893
mp-5933,0.27,0.17106472
mp-627439,0.26,0.28719038
mp-631429,0.28,1.1972092
mp-7922,0.16,0.15719111
mp-82,0.38,0.4699465
mp-865884,0.32,0.29686397
mp-867130,0.25,0.0628676
mp-867829,0.3,0.40506643
mp-867849,0.38,0.18504475
mp-867853,0.5,0.42316484
mp-974458,0.36,0.0066272765
mp-977421,0.38,0.31215447
mp-978652,0.18,0.4836458
mp-9839,0.24,0.3555169
mp-984544,0.33,0.24856888
mp-989566,0.43,0.36158448
mp-1008526,0.23,0.747708
mp-1008728,0.33,0.5168084
mp-1009819,0.42,0.22927152
mp-1017563,0.58,-0.0792782
mp-1025351,0.23,0.7707032
mp-10633,-2.39,0.110341206
mp-13513,0.28,0.3066759
mp-13679,0.25,0.10151549
mp-16261,0.25,0.2883752
mp-1779,0.23,-0.39741492
mp-18167,0.28,0.27001423
mp-20817,0.27,0.2793901
mp-21400,0.36,0.098327205
mp-21418,0.39,0.047043905
mp-27468,0.26,0.2638889
mp-27904,0.16,0.13784914
mp-28364,0.33,0.28062934
mp-29025,0.25,0.21726309
mp-30650,0.27,0.06320833
mp-3196,0.3,0.08695556
mp-505042,0.3,0.35773706
mp-5353,0.26,0.25758833
mp-541753,0.39,0.36837512
mp-545974,0.36,0.33095372
mp-567809,0.36,0.5298877
mp-631540,0.71,-0.37596282
mp-643,0.3,0.9437638
mp-776216,0.29,0.4331017
mp-8300,0.26,0.12867393
mp-862695,0.25,0.28379333
mp-865234,0.34,0.25838184
mp-865443,1.06,0.34470618
mp-867798,0.44,0.4753915
mp-867925,0.28,0.26046836
mp-979234,0.28,0.21222974
mp-983236,0.36,0.31412983
mp-985296,0.35,0.63566273
mp-999266,0.23,0.11838935
mp-1007730,0.29,0.5479472
mp-1025155,0.29,0.06671755
mp-11445,0.24,0.47520494
mp-12411,0.18,0.45007062
mp-1387,0.47,0.41685456
mp-1629,0.45,0.0034462959
mp-16828,0.25,0.34274375
mp-1852,0.21,0.2078933
mp-18848,0.31,0.20268969
mp-19791,0.25,0.113255605
mp-20689,0.22,0.27174932
mp-2102,0.2,0.25919175
mp-21493,0.26,-0.59703064
mp-23033,0.26,0.3342052
mp-24154,0.3,-0.5129064
mp-27769,0.32,0.19339077
mp-30603,0.32,0.11061685
mp-37473,0.28,-0.0018551648
mp-4088,0.23,0.11409943
mp-505822,0.32,0.2534719
mp-541365,0.17,0.3912959
mp-556041,0.29,0.078289375
mp-571195,0.28,0.2496951
mp-590,0.34,0.32271308
mp-5983,0.27,0.11800106
mp-712,0.29,0.6327102
mp-862373,0.44,0.029329404
mp-8648,0.25,0.37992483
mp-865588,0.32,0.47896594
mp-973940,0.37,0.3100112
mp-978490,0.35,0.22124876
mp-980054,0.41,0.47256082
mp-981311,0.44,0.23246215
mp-989402,0.44,0.38264441
mp-998860,-7.22,-0.15310425
mvc-14411,0.25,0.21655203
mp-1008986,0.66,-1.9381589
mp-1009545,0.32,0.12843959
mp-10180,0.32,0.117455795
mp-10256,0.24,0.27656466
mp-10289,0.22,-0.46029812
mp-1029711,0.34,0.22761504
mp-10685,1.71,0.15328394
mp-12648,0.09,0.18596415
mp-1468,0.3,0.5068335
mp-1690,0.15,0.36565566
mp-19365,0.31,-0.09879567
mp-19800,0.29,0.18623357
mp-23305,0.26,0.2058868
mp-2341,0.22,0.4126523
mp-2563,0.17,0.08159973
mp-2784,0.02,0.27262175
mp-4529,0.29,0.055322334
mp-4549,0.35,0.4822905
mp-631417,0.48,0.1140476
mp-634859,0.29,-2.8011577
mp-64,0.18,0.25134778
mp-693,0.39,0.3420593
mp-761415,0.3,0.37259823
mp-771359,0.34,0.43529236
mp-7814,0.21,0.09995817
mp-8017,0.3,0.3234188
mp-8281,0.25,0.21487428
mp-8452,0.18,0.088470325
mp-8456,0.32,0.496535
mp-866088,0.29,0.36096793
mp-867135,0.57,0.42549878
mp-9127,0.27,0.45983255
mp-974457,0.34,0.16433553
mp-978624,0.39,0.10675727
mp-979429,0.37,0.38832903
mp-982017,0.35,0.4078617
mp-983359,0.53,0.270428
mp-9967,0.21,0.12525253
mp-999308,0.37,-0.23587582
mvc-11438,0.33,-0.045503467
mp-1021503,0.28,0.27122855
mp-1025517,0.24,0.5388725
mp-1291,0.34,0.24360357
mp-1299,0.35,1.0192925
mp-13446,0.36,0.036182925
mp-16250,0.37,0.41158128
mp-16905,0.27,0.08735351
mp-173,0.23,-0.06626959
mp-20567,0.32,0.49174863
mp-2210,0.38,0.34737927
mp-2305,0.22,0.85771984
mp-23729,0.2,0.4094293
mp-23737,0.16,0.3483811
mp-2724,0.24,0.42993677
mp-2752,0.35,0.33767277
mp-3469,0.32,0.5092013
mp-365,0.21,0.27282268
mp-3934,0.3,0.1528401
mp-4590,0.3,-0.09918132
mp-505515,0.34,0.1652395
mp-566131,0.17,0.044296846
mp-569785,0.4,0.50346214
mp-581024,0.24,0.37931782
mp-637771,0.32,0.24429624
mp-865803,0.3,0.3434673
mp-9568,0.14,0.2772774
mp-977549,0.31,0.23089771
mp-978500,0.33,0.47557545
mp-982734,0.34,0.3393314
mp-1025190,0.3,0.29138696
mp-1025222,0.35,0.123312935
mp-1029375,0.39,0.5429628
mp-1029610,0.26,0.4945963
mp-10873,0.41,0.4134981
mp-11466,0.44,-0.04566574
mp-13136,0.32,0.07571806
mp-13925,-0.82,0.40422142
mp-14753,0.19,0.2744007
mp-1521,0.29,0.265189
mp-15397,0.31,0.06489827
mp-16524,0.36,0.43793172
mp-1777,0.22,0.53555423
mp-1785,0.26,0.055001065
mp-19128,0.38,0.40972245
mp-19836,0.38,0.14450721
mp-20082,0.34,0.43784875
mp-20133,0.26,0.1899241
mp-21236,0.33,0.16346423
mp-2172,0.26,0.9181133
mp-22212,0.21,0.12455307
mp-22962,0.3,0.82255834
mp-23137,0.25,0.14410947
mp-24517,0.2,0.37518907
mp-2858,0.3,0.16129528
mp-30825,0.32,0.227854
mp-34467,0.23,0.27462637
mp-3470,0.22,0.024811536
mp-38394,0.25,0.13007645
mp-5190,0.26,0.4089715
mp-542065,0.46,0.48653406
mp-568245,0.31,0.17360689
mp-570543,0.67,0.41024637
mp-6204,-0.02,0.42698073
mp-631329,0.31,0.22892027
mp-644419,0.33,0.3023904
mp-679,0.3,0.22525464
mp-7438,0.21,0.3554994
mp-769253,0.37,0.3294617
mp-8215,0.35,0.2004381
mp-8462,0.27,0.18111525
mp-861738,0.21,0.23775269
mp-862720,0.55,0.28485137
mp-865600,0.34,0.54144526
mp-867134,0.33,0.17603497
mp-9272,0.27,0.28960806
mp-974950,0.46,0.05269997
mp-10,0.27,-1.0342146
mp-1009694,0.39,-0.07159263
mp-1013703,0.28,-0.5827143
mp-10208,0.27,0.15696181
mp-1024994,0.36,0.12234698
mp-10674,0.37,0.011117101
mp-10698,0.27,0.17232804
mp-10734,0.31,0.69431657
mp-1345,0.22,0.5748242
mp-14209,0.17,0.56733227
mp-18712,0.34,-0.52691966
mp-2018,0.31,0.19645347
mp-20235,0.22,0.19619493
mp-21366,0.29,0.293099
mp-22206,0.25,0.11190607
mp-229,0.27,0.70434767
mp-22957,0.24,0.2329226
mp-23339,0.25,0.20494197
mp-2338,0.25,0.22191004
mp-2352,0.23,0.36728698
mp-23558,0.4,0.19977404
mp-24149,0.22,0.31466198
mp-29663,-0.15,-0.32703668
mp-29665,0.43,0.1459469
mp-2968,0.28,0.2860126
mp-30921,0.34,0.2935509
mp-441,0.33,-0.066769704
mp-4481,0.27,0.15714143
mp-505110,0.34,0.3331653
mp-554201,0.33,0.08404572
mp-557018,0.21,0.14476825
mp-557762,0.25,0.055413052
mp-560620,0.27,-0.02192162
mp-571222,0.21,0.39777946
mp-5760,0.28,0.09698664
mp-639662,0.26,0.33164948
mp-6972,0.39,0.2591104
mp-752953,0.27,0.20546766
mp-862620,0.26,0.13028543
mp-865108,0.35,0.3315727
mp-867110,0.3,0.26731473
mp-867193,0.25,0.15247323
mp-87,0.04,0.3388114
mp-978285,0.27,0.75519544
mp-982,0.35,0.6782674
mp-985285,-0.05,0.35955673
mp-991676,0.23,0.03182684
mp-9927,0.13,-0.071734264
mp-1011031,0.78,0.5427936
mp-10139,0.17,0.24513577
mp-1018130,0.66,0.98879474
mp-12585,0.23,0.43690294
mp-12630,0.23,0.19253547
mp-1357,0.24,0.29927868
mp-13982,0.32,0.21979348
mp-14338,0.34,0.5645503
mp-21371,0.27,0.04879801
mp-23262,0.27,-0.033304706
mp-2381,0.34,0.76572335
mp-2516,0.29,1.0022712
mp-3040,0.26,0.24505813
mp-30619,0.35,0.09562357
mp-31324,0.12,0.23247485
mp-316,0.28,0.7723075
mp-3441,0.26,0.36266148
mp-3716,0.14,0.3039046
mp-506,0.44,1.7016767
mp-5126,0.3,0.091642156
mp-5260,0.29,0.22460668
mp-5381,0.28,0.3704362
mp-542106,0.36,0.32615048
mp-559492,0.34,0.16545896
mp-560119,0.36,0.0819283
mp-568931,0.29,-0.11713417
mp-641923,0.28,0.2763641
mp-646824,0.32,0.35730356
mp-675271,0.34,0.049285218
mp-684668,0.32,0.3925348
mp-7149,0.22,0.27140754
mp-753459,0.3,-0.17969416
mp-754009,0.3,0.119182274
mp-7622,0.29,0.028930202
mp-862885,0.35,0.32316726
mp-863684,0.39,0.28243095
mp-865112,0.3,0.29611164
mp-865594,0.33,0.39424044
mp-865996,0.37,0.38331646
mp-9307,0.3,0.38968682
mp-972185,0.55,0.17800708
mp-972217,0.37,0.3340398
mp-978855,0.53,0.058548316
mvc-10966,0.85,0.18963377
mp-1008278,0.34,0.33521432
mp-1009471,0.23,0.74441725
mp-1016823,0.18,0.13152607
mp-1102,0.18,1.198704
mp-16340,0.32,-0.47634006
mp-1915,0.24,0.2181846
mp-1938,0.24,0.2630657
mp-1986,0.36,0.50218076
mp-20560,0.26,0.26212806
mp-25317,0.29,0.23773508
mp-28786,0.29,0.07771371
mp-2931,0.23,0.048567012
mp-30801,0.26,0.14783959
mp-4441,0.29,0.22814362
mp-488,0.4,0.4666307
mp-504659,0.28,0.22168861
mp-560,0.33,0.3900681
mp-567412,0.21,0.24629493
mp-631474,0.55,0.06930636
mp-649479,0.26,0.33988982
mp-7017,0.22,0.06834845
mp-778364,0.27,0.30210155
mp-865671,0.27,0.453721
mp-979287,0.35,0.39826214
mp-983583,0.3,0.17244779
mp-1018132,0.25,-0.004706517
mp-102,0.29,0.30466592
mp-10649,0.33,-0.3703215
mp-11360,0.37,0.10646628
mp-11493,0.39,1.1588179
mp-30799,0.34,0.5451893
mp-30807,0.33,0.20272653
mp-545481,0.18,0.4065649
mp-561480,0.29,0.33324856
mp-569008,0.48,0.3523113
mp-638765,0.24,0.33125925
mp-68,0.28,0.03656675
mp-6973,0.21,0.16524915
mp-754055,0.3,0.22318728
mp-754701,0.31,0.2639146
mp-755894,0.29,0.0019251257
mp-761034,0.27,0.4081825
mp-765508,0.3,0.25975955
mp-862682,0.28,0.06404255
mp-865100,0.35,0.30557853
mp-865127,0.51,0.20121358
mp-865815,0.42,0.267869
mp-865912,0.35,0.42604673
mp-867313,0.32,0.35507208
mp-976330,0.39,-0.03228046
mp-979963,0.22,0.6125206
mp-983584,3.63,0.42590547
mp-9906,0.31,0.2391523
mp-10167,0.43,0.28975868
mp-1029562,0.22,0.40049022
mp-11465,0.28,0.114725664
mp-17275,0.27,0.30889356
mp-19905,0.29,0.02185595
mp-20310,0.3,0.38239253
mp-22589,0.3,0.19103153
mp-2434,0.37,0.3973788
mp-31147,0.21,0.4258511
mp-3710,0.3,0.18984114
mp-4505,0.22,0.15761076
mp-5215,0.25,0.34767568
mp-547244,0.54,0.1980669
mp-561428,0.15,0.09266867
mp-569482,0.31,0.22350077
mp-570459,0.49,0.372451
mp-631425,0.28,0.06589405
mp-637614,0.33,0.045517907
mp-7099,0.3,0.20424052
mp-752401,0.39,0.23083849
mp-753890,0.34,0.47314644
mp-863723,0.2,0.46879148
mp-865049,0.37,0.23232596
mp-867148,0.33,0.3458084
mp-945,0.31,0.40971303
mp-961654,0.64,0.10634686
mp-97,0.27,0.2926708
mp-971948,0.35,0.10931443
mp-972635,0.36,0.35655236
mp-973271,0.06,0.10111605
mp-978518,0.47,0.29661483
mp-985551,0.29,0.49987668
mp-985626,0.27,0.102954015
mp-989528,0.33,0.43120772
mp-999474,0.23,0.4670061
mp-1009533,0.44,1.4328533
mp-1014005,0.31,0.31640965
mp-10181,0.37,0.34000832
mp-10606,0.19,0.0153401345
mp-13068,0.37,0.14095007
mp-14088,0.29,0.16091354
mp-15622,0.24,0.050613716
mp-1934,0.25,0.37471765
mp-20151,0.24,0.25078243
mp-20812,0.31,-0.2988383
mp-2163,0.34,0.2540902
mp-27668,0.2,-0.06355803
mp-27726,0.26,-0.042793542
mp-27823,0.31,0.23006867
mp-342,0.35,0.3327595
mp-36526,0.31,0.10057582
mp-4189,0.25,0.40706557
mp-4385,0.34,0.20155762
mp-505215,0.34,0.29302853
mp-505540,0.31,0.59150285
mp-554212,0.32,0.4890465
mp-569610,0.36,0.61923075
mp-571044,0.24,0.40591556
mp-571622,0.26,0.28311032
mp-754553,0.31,0.32422167
mp-755378,0.29,0.15024595
mp-769365,0.36,0.15851761
mp-861637,0.33,0.1485716
mp-863674,0.32,0.21473466
mp-865462,0.31,0.36966193
mp-865566,0.34,0.39246404
mp-866155,0.32,0.14582418
mp-973534,0.29,0.19875203
mp-978953,0.46,0.22855316
mp-979038,0.41,0.45307237
mp-985438,0.34,0.25638145
mp-989587,0.68,0.18044324
mp-10065,0.26,0.24865313
mp-10076,0.27,0.1852376
mp-1013553,0.03,0.27816844
mp-10148,-0.53,0.4984606
mp-1020703,0.24,0.28054988
mp-1029262,0.32,0.2934963
mp-1040467,0.27,0.39062542
mp-11343,-0.12,-0.063816324
mp-20027,0.17,0.34802085
mp-22060,0.45,0.350591
mp-2379,0.34,0.76312596
mp-28711,0.17,0.18081702
mp-504935,0.29,0.35061735
mp-553310,0.33,0.33072096
mp-568661,0.27,0.5113273
mp-569898,0.34,0.33366346
mp-570811,0.47,0.23308183
mp-643432,0.25,0.17236553
mp-697,0.25,0.110297784
mp-7540,0.49,0.4502496
mp-771199,0.33,0.28000128
mp-8041,0.29,0.6299859
mp-8101,0.4,-0.2627362
mp-850062,0.34,0.28796184
mp-862942,0.37,0.3690843
mp-865650,0.3,0.3037259
mp-8780,0.29,0.26785928
mp-973734,0.33,0.31382912
mp-975994,0.41,0.22281109
mp-980053,0.35,0.38715827
mp-989695,0.35,-0.009317115
mp-999189,0.51,0.31247354
mp-999376,0.28,0.3719254
mp-1001825,0.18,0.25663358
mp-1018714,0.29,0.3511927
mp-10614,0.22,0.06797014
mp-12763,0.33,0.2595039
mp-14,0.2,0.32940835
mp-15701,0.26,0.3288358
mp-1598,0.27,0.1812677
mp-20922,0.31,0.14972316
mp-21391,0.25,0.10759275
mp-2364,0.28,0.16903774
mp-24428,0.27,0.31107157
mp-27388,0.22,0.1559171
mp-4405,0.25,0.1687048
mp-556094,0.32,-0.113858595
mp-73,-0.7,2.3944771
mp-864908,0.27,0.5529193
mp-865987,0.38,0.39737958
mp-866120,0.35,0.31566018
mp-867170,0.23,0.39945024
mp-867226,0.29,0.31092358
mp-971705,0.36,0.19247009
mp-973777,0.58,0.44230962
mp-983908,0.31,0.15976124
mp-1016848,0.22,0.24449156
mp-1018721,0.37,0.2608167
mp-10390,0.27,0.13046388
mp-11700,0.24,0.2664069
mp-11733,0.21,0.4391349
mp-1265,0.19,0.15072955
mp-12874,0.65,0.77478725
mp-169,0.19,-9.646896
mp-17518,0.27,0.5256785
mp-20362,0.32,0.30706972
mp-22585,0.35,0.2500425
mp-28448,0.29,0.31410134
mp-30796,-10.93,-0.8132329
mp-5020,0.31,0.0165063
mp-551685,0.35,0.87102824
mp-556253,0.3,0.2515049
mp-558518,0.21,0.18704014
mp-568371,0.29,0.16929619
mp-637255,0.27,0.4094228
mp-775127,0.31,-0.01662825
mp-865916,0.3,0.17569803
mp-9312,0.25,0.076726094
mp-972884,0.25,0.19244708
mp-973979,0.38,0.27487838
mp-978501,0.32,0.39884192
mp-978508,0.37,0.41187537
mp-984796,0.24,0.5467926
mp-989542,0.29,0.2791437
mp-995214,0.31,0.42680812
mp-1001918,1.19,0.80332476
mp-1007663,0.25,0.11778419
mp-1009088,0.18,0.26050758
mp-1019508,0.25,0.38401085
mp-10394,0.32,0.2740445
mp-11251,0.37,0.35213864
mp-11498,0.71,0.18748797
mp-12608,0.36,0.42012775
mp-1768,2.04,0.2484969
mp-20106,0.25,-0.03131686
mp-21483,0.34,0.34388167
mp-2294,0.35,0.030178502
mp-23163,0.37,-0.07598786
mp-2347,0.45,0.29956752
mp-2403,0.32,0.37646443
mp-266,0.33,-49.66416
mp-27636,0.27,0.17913835
mp-30441,0.1,0.03322281
mp-30852,0.34,0.6316348
mp-3522,0.27,0.17730545
mp-3682,0.31,0.4417982
mp-4593,0.25,0.26123065
mp-556075,0.26,0.06418453
mp-570354,0.33,-0.22711498
mp-574199,0.24,0.11048575
mp-675748,0.25,0.35010713
mp-70,0.36,-0.04392071
mp-720,0.18,0.39019257
mp-753848,0.3,0.36085838
mp-866227,0.36,0.32460898
mp-8982,0.26,0.14166148
mp-962060,0.41,-0.33334357
mp-972088,0.32,0.14545013
mp-973455,0.26,0.13256966
mp-975611,0.92,0.6535137
mp-975920,0.35,0.33197498
mp-977165,0.01,0.038348958
mp-981749,0.36,0.55154073
mp-1017543,0.29,0.54198885
mp-1018083,0.34,0.3562867
mp-1018154,0.29,0.49637014
mp-1018734,0.4,0.13644953
mp-1025313,0.38,0.22031172
mp-1029699,0.39,-0.012862101
mp-11492,0.37,0.2959636
mp-19819,0.37,0.2936973
mp-20599,0.38,0.56965905
mp-23291,0.31,0.5378435
mp-24148,0.25,0.34984434
mp-30671,0.28,4.194355
mp-344,0.23,0.6149382
mp-554601,0.3,0.1996416
mp-568146,0.27,0.2813189
mp-622693,-0.2,0.23290686
mp-631525,0.28,0.24251746
mp-631555,0.45,0.15295826
mp-6957,0.2,0.03922437
mp-7083,0.23,0.26928484
mp-754629,0.38,0.122628495
mp-760432,0.29,0.18027161
mp-765499,0.25,0.34075958
mp-7929,0.28,0.12820564
mp-864898,0.21,0.23500527
mp-867902,0.24,0.33232778
mp-961649,0.23,0.48824692
mp-972228,0.29,-0.2167647
mp-975652,0.31,0.03727992
mp-975848,0.26,0.25154698
mp-978514,0.24,0.18020259
mp-989548,0.1,0.41736
mp-1038934,0.86,0.41961724
mp-10700,0.35,0.11604892
mp-12403,0.23,0.2851758
mp-13041,0.64,0.07500325
mp-15856,0.33,0.22077952
mp-19330,0.31,0.15756492
mp-19784,0.32,-0.0464267
mp-20760,0.41,0.28500313
mp-21662,0.24,0.37232476
mp-217,0.34,0.29601014
mp-22266,0.27,0.22028507
mp-23289,0.38,0.8945882
mp-2350,0.29,0.06993361
mp-27891,0.28,-0.48586798
mp-28116,0.22,0.79448193
mp-32686,0.27,-0.13794631
mp-47,0.07,-0.55655617
mp-4893,0.24,0.347157
mp-543001,0.25,0.41412067
mp-567395,0.3,0.5792325
mp-631455,3.0,0.37911874
mp-695998,0.24,0.4646486
mp-8535,0.26,0.26370507
mp-862680,0.54,0.29683197
mp-862691,0.23,0.26489794
mp-864606,0.28,0.25295764
mp-865249,0.31,0.29163772
mp-865858,0.42,0.50180006
mp-8756,0.25,0.1936997
mp-972373,0.49,0.10373433
mp-976139,0.31,0.32349092
mp-979044,0.32,0.19974901
mp-997569,0.3,0.037800357
mvc-13900,0.3,0.36285985
mvc-14006,0.39,0.18859164
mp-10000,0.26,0.31970716
mp-10046,0.26,0.13028853
mp-1013558,0.21,0.45724767
mp-12712,0.41,0.41378874
mp-1294,0.39,0.13741429
mp-1328,0.37,0.23773448
mp-15641,0.18,0.117072806
mp-16033,0.28,0.23315509
mp-20491,0.35,0.16778792
mp-21863,0.34,0.3630522
mp-23234,0.26,-0.39292103
mp-2482,0.39,-13.594368
mp-27830,0.44,0.49742883
mp-29111,0.24,0.22760092
mp-29308,0.32,0.37688828
mp-3597,0.3,0.1910188
mp-4276,0.31,0.072658405
mp-4492,0.29,0.22845627
mp-505572,0.26,0.028565452
mp-568186,0.38,0.2335227
mp-634657,0.3,0.30394286
mp-7343,0.35,0.20875059
mp-865240,0.31,0.21130879
mp-867810,0.42,0.31672156
mp-9068,0.24,0.10598348
mp-973191,0.6,0.24062105
mp-973792,0.56,-0.002101764
mp-976272,0.09,0.31925464
mp-976598,0.26,0.34516144
mp-978497,0.71,0.3935495
mp-1008487,0.27,0.044317648
mp-1018145,0.63,-0.2141627
mp-10207,-0.0,0.122474834
mp-10895,0.27,0.18595968
mp-12128,0.44,0.31790948
mp-1247,0.25,-0.07095452
mp-1378,0.22,-0.021202222
mp-15624,0.23,0.3882131
mp-16370,0.35,0.102611646
mp-1795,0.36,-0.007995024
mp-18927,0.32,0.3252241
mp-19112,0.27,0.24294995
mp-1953,0.25,0.72974956
mp-20237,0.31,0.2479196
mp-20281,0.29,0.0442643
mp-20356,0.31,0.19270836
mp-23229,0.26,0.48946112
mp-23312,0.08,0.1542524
mp-2795,0.21,0.43572205
mp-28110,0.28,0.29170263
mp-28683,0.23,0.57329947
mp-30156,0.18,0.26162708
mp-35308,0.27,0.8749886
mp-3556,0.27,0.28801084
mp-3827,0.3,0.2657758
mp-3924,0.23,0.19992445
mp-4291,0.32,0.21033968
mp-4674,0.29,0.3512228
mp-504687,0.33,0.041385308
mp-550893,0.3,-0.20394906
mp-644607,0.36,-0.341395
mp-755609,0.41,0.38657326
mp-828,0.29,0.4540736
mp-866221,0.59,0.31184477
mp-9566,0.23,0.21349566
mp-976030,0.27,0.20032482
mp-978534,0.2,0.6255841
mp-978549,0.28,0.34147292
mp-978885,1.23,0.2226197
mp-981210,0.38,0.159732
mp-11328,0.21,0.59930485
mp-11500,0.33,0.65428245
mp-11690,0.21,0.6181875
mp-1780,0.31,0.24839078
mp-19735,0.34,0.5129779
mp-216,0.3,0.20512621
mp-23051,0.79,0.006124273
mp-2602,0.23,-0.9665426
mp-281,0.38,0.15269615
mp-30811,0.32,0.25944233
mp-3236,0.27,0.2100646
mp-32662,0.29,0.13442625
mp-492,0.22,1.4567955
mp-4922,0.42,0.36156672
mp-550070,0.09,0.22213368
mp-5513,0.38,0.275963
mp-554769,0.28,0.10647179
mp-570290,0.3,0.22790958
mp-571124,-0.06,0.26639503
mp-631661,3.98,0.53826946
mp-7497,0.31,-0.06024821
mp-753898,0.21,0.27910537
mp-761285,0.34,0.12092452
mp-766486,0.3,-0.0065772384
mp-862824,0.43,0.3406465
mp-961720,0.66,0.7789363
mp-971909,0.45,0.46999848
mp-972202,0.35,0.22264044
mp-972987,0.16,0.031099454
mp-974581,0.54,0.23378254
mp-977187,0.64,0.17120783
mp-980662,0.28,0.42255592
mp-981933,0.34,0.37455714
mvc-11115,0.32,0.38397795
mp-1014230,0.29,0.02805908
mp-1025273,0.21,0.38827866
mp-12521,0.34,0.24152897
mp-16517,0.23,0.25574708
mp-19419,0.25,0.0021540225
mp-22029,0.44,0.387801
mp-23264,0.28,0.50241584
mp-451,0.28,-0.55193
mp-549158,0.36,0.42881423
mp-5622,0.21,0.08148728
mp-567698,0.36,0.5168655
mp-570683,0.36,0.46821547
mp-571163,0.32,0.44651306
mp-571353,0.31,0.15088944
mp-621348,0.43,0.5045569
mp-635460,0.79,0.4274453
mp-635713,0.33,0.49866855
mp-643002,0.22,0.22397564
mp-7169,0.34,-0.59478605
mp-864764,0.35,0.19971193
mp-865934,0.34,0.25092924
mp-866183,0.33,0.2652648
mp-867878,0.26,0.35023218
mp-9379,0.16,0.25663066
mp-962057,1.03,0.6415949
mp-973875,1.69,0.46293658
mvc-4274,0.18,-0.035889193
mp-1002572,0.24,0.17907973
mp-10037,0.29,0.06461237
mp-1009078,0.41,-0.5368607
mp-1009894,0.37,0.28341305
mp-1044,0.3,0.64207655
mp-11363,0.31,0.2568031
mp-13502,0.26,0.013310075
mp-1963,0.34,0.25819784
mp-2056,0.31,0.34337002
mp-23275,0.36,-0.19407679
mp-2684,0.21,0.28108245
mp-28013,0.27,0.09498148
mp-28838,0.25,0.12463416
mp-2997,0.22,0.21857531
mp-3183,0.29,0.18359451
mp-6969,0.27,0.23146455
mp-755455,0.25,0.085047886
mp-756088,0.27,0.19060339
mp-760492,0.27,0.27434593
mp-7891,0.31,-0.25490057
mp-8306,0.26,0.4757654
mp-861510,0.35,0.25526905
mp-862473,0.35,0.3691625
mp-862745,0.16,0.40070713
mp-865229,0.27,0.30788404
mp-866072,0.67,0.17507495
mp-867178,0.3,0.26878518
mp-971911,0.41,0.25839394
mp-975905,0.42,0.240768
mp-981379,0.28,0.3275603
mp-982010,0.33,0.37440842
mp-9951,0.3,0.28618097
mp-1013550,0.22,-0.12367209
mp-1018101,0.39,0.311166
mp-1025551,0.35,0.2776026
mp-10883,0.3,0.15131773
mp-13156,0.31,0.35336703
mp-1714,0.21,0.23825912
mp-1868,0.27,0.21536134
mp-20335,0.31,0.104939476
mp-2074,0.21,0.41006857
mp-21385,0.29,0.47099966
mp-22568,0.4,0.38837695
mp-2933,0.27,0.50376695
mp-30851,0.34,0.39691877
mp-36086,0.17,0.14220203
mp-560676,0.3,0.019922048
mp-569496,0.38,0.30401367
mp-570,0.35,0.5747922
mp-570554,0.23,0.093605414
mp-571586,0.25,0.31379664
mp-631538,1.62,0.16491224
mp-754138,0.29,0.25135607
mp-754912,0.37,0.34166473
mp-7801,0.37,0.65475553
mp-861605,0.31,0.24766903
mp-862588,0.3,0.63189703
mp-862754,0.32,0.13766862
mp-864620,0.27,0.30155677
mp-865030,0.3,0.3035221
mp-865561,0.33,0.47921467
mp-867826,0.32,0.22378246
mp-9386,0.76,0.3290128
mp-977140,0.45,0.22590809
mp-981367,0.39,0.1975555
mp-996161,0.22,-0.17382112
mp-997084,0.19,0.22806738
mp-999079,0.33,0.36119008
mp-1001788,0.39,0.121178314
mp-1017447,0.34,0.2639686
mp-1018161,0.25,0.32494545
mp-1025329,0.36,0.5355957
mp-10497,0.35,0.31688255
mp-1638,0.2,0.14886771
mp-19340,0.28,-0.032467037
mp-20201,0.21,-0.56993765
mp-20565,0.33,0.25165963
mp-21012,0.33,0.22237016
mp-22488,0.31,-0.3016985
mp-27454,0.26,0.1281441
mp-2749,0.17,0.20862596
mp-2758,0.23,0.27872682
mp-32829,0.12,0.49434978
mp-36775,0.29,0.3867954
mp-542903,0.27,-0.034129396
mp-568748,0.39,0.25029534
mp-569310,0.24,0.28162777
mp-6633,0.31,0.052781984
mp-754727,0.29,-0.01118584
mp-862882,0.34,0.38250476
mp-865591,0.3,0.5021472
mp-8812,-1.24,0.21724997
mp-8983,0.33,0.0883555
mp-973364,0.28,1.4947783
mp-977184,0.41,0.16807295
mp-984791,0.28,0.21956168
mp-998974,0.34,0.11822148
mp-999053,0.38,0.43522435
mvc-3453,0.27,0.2857362
mp-1025370,0.38,0.4646091
mp-12631,0.35,-0.0032433122
mp-1281,0.31,0.77966887
mp-14090,0.33,0.48258913
mp-15113,0.23,0.029328987
mp-1720,0.46,0.14736114
mp-21128,0.39,0.26971054
mp-27440,0.34,-0.14397994
mp-31011,0.25,0.25000733
mp-32880,0.37,0.27202874
mp-336,0.41,0.120320246
mp-3676,0.27,0.024783552
mp-510347,0.28,0.24196942
mp-510437,0.32,0.6205388
mp-5165,0.27,0.19512855
mp-567655,0.33,-0.026062027
mp-568345,0.71,0.36653334
mp-568610,0.39,0.12048699
mp-568908,0.38,0.4973536
mp-569484,0.26,0.23031913
mp-631354,0.43,0.12896122
mp-6564,0.28,0.091476366
mp-6781,0.35,0.010380909
mp-756473,-0.24,-0.068368495
mp-761574,0.33,0.13459976
mp-790,0.32,0.31820887
mp-861940,0.13,0.2424417
mp-866650,0.06,0.47332495
mp-8996,0.25,0.19031022
mp-971960,1.69,0.24858405
mp-974270,0.37,0.8048827
mp-976843,0.48,0.24498446
mp-983126,0.27,0.34211594
mp-983587,0.38,0.30294663
mvc-7792,0.3,0.12386726
mp-1029446,0.02,0.47288996
mp-11521,0.32,0.41511387
mp-11553,0.49,0.3769322
mp-11800,0.3,0.24862902
mp-11964,0.35,0.3775782
mp-13456,0.29,0.22565447
mp-13910,0.25,0.5296834
mp-1402,0.32,0.22656624
mp-1553,0.28,0.38243502
mp-16519,0.33,0.15996422
mp-19124,0.25,0.02115564
mp-19876,0.29,0.33634353
mp-2057,0.15,0.51682466
mp-20847,0.3,0.7478474
mp-2180,0.26,0.23380531
mp-22870,0.28,0.4248926
mp-24721,0.2,0.19851704
mp-3142,0.17,0.25406963
mp-32927,0.31,0.549349
mp-485,0.32,0.7761706
mp-505562,0.33,0.3384362
mp-552265,0.39,0.1965444
mp-861912,0.31,0.22935714
mp-862684,0.34,0.43421382
mp-982009,0.34,0.33326358
mp-9845,0.33,0.15082262
mp-1008702,0.33,0.089110896
mp-1018026,0.34,0.52970976
mp-12029,0.2,0.45946765
mp-12580,0.26,0.2774315
mp-12699,0.35,0.57592267
mp-13542,0.18,-0.028734997
mp-15254,0.25,0.16508363
mp-19442,0.28,0.3504445
mp-20061,0.41,0.5507398
mp-20898,0.37,0.4075082
mp-21248,0.29,-0.2222196
mp-2269,1.23,0.37837213
mp-22939,0.22,0.41687644
mp-23153,0.21,0.12951674
mp-23319,0.44,0.4074663
mp-276,0.38,0.37379402
mp-29772,0.21,0.30808872
mp-30765,0.33,0.42187774
mp-34293,0.22,0.16034879
mp-4770,0.27,0.19624476
mp-556,0.38,0.2782784
mp-567967,0.27,0.38385868
mp-570436,0.34,0.34664553
mp-571420,0.33,0.06450544
mp-614444,0.66,0.5157937
mp-631539,-16.47,-3.2200465
mp-644311,0.33,-0.4429016
mp-691,0.25,-0.01630114
mp-7374,0.33,0.35825276
mp-756297,0.31,0.079313144
mp-862706,0.3,0.15535827
mp-865538,0.33,0.50621444
mp-865546,0.22,0.40081286
mp-972442,0.26,0.29471344
mp-973983,0.39,0.3480857
mp-1001827,0.42,-32.129543
mp-1007907,0.23,0.04037492
mp-1008527,0.18,0.5946368
mp-1017514,0.17,0.006551549
mp-1018051,0.25,0.010590643
mp-1025366,0.43,0.51250684
mp-1029,0.31,0.40822053
mp-1029479,0.51,0.39424253
mp-10381,0.29,0.30399734
mp-1089,0.27,0.95383877
mp-11243,0.41,0.23345952
mp-12622,0.34,0.23264484
mp-12651,0.47,0.26634443
mp-13435,0.33,0.15107013
mp-14205,0.3,0.25708157
mp-1434,0.23,-0.07380076
mp-15809,0.24,0.29363638
mp-1658,0.37,0.38160002
mp-2287,0.29,0.10403539
mp-2349,0.31,0.22965361
mp-31142,1.1,-0.5109652
mp-3871,0.22,0.31314975
mp-4081,0.22,0.22308888
mp-454,0.24,0.014808059
mp-553946,0.21,0.02107577
mp-568986,0.3,0.34241933
mp-571405,0.36,0.31932348
mp-5733,0.28,0.13663529
mp-5866,0.31,-0.037343845
mp-7239,0.2,0.053642675
mp-754149,-1.04,0.14340596
mp-861660,0.46,0.28366882
mp-862800,0.27,0.5435485
mp-864839,0.32,0.2051058
mp-864944,0.38,0.11167242
mp-865512,0.3,0.33684796
mp-865855,0.36,0.43097788
mp-980004,0.29,-0.14652173
mp-982613,0.37,0.30033463
mp-985825,0.28,0.35052085
mp-101,0.24,-0.5697544
mp-1164,0.28,-0.081811205
mp-1411,0.23,0.12152566
mp-1666,0.29,0.26567954
mp-19279,0.26,0.4435115
mp-2052,0.24,0.5981159
mp-21185,0.35,0.67273146
mp-23121,0.27,0.3849103
mp-23406,0.26,0.5298708
mp-24422,-0.03,0.19703688
mp-2633,0.24,-0.05965829
mp-27828,0.27,0.53041327
mp-27975,0.28,0.26170868
mp-30933,0.27,-0.9225061
mp-32641,-2.09,-0.76182705
mp-364,0.28,0.18069588
mp-4083,0.31,0.22887062
mp-4899,0.32,0.3207429
mp-553303,0.31,0.50225157
mp-561075,0.29,0.2413911
mp-569346,0.33,0.105826184
mp-754157,0.29,0.07511382
mp-844,0.29,0.62876165
mp-853,0.29,0.3735823
mp-863676,0.36,0.052739248
mp-865091,0.33,0.3909105
mp-972180,0.31,0.27930617
mp-972866,0.42,0.316315
mp-973884,0.38,0.469191
mp-976341,0.32,0.34272945
mp-977565,0.44,0.37082374
mp-978832,0.53,0.4854992
mp-978975,0.35,0.4571314
mp-984767,0.34,0.29137743
mp-1022,0.29,0.079119906
mp-1025203,0.21,0.5087274
mp-1029330,0.28,0.5051583
mp-11484,-0.07,-2.2593224
mp-11734,0.29,0.1842411
mp-12741,0.34,0.0020868331
mp-13094,0.24,0.2827428
mp-15660,0.29,0.06458132
mp-16521,0.26,0.23853038
mp-1766,0.31,0.39472288
mp-21017,0.19,0.4059068
mp-2604,0.26,-0.028412536
mp-507,0.37,0.29251188
mp-5313,0.26,0.24285008
mp-551,0.2,0.1131811
mp-673,0.32,0.3481239
mp-6914,0.22,-2.3710852
mp-755318,0.35,0.42907494
mp-774922,-0.12,0.32272953
mp-862368,0.34,0.2459255
mp-862656,0.19,-0.0007442981
mp-862757,0.26,0.37084222
mp-862867,1.03,0.40954977
mp-971779,0.31,0.38647163
mp-973450,0.8,0.37392044
mp-976259,0.34,0.32127094
mp-978564,0.33,0.41713578
mp-1016929,0.44,0.17180215
mp-1018679,0.31,0.05322455
mp-1019097,0.34,-0.26167122
mp-1029733,0.28,0.3193782
mp-10608,0.2,0.27148056
mp-108,0.36,0.31409687
mp-11287,0.31,-0.37352115
mp-1404,0.41,0.4086749
mp-1463,0.38,0.419514
mp-1692,0.42,0.2796902
mp-1912,0.39,0.58768076
mp-19970,0.31,0.3146811
mp-21199,0.36,0.6249183
mp-21893,0.29,0.15487279
mp-22752,0.22,0.12921534
mp-22856,0.43,-0.4655558
mp-23214,0.25,0.36039865
mp-27207,0.28,0.2168492
mp-27360,0.29,0.42709213
mp-27478,0.28,0.17501046
mp-28306,0.26,0.25385112
mp-31326,0.36,0.14203696
mp-3650,0.26,0.339001
mp-3732,0.2,0.14956547
mp-38,0.26,0.41722208
mp-50,0.35,0.27312744
mp-5394,0.28,0.1343521
mp-569151,0.36,0.18378226
mp-580364,0.41,0.093204275
mp-5836,0.34,0.2512905
mp-7250,0.31,0.17604925
mp-753195,0.26,0.3738857
mp-819,0.34,0.26798785
mp-972021,0.37,0.17647196
mp-10021,0.36,1.3309826
mp-1009539,0.72,-0.17573746
mp-10149,0.38,-0.26023644
mp-13085,0.3,0.0213698
mp-1552,0.28,-0.18614638
mp-16751,0.24,0.27125752
mp-17017,0.25,0.052445874
mp-21845,0.32,0.74214685
mp-22683,0.26,0.08228926
mp-29661,0.33,-0.010387912
mp-30091,0.18,0.43741077
mp-3033,0.33,0.16311716
mp-499,0.46,0.48362112
mp-569249,0.35,0.480107
mp-631408,-0.29,0.2855323
mp-643279,0.27,0.4733994
mp-686717,0.31,0.5278268
mp-7006,0.3,0.26956236
mp-7163,0.24,0.078230366
mp-754262,0.38,0.089305624
mp-7892,0.21,0.24992876
mp-8003,0.65,0.7417025
mp-804,0.25,-0.05009757
mp-862774,0.23,0.42967415
mp-864831,0.68,0.2963785
mp-865067,0.25,0.387138
mp-865903,0.35,0.41458112
mp-866375,0.25,0.0037570447
mp-9257,0.28,0.29959017
mp-9324,0.24,0.52046716
mp-9351,0.33,0.33715695
mp-979945,0.21,0.43064642
mp-1009655,0.17,-13.627878
mp-17383,0.38,0.25717318
mp-1894,0.21,0.90174097
mp-1995,0.36,-0.3503269
mp-20539,0.33,0.15921925
mp-22793,0.31,0.30544055
mp-23034,0.32,-0.0032855272
mp-2520,0.25,0.31381083
mp-30365,0.37,0.23768233
mp-30482,-0.1,0.09586714
mp-33667,0.23,0.048796847
mp-34078,0.32,0.36273062
mp-39681,0.33,0.27623278
mp-4500,0.26,0.10753594
mp-457,0.11,0.15811579
mp-5000,0.32,0.23017891
mp-559,0.31,0.642972
mp-562,0.28,0.4512319
mp-567580,0.3,0.23820697
mp-5699,0.31,0.687323
mp-570698,0.4,0.115913585
mp-570950,0.27,0.307814
mp-5827,0.25,0.009868532
mp-603347,0.41,0.62831926
mp-608555,0.02,0.37421376
mp-672250,77.93,6.624598
mp-673174,0.31,0.25549644
mp-752826,0.3,0.07961945
mp-753774,0.24,0.35179013
mp-777801,0.35,0.057784185
mp-850131,0.16,0.109518096
mp-865908,0.2,0.47760373
mp-867882,0.49,0.4111805
mp-971826,0.41,0.08765815
mp-971920,0.38,0.31996042
mp-972274,0.34,0.30795074
mvc-10883,0.35,0.1513171
mp-1016877,0.39,0.37064052
mp-1020622,0.26,0.059549913
mp-1029316,0.27,0.28995878
mp-1029574,0.33,0.36432505
mp-10402,0.37,0.5003484
mp-10728,0.51,0.39231777
mp-11806,0.31,0.23910065
mp-12137,0.28,-0.0544696
mp-1873,0.34,0.20878135
mp-1943,0.23,0.22622336
mp-19795,0.2,0.2620265
mp-22704,0.37,0.4025131
mp-23058,0.29,0.017509833
mp-23209,0.33,1.828137
mp-288,0.4,-0.062926084
mp-29157,0.23,0.26488107
mp-30481,0.31,0.27077287
mp-30635,0.43,0.16728099
mp-30777,0.32,0.21924989
mp-374,0.21,0.67801976
mp-556856,0.3,0.024861544
mp-569054,0.41,0.29140288
mp-5910,0.23,0.2712925
mp-608,0.31,0.4050982
mp-753946,0.24,-0.067568555
mp-754246,0.21,0.36296558
mp-773137,0.27,0.13701893
mp-8037,0.3,0.010737881
mp-861625,0.36,0.38572562
mp-861936,0.35,0.6211968
mp-862565,0.26,0.1438724
mp-862966,0.39,0.3969664
mp-865146,0.33,0.4482786
mp-865357,0.4,0.1473519
mp-865485,0.3,0.34987867
mp-865944,0.33,0.2433214
mp-9503,0.31,0.24918808
mp-961678,0.26,0.008935645
mp-973232,0.25,0.18897508
mp-975206,0.09,0.065661415
mp-976725,0.62,0.4475472
mp-979267,0.3,0.19668849
mp-980946,0.54,0.46381676
mp-998986,0.33,0.77250344
mp-1013642,0.15,0.39440084
mp-10854,0.22,-0.05873014
mp-11232,0.59,0.34116375
mp-11516,0.19,-0.24686112
mp-146,0.42,0.55473596
mp-16482,0.42,0.67333996
mp-2103,0.41,0.45891857
mp-2191,0.23,0.1924567
mp-2213,0.29,0.3813542
mp-22444,0.3,0.1944895
mp-22556,0.37,0.047197327
mp-22810,0.31,0.22252403
mp-23192,0.22,-0.0219578
mp-2355,0.83,0.28694212
mp-27838,0.25,0.10849829
mp-314,0.37,0.32697117
mp-34579,0.33,0.08589621
mp-4120,0.22,0.29128754
mp-4452,0.25,0.27277642
mp-4488,0.27,0.052876577
mp-501,0.21,0.37218726
mp-568384,0.19,0.29071665
mp-6945,-0.2,0.083810315
mp-768240,0.32,0.50769114
mp-771123,0.32,0.20076235
mp-7823,0.28,0.15745111
mp-862694,0.3,0.25662482
mp-865282,0.33,0.34396595
mp-866086,0.32,0.41753238
mp-867197,0.58,0.24055557
mp-867213,0.32,0.31792343
mp-976138,0.24,0.4188314
mp-976151,0.26,0.2378564
mp-977570,0.36,0.3428833
mp-978918,0.28,0.15081818
mp-1013734,0.23,0.17469855
mp-1016881,0.32,0.17702459
mp-10426,0.21,0.25253022
mp-10892,0.35,0.21746166
mp-11,0.22,-1.270468
mp-19734,0.08,0.013907045
mp-20545,0.34,0.19807644
mp-21359,0.36,0.15895449
mp-22050,0.24,-0.015775785
mp-2231,0.21,0.0094142705
mp-2639,-0.13,0.018706933
mp-3158,0.34,0.31204033
mp-425,0.16,0.23636903
mp-446,0.37,0.4073671
mp-5505,0.23,0.07819046
mp-567308,0.23,0.26980352
mp-570930,0.22,0.13149182
mp-571589,0.44,0.47347796
mp-631462,0.57,-0.16846175
mp-673624,0.26,0.3614933
mp-6926,0.32,-0.02555938
mp-754531,0.27,0.2129715
mp-775907,0.29,0.32617277
mp-862847,0.21,0.4613164
mp-864919,0.3,0.27309352
mp-865026,0.27,0.19484527
mp-865960,0.29,0.5179167
mp-867251,0.38,0.18696432
mp-930,0.26,0.52292734
mp-972415,0.28,0.43103707
mp-972925,0.33,0.29361624
mp-977224,0.42,0.11080818
mp-978286,0.39,0.6953294
mp-979459,0.29,0.10826145
mp-981539,0.41,0.55944604
mp-984357,0.35,0.07208596
mvc-11229,0.36,0.5231551
mp-1009005,0.47,-1.1256715
mp-1009131,0.52,0.8714406
mp-1009827,0.7,0.83858126
mp-10159,0.29,0.33290404
mp-1016902,0.15,0.07960011
mp-1018151,0.33,1.0717773
mp-1025525,0.19,0.31420845
mp-1029592,0.27,0.41367263
mp-1042,0.24,0.104791984
mp-10492,0.2,0.25834453
mp-10637,0.34,0.5822167
mp-10846,0.27,0.45949322
mp-13416,0.31,0.3964094
mp-1592,0.37,0.13709046
mp-1755,0.39,0.514397
mp-20516,0.36,0.45724922
mp-21848,0.75,0.31555563
mp-2189,0.34,0.36450338
mp-24096,0.26,-0.55829203
mp-2577,0.08,0.211471
mp-2762,0.31,0.196169
mp-3464,0.29,0.2939437
mp-3467,0.3,0.30641216
mp-39,0.45,0.68493086
mp-422,0.21,0.724771
mp-430,0.26,0.40011162
mp-4571,0.26,-0.012669072
mp-556353,0.24,0.3938576
mp-568537,0.36,0.33016694
mp-570074,0.24,-0.70732415
mp-631381,0.76,-0.15965839
mp-753304,0.29,0.47184396
mp-754027,0.27,0.31035984
mp-754040,0.25,0.14528666
mp-7875,0.18,0.27897322
mp-861508,0.38,0.40814883
mp-863738,0.38,0.4625848
mp-866218,0.31,0.29045153
mp-978856,0.36,0.562781
mp-979273,0.43,0.6948932
mp-998196,0.31,0.13311331
mp-1008866,0.34,0.54793555
mp-1016931,0.43,0.19817804
mp-1025575,0.2,0.22680892
mp-1039292,0.35,0.2815882
mp-11552,0.51,0.5244392
mp-1222,0.18,0.3458876
mp-12956,0.21,0.38387614
mp-1346,0.15,0.51999825
mp-1570,0.33,0.28051567
mp-1916,0.97,0.52993053
mp-23866,0.2,0.44708163
mp-25587,0.33,0.25956017
mp-30737,0.36,0.6502043
mp-31169,0.38,0.4481476
mp-3668,0.27,0.54733926
mp-5146,0.35,0.09679498
mp-5492,0.28,0.27628237
mp-567768,0.2,0.2780481
mp-625074,0.22,0.45898545
mp-631337,0.65,0.05340986
mp-6586,0.28,0.35458487
mp-672371,0.36,0.44125986
mp-8020,0.34,0.23473243
mp-862262,0.3,0.40431476
mp-866140,0.48,0.5128426
mp-867233,0.34,0.13159059
mp-972763,0.57,0.42676997
mp-972879,0.36,0.218082
mp-975380,-0.26,0.1703269
mp-975912,0.34,0.2844202
mp-1013587,0.39,0.051274434
mp-1013736,0.27,-0.17447262
mp-10744,0.43,0.25477022
mp-10891,0.39,0.36068928
mp-11175,0.28,0.15985747
mp-11229,0.27,0.5231551
mp-12317,0.37,0.5618174
mp-13173,0.4,0.19539656
mp-14433,0.26,0.295245
mp-19764,0.35,0.27456927
mp-19966,0.37,0.2521813
mp-2079,0.24,0.37511605
mp-214,0.31,0.67894423
mp-2707,0.3,0.06830777
mp-27757,0.1,0.31446463
mp-292,0.26,0.42287022
mp-30722,0.36,0.69398934
mp-4628,0.21,0.257384
mp-4673,0.26,0.13436703
mp-549487,0.17,0.17797242
mp-568470,0.54,1.1048642
mp-571454,0.2,0.31051463
mp-631336,0.51,0.18289022
mp-632250,0.44,0.43593192
mp-7162,0.3,0.20285146
mp-862737,0.41,0.3749892
mp-866193,0.28,0.36142975
mp-956,0.48,0.33084768
mp-972077,0.47,0.8168692
mp-975650,0.23,0.39655358
mp-982596,0.25,0.54040045
mp-1016900,0.35,0.17931892
mp-1018126,0.22,1.2588606
mp-1029313,0.33,0.3295369
mp-10316,0.36,0.19704805
mp-1061,0.31,0.3565904
mp-1150,0.34,0.48037028
mp-16297,0.18,0.059397504
mp-18778,0.36,0.13070916
mp-1880,0.28,0.26938897
mp-19353,0.23,0.1911128
mp-20067,0.26,0.12927516
mp-20125,0.5,0.2626872
mp-20354,0.24,0.18277575
mp-2063,0.35,0.2577001
mp-20999,0.25,0.2370003
mp-23514,0.38,-0.110972725
mp-2439,0.3,0.241737
mp-2524,0.18,0.4394036
mp-30452,0.25,0.29645383
mp-427,0.29,0.24495654
mp-4280,0.33,0.0014027506
mp-607111,0.35,0.13824873
mp-631362,0.42,0.32115692
mp-755472,0.42,0.3792224
mp-777413,0.29,0.13641112
mp-865846,0.3,0.30436498
mp-867167,0.37,0.2970553
mp-973446,0.27,0.24968426
mp-973786,0.97,0.87140197
mp-974430,0.27,0.22232862
mp-977462,0.42,0.46372372
mp-985578,0.16,0.106058046
mp-999135,-0.52,0.052292988
mp-9996,0.17,0.27353346
mp-10204,0.3,0.40693915
mp-1029573,0.27,0.519221
mp-11132,0.26,0.007946834
mp-12794,0.27,0.24289455
mp-14600,0.25,0.20406751
mp-19198,0.27,0.22266458
mp-23383,0.38,0.4278462
mp-2414,0.29,0.15393575
mp-2920,0.26,0.18666114
mp-31443,0.46,0.18747742
mp-4508,0.36,0.78876656
mp-568592,0.28,0.25009543
mp-569834,0.26,0.36050528
mp-629397,0.33,0.062937126
mp-645,0.23,0.56932646
mp-754352,0.27,0.12482937
mp-756063,0.37,0.12744592
mp-841,0.21,0.021827832
mp-865503,0.41,0.40489846
mp-866012,0.34,0.5522151
mp-961723,0.46,0.27477133
mp-972748,0.64,0.31981367
mp-9752,-1.44,0.045067832
mp-981378,0.52,0.2018864
mp-1002136,0.39,0.46347255
mp-1007770,0.29,0.54551256
mp-1009652,0.54,0.45330197
mp-1017441,0.26,0.15755473
mp-1023128,0.33,-0.47785467
mp-1038814,0.36,-0.03574474
mp-12559,0.45,0.45608652
mp-1266,0.26,0.004630789
mp-1630,0.27,0.022049502
mp-1702,0.35,0.20961396
mp-20203,0.41,0.2020102
mp-22620,0.36,0.30222315
mp-22965,0.22,1.0648714
mp-2481,0.3,0.17266707
mp-4008,0.24,0.38375497
mp-556382,0.27,0.1900744
mp-561203,0.3,0.15111513
mp-567191,0.22,-0.4433275
mp-567332,0.14,-0.014239013
mp-573658,0.32,0.29397935
mp-631471,0.84,0.34932548
mp-674953,0.3,0.49236137
mp-7243,0.38,0.34029716
mp-7396,0.58,0.41894597
mp-753594,0.34,0.29506606
mp-755115,0.27,0.10280569
mp-8222,0.51,0.9174637
mp-862431,0.34,0.38067865
mp-864623,0.41,0.46271902
mp-864946,0.39,0.33787698
mp-865513,0.55,0.40195352
mp-8895,0.26,0.24833606
mp-974740,0.4,-0.30314964
mp-978499,0.44,0.03752555
mp-979115,0.33,1.1699989
mp-979424,0.35,0.30548066
mp-9981,0.29,0.373218
mp-1013585,0.25,0.12146206
mp-10185,0.29,-0.4355616
mp-1025225,0.31,-0.054438516
mp-1029737,0.28,0.44143653
mp-11435,0.25,0.7074154
mp-11455,0.42,0.42196858
mp-11584,0.23,0.14378466
mp-11738,0.3,0.27801847
mp-12737,0.39,0.22871606
mp-1540,0.36,0.4129758
mp-15668,0.26,0.21743838
mp-15703,0.15,0.00014057755
mp-16267,0.34,0.02879922
mp-1842,0.18,0.40998596
mp-1933,0.35,-0.28210664
mp-20446,0.49,0.014048353
mp-2082,0.39,-7.1983995
mp-22903,0.29,0.06502436
mp-22914,0.4,0.14170115
mp-27888,0.37,0.13039921
mp-30769,0.18,0.12988804
mp-30943,0.23,0.07808299
mp-4730,0.26,0.5258682
mp-557993,0.26,-0.27221853
mp-561894,0.28,-0.07132673
mp-568866,0.27,0.391187
mp-569167,0.29,0.27921677
mp-5794,0.3,-0.016384095
mp-616378,0.31,0.1551701
mp-631578,-0.1,0.13816537
mp-7027,0.31,0.1433643
mp-7130,0.25,0.15267427
mp-776911,0.32,0.37249434
mp-862553,0.31,0.33638173
mp-864976,0.37,0.15426515
mp-865655,0.31,0.16496523
mp-867292,0.32,0.30371255
mp-978992,0.12,0.3439349
mp-981366,1.24,0.08825259
mp-999198,0.24,0.15434895
mp-1002206,0.21,-0.25051355
mp-1025408,0.28,0.08741926
mp-1121,0.33,-0.063223824
mp-12549,0.26,0.2689529
mp-1349,0.31,0.29872113
mp-1487,0.31,0.4502114
mp-1762,0.31,0.27813518
mp-1782,0.3,0.3136341
mp-19177,0.25,0.1326636
mp-1922,0.23,0.35737652
mp-19917,0.17,0.1574382
mp-19955,0.3,0.14072894
mp-21509,0.22,-0.1168734
mp-2212,0.29,0.35721713
mp-2222,0.4,0.3552413
mp-25082,0.19,-0.33694822
mp-27577,0.28,0.24174906
mp-30151,0.23,0.22181158
mp-30952,0.22,-0.3071497
mp-357,0.32,0.5054335
mp-510456,0.24,0.2115904
mp-5377,0.34,0.035390362
mp-540771,0.3,0.02602075
mp-546350,0.27,0.09851731
mp-5670,0.29,0.16795127
mp-631524,-0.42,0.19770686
mp-755309,0.23,-0.017923787
mp-760439,0.3,0.21710025
mp-866015,0.27,0.25375628
mp-919,0.37,0.60371536
mp-9330,-0.07,0.06389062
mp-972209,0.3,0.4605646
mp-981365,0.29,0.15494524
mp-985591,0.56,0.060318187
mp-989578,0.22,0.3388778
mp-999357,0.25,0.2780406
mp-1002223,-1.57,0.28365844
mp-1008987,0.41,-1.3747686
mp-1018063,0.4,0.14416794
mp-1018107,0.15,0.8727158
mp-1029633,0.33,0.42023617
mp-10678,0.58,0.35797435
mp-11718,0.26,0.25305593
mp-13150,0.21,0.49685925
mp-1620,0.16,-0.04820159
mp-1751,0.34,0.47139204
mp-21007,0.29,0.29828203
mp-2398,0.27,-0.23278283
mp-24669,0.32,0.5232945
mp-2637,0.41,0.54824483
mp-2705,0.3,-0.091777965
mp-27637,0.31,0.2591592
mp-30343,2.09,0.47294003
mp-30468,0.37,-1.0940815
mp-3136,0.27,0.30745482
mp-504580,0.42,0.27196252
mp-519,1.47,0.018879533
mp-5528,0.11,0.39562684
mp-560399,0.25,0.15168755
mp-568280,0.32,0.296696
mp-570684,0.34,0.5518679
mp-570912,0.32,0.36133987
mp-643370,0.19,0.35770458
mp-6951,0.4,0.13500614
mp-861889,0.54,0.4002946
mp-864878,0.45,0.7494444
mp-865814,0.73,0.26941556
mp-866116,0.32,0.3692146
mp-867854,0.33,0.293068
mp-924130,0.27,0.31020665
mp-961722,0.52,-0.74585134
mp-978303,0.33,0.60291386
mp-997108,0.36,0.51644737
mp-999470,0.23,0.10933076
mp-1009720,0.39,0.16563435
mp-10132,0.3,0.47484744
mp-1016883,0.39,0.26111847
mp-10641,0.38,0.33112067
mp-10729,0.49,0.8932447
mp-11022,0.36,0.25280005
mp-19167,0.3,0.4658736
mp-19170,0.29,0.24898319
mp-1982,0.3,0.26672924
mp-20401,0.24,0.25173545
mp-20549,0.44,0.7487609
mp-220,0.51,1.7208383
mp-352,0.29,-0.05545655
mp-5137,0.25,0.3621573
mp-542316,0.3,0.17311473
mp-570379,0.3,0.26459152
mp-574239,0.32,0.13725339
mp-5748,0.36,0.36163682
mp-605790,1.57,0.38765603
mp-631269,0.38,1.275609
mp-7910,0.25,0.43022138
mp-861888,0.47,0.23072676
mp-862364,0.3,0.33919787
mp-862962,0.27,0.26124167
mp-865979,0.34,0.14893554
mp-866063,0.26,0.19770248
mp-944,0.24,0.8484095
mp-974330,0.22,-0.31922427
mp-976262,0.23,0.06342603
mvc-3978,0.32,-0.059266552
mp-10261,0.41,0.4174828
mp-11883,0.36,-0.7069554
mp-1200,0.36,0.20735945
mp-15796,0.23,0.22806989
mp-19133,0.33,0.197704
mp-2050,0.26,0.23142861
mp-21117,0.24,0.4340095
mp-2132,0.29,0.1143374
mp-29396,0.35,0.44242507
mp-30419,0.42,0.39829415
mp-504,0.36,0.23552714
mp-560927,0.27,0.21488844
mp-567203,0.26,0.18163677
mp-569228,0.62,-0.302357
mp-569594,0.31,-0.083895504
mp-5720,0.29,0.18579732
mp-631342,0.52,0.7431591
mp-672374,0.3,0.35345823
mp-6950,0.24,0.14732341
mp-754815,0.28,0.06827797
mp-768479,0.3,0.2107924
mp-820,0.35,0.42274696
mp-864629,0.34,0.21741979
mp-865919,0.36,0.2936222
mp-865995,0.43,0.34757173
mp-961667,1.2,-0.47550714
mp-971836,0.37,0.37335503
mp-972945,0.3,0.4144228
mp-974322,0.23,0.4155643
mp-999542,0.29,-0.14834137
mp-1008920,0.43,-0.23665757
mp-1021328,0.3,-0.25610268
mp-1025270,0.32,0.2890026
mp-10279,0.31,0.1939895
mp-10896,0.2,-0.013651416
mp-12532,0.34,0.32566202
mp-1263,0.34,0.28351492
mp-13100,0.31,0.26543182
mp-2028,0.23,0.32031947
mp-20623,0.4,0.3778004
mp-232,0.34,0.36678976
mp-2424,0.31,0.24229066
mp-253,0.35,0.118758544
mp-2680,0.2,0.19912319
mp-27176,0.31,0.08224334
mp-3582,0.23,-0.079873875
mp-38605,0.22,-0.11212832
mp-4552,0.33,0.17079373
mp-557680,0.34,0.2691949
mp-567817,0.18,-0.14321968
mp-569344,0.26,0.10636173
mp-570707,0.26,0.26155645
mp-571367,0.27,0.06970127
mp-603930,0.26,-0.01486434
mp-861882,0.23,0.29140705
mp-862948,0.25,0.38686454
mp-864939,0.38,0.42500633
mp-867293,0.22,0.21662168
mp-961662,0.63,1.269921
mp-975882,0.19,0.32577693
mp-976727,0.38,0.49061882
mp-977585,0.29,0.13647504
mp-984729,0.24,-0.5256661
mp-989537,0.14,0.42814332
mp-1006226,0.31,-0.46568936
mp-1016853,0.3,0.028512076
mp-1023939,0.23,0.23679481
mp-1025165,0.22,-0.18112214
mp-1025170,0.14,0.5845739
mp-1082,0.23,0.7591368
mp-1115,0.24,0.25859028
mp-11430,0.24,0.09597768
mp-11698,0.23,0.17924003
mp-2323,0.29,0.4242553
mp-24287,0.26,0.46783113
mp-260,0.17,-0.072452515
mp-29005,0.24,-0.079518184
mp-30208,0.3,0.28753835
mp-34202,0.21,-0.6387937
mp-546142,0.28,0.58340704
mp-5498,0.26,0.39956176
mp-5508,0.45,0.19160436
mp-567416,0.23,0.40678072
mp-631343,0.28,0.16023381
mp-632296,0.39,0.52319056
mp-644136,0.27,0.463966
mp-6999,0.2,-0.012750924
mp-7879,0.24,0.5838448
mp-862486,0.34,0.25839084
mp-862873,0.46,0.43990916
mp-864662,0.25,0.57534343
mp-864952,0.29,0.83880883
mp-865490,0.3,-0.04765956
mp-865793,0.35,0.24433194
mp-973471,0.19,0.22409408
mp-9743,0.31,0.3863232
mp-974583,0.38,0.29246294
mp-976322,0.34,0.53164047
mp-979269,0.54,0.36674643
mp-981103,0.2,-0.4218328
mp-999484,0.19,1.1868291
mp-1008376,0.38,0.14797337
mp-1009548,0.39,0.4477964
mp-1017540,0.31,0.4344229
mp-1018030,0.24,-0.35849088
mp-1019052,0.29,0.15809633
mp-1019358,0.28,0.038222864
mp-1019550,0.2,0.49868256
mp-11467,0.36,0.07554291
mp-1563,0.21,0.3870781
mp-1937,0.27,0.3498152
mp-22633,0.37,0.4728458
mp-2317,0.31,0.34944713
mp-2605,0.21,-1.1302043
mp-29400,0.34,0.3300683
mp-30763,0.43,0.31407583
mp-31438,0.28,0.39385563
mp-33107,0.22,0.060919926
mp-4112,0.35,0.19658418
mp-4163,0.28,0.43967348
mp-4939,0.26,0.18224274
mp-554462,0.24,0.3527618
mp-568983,0.5,-0.028247312
mp-569737,0.44,0.18880574
mp-7824,0.27,0.32130605
mp-862543,0.33,0.3143322
mp-971704,0.61,0.090421006
mp-989586,0.39,0.72826964
mp-995196,0.67,-0.16433498
mp-997055,0.37,0.5261473
mp-998418,0.31,0.1812671
mp-117,0.27,-0.33991838
mp-1307,0.17,0.33546883
mp-133,0.3,-0.1634239
mp-1423,0.33,1.1537827
mp-19833,0.36,0.27069283
mp-21167,0.4,0.055949017
mp-22318,0.2,0.053951934
mp-22863,0.33,0.21855073
mp-32884,0.36,0.06785025
mp-3427,0.26,0.36185485
mp-41219,0.69,0.19053768
mp-4395,0.22,0.32076186
mp-445,0.44,0.24139737
mp-4861,0.31,0.3325786
mp-559798,0.36,0.1900252
mp-631424,0.38,0.08695875
mp-631449,0.71,-0.07436292
mp-644424,0.25,0.31675553
mp-644481,0.27,-0.28003985
mp-6933,0.15,-0.10259871
mp-7064,0.33,-0.0793816
mp-755895,0.27,0.044405088
mp-776097,0.29,0.16016771
mp-8042,0.32,0.07224874
mp-8372,0.26,-1.6802888
mp-865712,0.33,0.3515365
mp-867246,0.21,0.12681906
mp-978950,0.28,0.35289234
mp-984728,0.36,0.38784075
mvc-15785,0.35,0.08038418
mp-1009639,0.38,1.1198934
mp-1018061,0.24,1.1270412
mp-1019509,0.16,0.008085817
mp-1025017,0.32,0.2635315
mp-10697,0.23,0.275079
mp-11176,0.33,-2.5261137
mp-16495,0.32,0.22665279
mp-1925,0.33,-0.23931779
mp-20662,0.29,0.18693791
mp-22167,0.3,0.40562117
mp-22490,0.25,0.30434668
mp-23184,0.31,0.2777326
mp-24409,0.27,0.3352403
mp-28731,0.21,-0.32614535
mp-4391,0.27,0.11700229
mp-5526,0.22,0.12557141
mp-556125,0.31,0.22918577
mp-570377,0.27,0.5461469
mp-571126,0.29,0.36410248
mp-5841,0.35,-0.05639039
mp-589,0.41,0.21775146
mp-631464,3.66,0.7483021
mp-6940,0.38,-0.26454908
mp-753798,0.34,0.2743079
mp-754696,0.34,0.035896137
mp-764233,0.27,0.20326959
mp-8097,1.31,0.40573502
mp-862610,0.33,0.342048
mp-862846,0.16,0.2921793
mp-865215,0.3,0.35732925
mp-867280,0.28,0.322964
mp-867874,0.34,0.10769768
mp-8932,0.27,0.2549839
mp-962076,5.89,-0.4117812
mp-971683,0.19,-0.27631572
mp-975588,0.47,0.1490237
mp-975801,0.38,0.41358232
mp-979422,0.47,0.42074794
mvc-7786,0.35,0.36116886
mvc-916,0.34,0.31954598
mp-1008617,0.35,-0.5165277
mp-1018724,0.19,0.21712165
mp-1025028,0.34,0.25089675
mp-1025348,0.34,0.17228661
mp-10629,4.41,0.12532134
mp-16290,0.36,0.3230906
mp-16493,0.28,0.24464543
mp-1831,0.38,0.32102215
mp-19138,0.37,0.39064574
mp-2450,0.26,0.23220901
mp-2469,0.35,0.3855263
mp-30845,0.32,0.54352546
mp-33018,0.0,0.19998823
mp-36508,-0.45,0.14292593
mp-3944,0.38,0.58480525
mp-579,0.28,-0.061419502
mp-6223,0.34,0.21967389
mp-632172,0.5,-0.12828523
mp-7298,0.33,0.27000296
mp-7502,0.28,0.39337915
mp-755352,0.24,-0.10383182
mp-865527,0.27,0.34150964
mp-866181,0.21,0.32978207
mp-975868,0.22,0.33247566
mp-985,0.26,-0.031631008
mp-9935,0.23,-0.41379237
mp-1002069,0.25,-0.042644203
mp-1009544,0.39,-0.4380933
mp-1016329,0.23,0.45791215
mp-1025173,0.25,0.33196074
mp-1029490,0.33,0.43103427
mp-1029522,0.17,0.32833147
mp-10913,0.26,-0.10593641
mp-11567,0.25,-0.12228009
mp-16365,0.23,0.007923245
mp-19808,0.26,0.1310622
mp-22493,0.39,0.39426023
mp-23089,0.21,0.027990878
mp-30347,0.41,0.44307792
mp-30360,0.45,0.52696854
mp-3274,0.36,0.38674474
mp-36738,0.34,0.23255475
mp-546546,0.3,0.20985903
mp-5637,0.27,-0.073285684
mp-569103,0.42,-0.016097173
mp-761563,0.34,0.19254167
mp-7956,0.2,0.32721192
mp-862861,0.32,0.23515736
mp-865014,0.28,0.30801708
mp-865406,0.33,0.33657646
mp-9211,0.24,0.11383988
mp-976971,0.31,0.6449414
mp-977545,0.27,0.37949795
mp-999088,0.29,-0.026388988
mp-11220,0.24,0.31571203
mp-11291,0.15,0.06281121
mp-1955,0.29,0.38539112
mp-20965,0.25,0.417224
mp-21157,0.24,0.167125
mp-22465,0.58,0.14231135
mp-23062,0.3,0.19458567
mp-29623,0.28,0.32829988
mp-561242,0.32,0.4238913
mp-631323,0.33,0.46179074
mp-669918,0.32,0.3635438
mp-6930,-0.03,0.45441073
mp-815,0.31,0.38216692
mp-8208,0.33,0.30897266
mp-862329,0.28,0.08374326
mp-862930,0.19,0.27734303
mp-862938,0.32,0.22588871
mp-865043,0.35,0.2892719
mp-865301,0.26,0.50280863
mp-865810,0.29,0.29892248
mp-952,0.28,0.40676874
mp-9635,0.38,0.4115951
mp-972692,0.39,0.23066537
mp-972916,0.28,0.07513259
mp-978269,0.27,0.21798752
mp-981233,0.42,0.23460214
mp-990084,0.26,-0.1527362
mp-1002124,0.41,0.61273676
mp-1017519,0.5,-32.14528
mp-1018082,0.3,0.19827609
mp-10755,0.3,0.60676986
mp-11231,0.18,0.52630204
mp-1213,0.58,0.21884643
mp-12557,0.21,0.33805853
mp-1681,0.4,0.32470924
mp-19390,0.27,-0.0006596893
mp-19728,0.29,0.3235023
mp-22270,0.26,-0.11601813
mp-23431,0.29,0.19530766
mp-2930,0.34,0.13658561
mp-29476,0.34,0.39118797
mp-30759,0.74,0.3406481
mp-30883,0.31,0.42956483
mp-31460,0.33,0.1360227
mp-567712,0.29,0.31865823
mp-6543,0.35,0.48313874
mp-7376,0.22,0.044008747
mp-754542,-0.76,-0.13185717
mp-862365,0.31,0.39119208
mp-862769,-0.18,0.37746507
mp-867245,0.37,0.37649524
mp-971669,0.27,0.2088023
mp-972741,0.52,0.14837448
mp-972876,0.27,0.45268434
mp-973986,0.24,0.404186
mp-1025457,0.24,0.24033849
mp-1038837,0.28,0.029965743
mp-11441,0.27,0.46949238
mp-12734,0.29,0.43308878
mp-13302,0.28,0.21726798
mp-1529,0.3,-0.21252723
mp-16960,0.32,-0.018889591
mp-18876,0.27,0.20413895
mp-20144,0.27,0.05945812
mp-20939,0.41,0.54079145
mp-21289,0.38,0.36029494
mp-21467,0.31,0.3635611
mp-2207,0.24,0.10619883
mp-22323,0.32,0.24548112
mp-23162,0.24,-2.1488066
mp-23425,0.27,0.422324
mp-2462,0.37,0.26803732
mp-27989,0.27,-0.36500305
mp-28044,0.09,0.09915136
mp-2849,0.31,0.35591286
mp-2856,0.22,-0.060965464
mp-29950,0.24,0.532118
mp-3011,0.36,0.4832179
mp-30362,0.43,0.43027133
mp-3498,0.39,0.32570243
mp-3602,0.24,0.152178
mp-3771,0.28,0.29090792
mp-505198,0.33,0.13413312
mp-568113,0.31,0.40236604
mp-568624,0.33,0.46726477
mp-570157,0.06,0.17430685
mp-570199,0.38,0.14516701
mp-961711,0.32,0.2279952
mp-976075,0.28,0.37599826
mp-976333,0.33,0.366863
mp-976768,0.22,1.1551406
mp-998197,0.27,0.21021526
mp-1021424,0.29,0.32038802
mp-1039074,0.25,-13.794567
mp-1067,0.18,0.5645597
mp-10889,0.3,0.38900512
mp-11234,0.34,0.2763747
mp-19048,0.31,0.06346224
mp-19097,0.27,0.2518676
mp-19120,0.23,0.22068764
mp-20379,1.2,0.79132336
mp-21168,0.14,0.09561305
mp-22867,0.3,0.28794885
mp-22987,0.25,0.2327088
mp-30600,0.4,0.01861173
mp-3217,0.26,0.24254523
mp-34240,0.18,0.014178142
mp-3953,0.31,-0.41259223
mp-437,0.33,0.053103104
mp-4608,0.32,0.091208145
mp-5124,0.43,0.32748377
mp-5409,0.29,0.22156702
mp-5497,0.27,0.12476401
mp-556927,0.34,0.14577915
mp-571513,0.31,0.40377486
mp-5999,0.31,0.38446158
mp-626680,0.25,0.40281326
mp-644225,0.18,0.41106302
mp-649,0.34,-0.1235554
mp-754480,0.28,0.20203333
mp-754516,0.29,0.24987106
mp-754777,0.33,0.047370568
mp-754826,0.39,0.40113527
mp-774,0.28,0.39983326
mp-8439,0.25,0.24258824
mp-862669,0.27,0.23969026
mp-862747,0.3,0.4773183
mp-91,0.29,0.32809794
mp-985280,0.34,0.03819774
mp-1021669,0.41,0.101197496
mp-10314,0.24,0.2862575
mp-11984,0.21,0.32729548
mp-13155,0.29,1.3197415
mp-1343,0.34,0.33714944
mp-13947,0.3,0.3029399
mp-14024,0.32,-0.034079984
mp-19908,0.32,0.30425608
mp-20120,0.26,0.5411219
mp-20199,0.3,0.19230287
mp-20695,0.28,0.11464898
mp-227,0.33,0.20789514
mp-22993,0.39,0.35245144
mp-2642,0.45,0.605783
mp-30930,0.12,0.277879
mp-3678,0.27,0.19028006
mp-3751,1.11,0.06314133
mp-4316,0.26,0.3035717
mp-4661,0.31,0.20060246
mp-5106,0.26,0.25446272
mp-550908,0.24,0.15408848
mp-554278,0.35,0.353606
mp-557266,0.33,0.30388772
mp-557929,0.38,-0.19335707
mp-631254,0.76,0.12363781
mp-631410,-5.31,-2.1041088
mp-631553,-0.41,-0.08277683
mp-864804,0.38,0.3641591
mp-865027,0.31,0.0016699284
mp-865789,0.36,0.42611963
mp-865918,0.2,0.4207645
mp-978851,0.21,-0.10036937
mp-982004,0.33,0.2751792
mp-1017377,0.27,0.2742495
mp-13148,0.47,0.08658539
mp-15776,0.23,0.54588634
mp-21075,0.2,0.66960365
mp-21409,-0.19,0.34100544
mp-22595,0.26,0.21653037
mp-23050,0.29,0.070190474
mp-2551,0.39,0.18030702
mp-30560,0.81,-0.08141866
mp-4355,0.32,0.15593652
mp-546079,0.37,0.0084141195
mp-570293,0.3,0.14463161
mp-610917,0.38,0.30254996
mp-742,0.31,0.64632404
mp-753360,0.26,-0.14740619
mp-774411,0.21,0.14258234
mp-817,0.39,0.23334025
mp-862883,0.33,0.32962155
mp-864769,0.36,0.40209287
mp-865006,0.22,0.2943377
mp-866271,0.59,0.3233729
mp-975028,0.21,0.0008737296
mp-975794,0.33,0.35587305
mp-976419,0.37,0.21488087
mp-979413,0.21,-0.09533432
mp-981382,0.38,0.079003856
mvc-15605,0.27,0.1545041
mp-1002182,-2.89,-0.27010062
mp-1025205,0.29,0.24989335
mp-1050,0.33,0.123834535
mp-13109,0.26,0.15179567
mp-18724,0.32,0.027849942
mp-18937,0.32,0.56628424
mp-19856,0.35,0.20865257
mp-2076,0.23,1.2819982
mp-21078,0.32,0.42012733
mp-23713,0.22,0.46246856
mp-2525,0.37,0.5737057
mp-33,0.24,0.48858255
mp-33588,0.22,0.3617242
mp-6654,0.28,0.4755109
mp-676416,0.24,0.17413066
mp-765406,0.3,0.5166134
mp-8191,0.3,0.35844147
mp-8624,0.23,0.39683127
mp-862936,0.55,0.34433454
mp-864941,0.3,0.116396174
mp-865181,0.31,0.21949683
mp-865281,0.35,0.35850304
mp-865460,0.13,0.4194445
mp-865737,0.38,0.22449295
mp-866156,0.32,0.29844117
mp-867222,0.28,0.31974208
mp-867863,0.35,0.23433961
mp-9580,-0.59,0.45231384
mp-976751,0.28,-0.21294121
mp-979423,0.22,0.27891523
mvc-13997,0.37,0.3987612
mp-1008820,0.38,1.8181847
mp-10165,0.23,0.16156574
mp-1019612,0.31,0.39664048
mp-1025306,0.37,0.53329164
mp-1039305,-47.53,-14.049719
mp-11471,0.33,0.27143645
mp-135,0.36,0.7122886
mp-189,0.29,0.30750078
mp-1944,0.19,0.4453714
mp-20112,0.32,0.5626552
mp-2062,0.3,0.12885372
mp-21092,0.42,0.35705763
mp-21879,0.3,0.33423787
mp-30766,0.2,-0.08068591
mp-30866,0.3,0.33370864
mp-3102,0.26,0.05940713
mp-3862,0.22,0.29205334
mp-443,0.4,0.23545645
mp-4634,0.29,0.33837074
mp-541037,0.36,0.45097405
mp-555014,0.4,0.22416483
mp-571030,0.37,0.6574649
mp-62,0.48,0.7110968
mp-631316,-0.05,0.38453835
mp-661,0.24,0.29309607
mp-7303,0.29,0.2460457
mp-753826,0.29,0.068991944
mp-865202,0.44,0.27039748
mp-867156,0.33,0.16498266
mp-867779,0.31,0.26981926
mp-8962,0.32,0.6963184
mp-9258,0.24,0.0402738
mp-9479,0.25,0.16092812
mp-972087,0.23,0.77831846
mp-972978,0.66,0.08031939
mp-973830,0.54,0.087767825
mp-974307,0.38,0.12933756
mp-974827,0.39,0.26272196
mp-979289,0.27,0.33800232
mp-984719,0.42,0.7101179
mp-9958,0.22,0.7090116
mp-998883,0.4,0.46657878
mp-999257,0.33,0.121203616
mvc-11231,0.64,0.5263017
mp-1001023,0.27,-0.45611107
mp-1008275,0.19,0.19905137
mp-1008631,0.29,0.10129659
mp-1018849,0.32,0.22766279
mp-1019319,0.26,0.34655297
mp-1021478,0.26,0.74193704
mp-1029444,0.3,0.1472211
mp-1029832,0.51,0.58149207
mp-1029903,0.28,0.3829233
mp-1039073,0.35,0.9374184
mp-11301,0.26,0.32094306
mp-11468,0.3,1.5566894
mp-16726,0.19,0.16886137
mp-178,0.29,0.34246832
mp-2061,0.31,0.31839448
mp-22144,0.26,0.21122889
mp-22716,0.33,0.4511059
mp-27145,0.24,0.26945144
mp-30485,0.32,0.28976858
mp-4253,0.32,0.19900067
mp-5015,0.34,0.25164658
mp-5129,0.24,0.098203704
mp-556536,0.34,0.017840177
mp-561536,0.34,0.29638404
mp-567626,0.56,0.31300288
mp-568541,0.2,0.13801388
mp-570822,0.35,0.12556829
mp-6178,1.01,0.53817624
mp-631409,-0.79,0.6501629
mp-672645,0.3,0.2056935
mp-6982,0.41,0.18324368
mp-8023,0.55,-0.39820638
mp-863724,0.56,0.38934928
mp-864807,0.35,0.33710462
mp-866109,0.31,0.27437365
mp-973353,0.45,-0.028645322
mp-1001785,0.52,0.31310546
mp-1011860,0.25,0.23720707
mp-1038879,0.42,0.020859793
mp-10716,0.32,0.20837666
mp-11157,0.19,-0.14820266
mp-11369,0.3,0.19608022
mp-11444,0.28,0.35202688
mp-12684,0.24,0.22367404
mp-12760,0.29,0.5235413
mp-22150,0.32,0.19006424
mp-22636,0.33,0.23226388
mp-22746,0.25,0.3985486
mp-22967,0.24,0.55526775
mp-27,0.46,0.12132098
mp-30404,0.34,0.4215548
mp-3791,0.27,0.29654568
mp-4864,0.21,-0.057874084
mp-4889,0.32,0.27455986
mp-542136,0.27,0.27165097
mp-67,0.26,0.44289684
mp-754850,0.25,-0.008781552
mp-755543,0.28,0.27300632
mp-7948,0.33,0.2688316
mp-8398,0.24,0.29110694
mp-862291,0.29,0.34907794
mp-862830,0.4,0.4627639
mp-961686,0.41,0.23741527
mp-972156,0.27,0.5976555
mp-974335,0.24,0.36520934
mp-976414,0.22,0.47753316
mp-999118,0.42,0.040853366
mp-1009756,0.32,-0.998929
mp-1017532,0.24,0.20124702
mp-12077,0.24,0.36462528
mp-12571,0.18,0.47279543
mp-15685,0.25,0.12500007
mp-15988,0.24,0.20824514
mp-20055,0.31,0.17659096
mp-2667,0.25,0.30152065
mp-30820,0.3,0.28835416
mp-3587,0.32,0.28961325
mp-3686,0.27,0.26282609
mp-4809,0.17,0.30037534
mp-4984,0.28,0.03246604
mp-5042,0.26,0.41865873
mp-5632,0.31,0.26752204
mp-568177,0.2,0.42719573
mp-569593,0.25,-0.12388109
mp-569858,0.33,0.13958617
mp-580886,0.25,0.2228534
mp-631412,0.46,0.5174884
mp-636056,-0.34,0.41198838
mp-675798,0.3,0.100737914
mp-6927,0.37,0.089496866
mp-7420,0.22,0.24626057
mp-7478,0.25,0.2269231
mp-861733,0.41,0.3871345
mp-861905,0.43,0.4490509
mp-867274,0.28,0.15136932
mp-867288,0.35,0.51609105
mp-9124,0.21,0.127598
mp-978797,0.27,0.26322454
mp-979265,0.39,0.24610935
mp-979614,0.27,0.22064935
mp-979951,-0.09,0.4078039
mp-980905,0.51,0.09526779
mp-1009133,0.28,0.42796713
mp-1009753,0.95,0.3782553
mp-1018043,0.36,0.387492
mp-1019740,0.22,0.3801446
mp-13937,0.65,0.32204324
mp-14587,0.27,0.27657312
mp-188,0.32,0.24781604
mp-20452,0.26,0.041735336
mp-20983,0.23,0.2617663
mp-24147,0.27,0.5587202
mp-2529,0.33,0.2725811
mp-30784,0.29,-0.09847529
mp-3203,0.3,0.0590211
mp-33708,0.33,0.20159908
mp-37153,0.46,0.27788252
mp-4170,0.3,0.19855471
mp-569204,0.32,0.30146247
mp-684709,0.18,0.42585427
mp-7541,0.25,0.48119897
mp-768864,0.26,0.24982928
mp-778,0.32,0.0421838
mp-862699,0.28,0.19242744
mp-931,0.3,0.5952767
mp-961673,0.28,0.2903577
mp-972327,0.3,0.34270644
mp-974315,0.43,0.24280165
mp-1018015,0.4,0.030338988
mp-1025265,0.31,0.5169329
mp-1025266,0.3,0.2592376
mp-1472,0.14,-0.3275668
mp-19019,0.33,0.12276815
mp-20423,0.39,0.19747339
mp-2194,0.2,0.4334157
mp-3042,0.3,0.2902385
mp-559092,0.3,0.17719321
mp-568564,0.39,0.49822694
mp-571185,1.2,0.32550675
mp-607,0.49,0.24133156
mp-6353,0.25,0.52959585
mp-864940,0.29,0.33671027
mp-889,0.21,0.35058236
mp-9556,0.19,0.48709357
mp-1008483,0.42,0.24706514
mp-10162,0.29,0.35224187
mp-1016876,0.37,0.14334677
mp-10178,0.34,0.86589533
mp-1018134,0.29,1.2678612
mp-1018851,0.5,0.38919407
mp-1029659,0.25,0.48878735
mp-1029702,0.29,0.4960428
mp-12697,0.24,0.089855865
mp-142,0.22,6.296055
mp-14549,0.41,-0.5797926
mp-2039,0.39,0.49707752
mp-25385,0.32,0.3347687
mp-486,0.23,0.5055572
mp-5350,0.23,0.25716794
mp-552857,0.26,0.17394648
mp-559264,0.24,-0.15921792
mp-559847,0.38,0.35952574
mp-722913,0.24,0.49745208
mp-754311,0.21,0.052056655
mp-7798,0.26,0.36967498
mp-7976,0.25,0.16754262
mp-8470,0.31,0.33790213
mp-861663,0.26,0.3734622
mp-866018,0.29,0.27112716
mp-866127,0.31,0.25279218
mp-973066,0.62,0.26187927
mp-997182,0.27,-0.5860267
mp-998980,0.21,0.2001097
mp-1014257,0.24,0.532537
mp-1025158,0.34,0.48485166
mp-1029542,0.22,0.24534266
mp-10312,0.3,0.43895262
mp-10699,0.32,0.276358
mp-10853,0.2,0.30853957
mp-11597,0.33,0.2969466
mp-1394,0.34,0.21305884
mp-15803,0.33,0.16791846
mp-20238,0.26,0.020247653
mp-20738,0.22,0.35528845
mp-22469,0.34,0.620016
mp-22875,0.36,0.3853131
mp-27275,0.26,0.27095652
mp-29750,0.34,0.53092355
mp-30572,0.27,0.1284642
mp-30721,0.49,0.018240854
mp-3591,0.3,0.3624586
mp-558137,0.22,0.26491868
mp-567789,0.24,0.28649276
mp-568746,0.35,-0.03043957
mp-569544,0.25,0.2675889
mp-569960,0.28,0.3737027
mp-570960,0.35,0.33905166
mp-6521,0.3,0.08313309
mp-697111,0.3,0.26928133
mp-755089,0.28,0.1284786
mp-7554,0.57,0.1732551
mp-858,0.2,0.090166286
mp-865666,0.58,0.31256652
mp-866056,0.39,0.5741469
mp-867117,0.34,0.16608776
mp-9711,0.26,0.3608938
mp-976847,0.37,0.43407184
mp-977553,0.32,0.44499087
mp-1038818,3.82,0.50716573
mp-112,0.24,0.7319135
mp-11488,-0.0,0.12998925
mp-15987,0.27,0.4819709
mp-19005,0.3,0.20582764
mp-2118,0.22,0.63834804
mp-21343,0.22,0.25632626
mp-22309,0.23,0.30978495
mp-22717,0.31,0.44648165
mp-23202,0.25,0.20471065
mp-23860,0.3,0.5213501
mp-28084,0.29,0.31091136
mp-30570,0.41,-0.20271204
mp-40189,0.6,0.20769285
mp-4181,0.3,0.3499815
mp-4251,0.28,0.25588936
mp-505554,0.24,0.08474313
mp-5112,0.21,0.100421414
mp-541837,0.22,-0.3194366
mp-567617,0.26,0.5872858
mp-7032,0.26,0.12701343
mp-7786,0.29,0.36117005
mp-7961,-0.09,0.3641562
mp-850878,0.23,0.1414723
mp-865158,0.3,0.27647626
mp-867805,0.1,0.41265994
mp-961645,0.55,-0.0036895424
mp-961699,-3.24,-2.295187
mp-971833,0.34,0.3542381
mp-973217,0.36,0.10086958
mp-973890,0.31,0.48830974
mp-977128,0.39,0.07138996
mp-977407,0.24,0.39906174
mp-9921,0.27,-0.019344911
mp-997024,0.32,0.32016796
mp-999576,0.29,0.1414793
mp-1008506,0.19,0.5969006
mp-1013704,0.18,-0.5882564
mp-1025557,0.26,-0.0036070198
mp-1432,0.24,0.8104623
mp-16272,0.18,0.45086044
mp-1731,0.41,0.1807429
mp-18965,0.35,-0.20537828
mp-19991,0.29,0.59607035
mp-20185,0.19,0.40042
mp-20661,0.25,0.7319629
mp-22731,0.39,0.34096462
mp-22880,0.27,0.43023545
mp-22883,0.24,0.69242656
mp-25,0.28,0.51615816
mp-2606,0.32,0.7557128
mp-28602,0.24,0.073151514
mp-29133,0.27,0.31753546
mp-30741,0.28,0.6114196
mp-30744,0.27,0.6226408
mp-30872,0.27,0.058909222
mp-31178,0.23,0.32983714
mp-34903,0.29,0.4548431
mp-504974,0.36,0.19506304
mp-557772,0.35,0.5026656
mp-569802,0.96,-0.34595317
mp-6073,0.27,0.28943336
mp-754125,0.51,0.395366
mp-7754,0.27,0.92042154
mp-865324,0.26,0.45031708
mp-865496,0.26,-0.48292
mp-867926,0.93,0.30072278
mp-976319,0.51,0.43817848
mp-980193,0.3,0.41709805
mp-1005727,0.35,0.16387312
mp-1029779,0.29,0.6861951
mp-12564,0.44,-0.08721213
mp-13032,0.34,0.21166025
mp-13272,0.19,0.26315653
mp-14018,0.25,0.35434002
mp-20612,0.28,0.23893236
mp-20997,0.35,0.417327
mp-21309,0.16,0.2251143
mp-22912,0.31,-0.35504007
mp-2410,0.33,0.39128602
mp-34418,0.43,0.11885135
mp-5566,0.31,0.5288685
mp-5749,0.22,0.46409082
mp-640073,0.34,0.22124372
mp-675078,0.3,0.42360586
mp-6907,0.47,0.60408455
mp-7048,0.27,0.3322639
mp-7288,0.29,0.32332546
mp-753495,0.24,0.15947981
mp-754375,0.27,0.31099147
mp-768680,0.26,0.08550133
mp-861956,0.35,0.3711269
mp-864782,0.27,0.2795608
mp-9027,0.24,0.16559677
mp-972042,0.32,0.46750253
mp-977194,0.41,0.07470165
mp-1007906,0.21,0.094538555
mp-1016999,0.27,0.059073046
mp-1017626,0.34,0.10150953
mp-1018079,0.38,1.0099819
mp-1018770,0.21,0.12903307
mp-1022804,0.21,0.28803152
mp-1025172,0.24,0.60697496
mp-1025219,0.21,0.6140125
mp-10474,0.28,0.04048924
mp-11388,0.36,-1.9762418
mp-11480,0.43,-0.14793785
mp-12546,0.34,0.7091139
mp-13452,0.32,1.4578913
mp-15687,0.22,0.5893807
mp-1580,0.31,0.012612358
mp-17783,0.28,0.23868598
mp-2513,0.25,0.507588
mp-2644,0.28,0.20709126
mp-31168,0.31,0.312468
mp-4499,0.3,0.1384585
mp-541,0.3,0.4325754
mp-561490,0.29,0.045076564
mp-568320,0.3,0.56847435
mp-569366,0.32,0.3916943
mp-570097,0.17,0.084904656
mp-571655,0.37,0.3678285
mp-603251,1.12,-0.17501602
mp-643062,0.37,0.29226536
mp-7112,0.2,0.25039184
mp-7434,0.32,0.18837003
mp-7542,0.21,0.49300015
mp-754698,0.36,-0.031807646
mp-766454,0.32,0.6231825
mp-864788,0.3,0.507239
mp-864910,0.3,0.5168005
mp-865174,0.34,0.34669298
mp-865871,0.45,0.50840867
mp-866008,0.37,0.34510654
mp-867364,1.13,0.31343734
mp-961647,-16.27,-7.7034726
mp-971864,0.32,0.3012541
mp-973653,0.35,0.4299637
mp-976406,-0.41,0.14301802
mp-977182,0.41,0.28892338
mp-977354,0.31,0.2735591
mp-9827,0.28,0.040453777
mp-989529,0.39,0.2501604
mp-10041,0.35,0.1302972
mp-1018140,0.35,-0.17980798
mp-1018144,0.37,0.3042165
mp-12724,0.34,0.09637578
mp-19895,0.29,0.12705754
mp-20466,0.31,-0.60583186
mp-2075,0.17,0.28105974
mp-20828,0.38,0.22342198
mp-23116,0.3,0.34258837
mp-2560,0.32,0.7927205
mp-27882,0.26,0.4672886
mp-28077,0.04,0.09202574
mp-38725,0.28,0.37090504
mp-44,0.2,0.5852228
mp-4666,0.28,0.48918205
mp-510623,0.34,-0.16224724
mp-569989,0.28,-0.3283175
mp-570835,0.28,0.5118933
mp-5739,0.24,0.15834491
mp-5908,0.18,0.084138826
mp-7911,0.3,0.373183
mp-8039,0.25,0.008357272
mp-8224,-0.32,0.11328338
mp-862316,0.29,0.20628999
mp-862376,0.31,0.29837525
mp-865907,0.36,0.14391188
mp-867786,0.28,0.20616595
mp-9383,0.2,0.24818407
mp-971950,0.46,0.28560412
mp-972511,0.34,0.3830241
mp-978271,0.17,0.28953302
mp-979039,0.4,0.57407475
mp-981207,0.21,0.44882506
mp-999439,0.41,0.30869472
mvc-11693,0.37,0.13336854
mp-1002081,0.29,-0.34297764
mp-1016200,0.29,0.5679097
mp-1025473,0.25,0.5766208
mp-1029258,0.23,0.25378704
mp-10485,0.18,0.293925
mp-10627,0.42,0.15929805
mp-10932,0.28,0.17969842
mp-11280,0.29,0.24457215
mp-1533,0.37,0.36410773
mp-16328,3.76,0.08652459
mp-1769,0.37,0.46804047
mp-19004,0.25,0.19982226
mp-20382,0.28,0.72013885
mp-20473,0.39,0.24693076
mp-21489,0.31,0.27282417
mp-21888,0.41,-0.046736807
mp-22056,0.28,0.38072604
mp-22246,0.17,0.07622139
mp-2596,0.27,0.4021924
mp-2786,0.32,0.38643152
mp-30180,0.23,0.22252046
mp-36066,0.12,0.272124
mp-514,0.28,0.39717996
mp-531611,0.15,0.50531155
mp-5407,0.28,0.25591224
mp-567681,0.29,0.33587235
mp-6997,0.23,0.6798253
mp-7954,0.32,-0.067888975
mp-861628,0.31,0.17537107
mp-861992,0.4,0.2790395
mp-865786,0.32,0.7491072
mp-9035,0.23,0.08946733
mp-972116,0.79,0.2010117
mp-972965,0.49,0.19522558
mp-973088,0.08,0.2953006
mp-973750,0.34,0.074861005
mp-976122,0.41,0.684799
mp-978279,0.26,0.23409869
mp-979073,0.23,0.026316658
mp-980429,0.32,0.30105537
mp-985282,0.37,0.48305964
mp-9924,-0.13,0.88464767
mp-999127,0.23,0.46768522
mp-1008681,1.02,0.046070024
mp-1018717,0.32,0.23611544
mp-1025353,0.38,0.6272256
mp-1029374,0.24,0.50136334
mp-1029469,0.29,0.45172065
mp-10879,0.43,0.09784411
mp-11313,0.34,0.6254706
mp-11392,0.29,0.23600124
mp-11507,0.32,0.19814704
mp-15791,0.23,-0.094445035
mp-165,0.22,0.6448106
mp-20685,0.25,0.41731238
mp-21253,0.04,0.049804047
mp-23,0.29,0.28327364
mp-23475,0.29,0.48659027
mp-2686,0.31,-2.6742208
mp-31184,0.28,0.14859079
mp-35397,0.27,0.15843119
mp-5285,0.32,-0.034136966
mp-567513,0.25,-0.007097557
mp-569066,0.27,0.27299958
mp-569803,0.22,0.34198773
mp-684591,0.26,0.18457927
mp-866222,0.26,0.35158235
mp-867270,0.27,0.17601787
mp-972058,0.3,0.19168358
mp-972160,0.74,0.23998292
mp-973627,0.18,0.013726458
mp-978964,0.29,0.5609754
mp-979294,0.32,-0.049492285
mp-1014373,0.41,-0.31458348
mp-1016845,0.41,0.22149621
mp-1018050,0.21,0.52699536
mp-1029347,0.27,0.28159684
mp-11361,0.3,0.13674901
mp-11453,0.3,0.29863137
mp-1545,0.31,0.311104
mp-19877,0.37,0.52147895
mp-23879,0.08,0.49546838
mp-2677,0.35,0.68388337
mp-27462,0.29,-0.034732148
mp-29356,0.27,0.23315252
mp-30790,0.41,0.36425775
mp-33618,0.33,0.29309535
mp-3618,0.24,0.1174082
mp-4264,0.29,0.13338415
mp-541487,0.25,0.3732174
mp-570112,0.29,-0.060230255
mp-631317,0.47,1.2526739
mp-643243,0.3,0.4739877
mp-753746,0.23,-0.13403583
mp-813,0.19,0.09990196
mp-8540,0.28,-0.14319696
mp-862336,0.35,0.21013544
mp-862887,0.32,0.25003147
mp-863698,0.25,0.24556716
mp-863739,0.33,0.2675351
mp-864943,0.29,0.202489
mp-865123,0.38,0.26478207
mp-865341,0.37,0.2217332
mp-866000,0.29,0.21024676
mp-962073,0.52,0.0042443126
mp-971914,0.31,0.15725769
mp-973957,0.36,0.368389
mp-976284,0.28,0.14065294
mp-976292,0.38,0.17768066
mp-976793,0.27,0.113348946
mp-977566,0.36,0.33442074
mp-978917,0.47,0.13664766
mp-979931,0.35,0.50707704
mp-989555,0.65,0.41821188
mp-989561,0.49,0.43205166
mp-997030,0.33,-0.13612352
mp-1016650,0.25,0.4315623
mp-1018699,0.19,0.1456332
mp-1055,0.31,-0.12344996
mp-1548,0.23,1.0238277
mp-15669,0.24,0.64843833
mp-19787,0.22,0.25360125
mp-22503,0.3,0.37852663
mp-22899,0.24,0.049929664
mp-22934,0.26,0.08868165
mp-2588,0.38,-0.11881757
mp-27277,0.27,0.45408022
mp-27734,0.26,0.36746275
mp-29398,0.25,0.20965739
mp-30651,0.41,0.4677298
mp-3376,0.28,0.38530505
mp-4668,0.25,0.21758501
mp-604910,0.27,0.17983828
mp-605663,0.36,0.19973807
mp-6304,0.29,0.2859761
mp-7565,0.34,0.42321903
mp-7704,0.23,0.3824556
mp-861983,0.31,0.11608924
mp-865007,0.29,0.2775221
mp-865854,0.34,0.32710558
mp-865983,0.37,0.29590827
mp-867914,0.35,0.30464864
mp-9588,0.23,0.138489
mp-974842,0.39,0.16804425
mp-1018031,0.19,0.30796945
mp-1025340,-0.53,0.59392685
mp-11282,0.19,0.2874142
mp-11536,0.34,0.60829526
mp-13121,0.33,0.2643975
mp-18793,0.26,0.08382209
mp-1902,0.46,0.82312447
mp-1911,0.28,0.164847
mp-20674,0.29,0.256132
mp-22881,0.27,0.2631352
mp-23241,0.26,0.15032838
mp-27919,0.22,-2.27871
mp-28369,0.17,0.5726431
mp-30469,0.38,-0.31243443
mp-3497,0.35,0.3304631
mp-4283,0.3,0.14646421
mp-4561,0.32,0.4042788
mp-4767,0.28,0.22534512
mp-5461,0.34,0.2394659
mp-573316,0.28,0.24040662
mp-756,0.2,0.16619955
mp-760539,0.27,-0.021600679
mp-775906,0.3,0.39167982
mp-865187,0.3,0.23566966
mp-865797,0.3,0.3485098
mp-865812,0.39,0.3068161
mp-866115,0.28,0.29037833
mp-9200,0.24,0.42425936
mp-974337,0.3,0.09564911
mp-1008918,0.35,-0.4054156
mp-1018067,0.29,-0.14239928
mp-1018652,0.35,0.16612814
mp-1018794,0.35,0.31332052
mp-1019279,0.24,0.3364945
mp-1023208,0.26,0.6292123
mp-1025071,0.27,0.29850858
mp-1025334,0.23,0.4183697
mp-11193,0.29,0.023430273
mp-11236,0.39,0.4289456
mp-13434,0.29,0.1744474
mp-13583,0.26,0.15858735
mp-14254,0.2,0.3905179
mp-16343,0.2,0.74374706
mp-20119,0.45,0.40507162
mp-22907,0.25,-0.22633146
mp-28698,-0.02,0.034979746
mp-505206,0.22,0.17789792
mp-570198,0.3,0.14092772
mp-570611,0.42,0.3548739
mp-620290,0.22,0.16274907
mp-672254,0.31,0.029629156
mp-8298,0.29,0.4525774
mp-865147,0.27,0.1979685
mp-865677,0.5,0.5115802
mp-866229,-0.7,0.2675044
mp-867873,0.26,0.27695233
mp-867901,0.33,0.31465834
mp-972352,0.38,0.15612133
mp-972742,0.2,0.18845727
mp-975055,0.07,0.10164122
mp-977568,0.48,0.44720525
mp-985583,0.27,0.15848555
mp-1018628,0.64,0.22946791
mp-1025154,0.38,0.46536118
mp-10761,0.24,0.22829016
mp-1132,0.34,0.31843728
mp-12087,0.39,0.92802113
mp-20010,0.18,0.28784508
mp-2170,0.3,0.34438604
mp-29481,0.38,0.34929156
mp-30886,0.23,-0.11649224
mp-3527,0.27,0.10009353
mp-4182,0.35,0.02344948
mp-510376,0.39,0.28487194
mp-551101,0.26,0.27304298
mp-568419,0.32,-2.2005513
mp-582736,0.22,0.040828213
mp-631334,0.55,0.16751091
mp-631566,0.54,0.20135535
mp-643265,0.32,0.31202507
mp-6625,0.3,0.190944
mp-862546,0.35,0.24755915
mp-865680,0.29,0.3983515
mp-867803,0.24,0.3033468
mp-867850,0.32,0.29685986
mp-8742,0.27,0.052224025
mp-975404,0.37,0.19677906
mp-998913,0.34,0.31273735
mp-1006880,0.18,0.071524695
mp-1018104,0.34,2.0047555
mp-1025200,0.26,0.71843916
mp-10584,0.3,0.22966306
mp-11261,0.33,0.5068757
mp-11304,0.32,0.36910945
mp-15686,0.21,0.5595494
mp-157,0.23,0.93189114
mp-15922,0.3,0.109423205
mp-16305,0.25,0.26154906
mp-17546,0.32,0.2565602
mp-19035,0.24,-0.034097955
mp-20601,0.42,0.83087236
mp-2104,0.34,0.44529754
mp-21399,0.32,0.1332631
mp-21894,0.22,0.056454405
mp-2324,0.29,0.2523396
mp-23533,0.37,0.4381749
mp-237,0.37,0.4980151
mp-29455,0.3,-0.050458416
mp-30685,0.2,-0.29879224
mp-30876,0.33,0.08546661
mp-3103,0.22,-0.38546416
mp-556609,0.25,0.005005583
mp-567772,-0.25,0.41072077
mp-568171,0.41,0.040194526
mp-568284,0.27,0.12271415
mp-619461,0.16,0.14642344
mp-631451,0.54,-0.018832192
mp-675172,0.26,0.21392177
mp-702,-0.96,0.18361197
mp-752947,0.22,0.050309226
mp-753656,0.27,0.24500363
mp-8188,0.24,0.18321534
mp-862617,0.24,0.35128093
mp-867169,0.26,0.24287538
mp-867254,0.43,0.41947186
mp-867290,0.23,0.8941569
mp-961660,0.28,0.20033012
mp-977561,0.32,0.26697195
mp-1021674,0.09,-0.045557573
mp-1029640,0.27,0.45235616
mp-10824,0.26,0.3842581
mp-1146,0.33,0.19058977
mp-11461,0.3,0.92247206
mp-11765,0.27,0.81051487
mp-12635,0.38,0.25711071
mp-16220,0.25,0.31377596
mp-1722,0.29,-0.003810212
mp-18695,0.32,0.24400349
mp-20389,0.38,0.27561468
mp-21296,0.36,0.4931224
mp-22414,0.15,0.20790176
mp-23194,0.22,0.20962022
mp-27972,0.28,0.42298084
mp-284,0.23,0.28495347
mp-29621,0.24,0.15700449
mp-30307,0.33,-0.109166
mp-3031,0.25,0.06473856
mp-30682,0.24,-0.4251802
mp-30760,0.35,0.44875467
mp-30840,0.37,0.7364443
mp-31456,0.35,0.23498721
mp-3201,0.33,0.34144878
mp-428,0.18,0.24723624
mp-505824,0.32,0.49707514
mp-560959,0.13,0.44375885
mp-583266,0.39,-0.07859306
mp-597,0.38,0.9205639
mp-672232,0.46,0.29635805
mp-755018,0.28,0.31088454
mp-755594,0.25,0.102923974
mp-851,0.36,1.066628
mp-862702,0.32,0.38386953
mp-866279,0.39,0.33910608
mp-9579,0.27,0.30912954
mp-972238,0.32,0.5633101
mp-972641,0.5,0.295986
mp-973343,0.28,0.29484832
mp-974584,0.39,0.44627666
mp-997086,0.33,0.2600668
mp-1006878,0.24,0.08305864
mp-1018088,0.7,-0.55364126
mp-1018718,0.31,0.31108153
mp-10527,0.26,0.3169685
mp-11568,0.35,0.28500324
mp-1194,0.34,0.4399299
mp-1610,0.33,0.5524833
mp-191,0.33,0.54881537
mp-19102,0.26,0.41806555
mp-19183,0.31,0.25588036
mp-19974,0.5,0.27193773
mp-20145,0.32,0.21628414
mp-22896,0.28,0.39810234
mp-22925,0.38,0.7489096
mp-256,0.27,0.070980206
mp-28479,0.21,0.41765147
mp-3933,0.26,0.45985645
mp-4324,0.33,0.087782696
mp-4961,0.25,0.21258096
mp-5223,0.25,0.10814588
mp-560767,0.3,0.32171375
mp-636599,0.31,0.28838426
mp-776331,0.28,-0.2759953
mp-7935,0.26,0.06472288
mp-8218,0.22,0.37120408
mp-861872,0.37,0.2041993
mp-861939,0.29,0.13483603
mp-865262,0.31,0.3100416
mp-866061,0.25,0.22857516
mp-866818,0.21,-0.21437468
mp-972062,0.3,0.39087462
mp-973342,0.29,0.3316806
mp-973681,0.43,0.10959549
mp-1010136,0.41,0.38184232
mp-1018689,0.24,0.4326458
mp-1018780,0.22,0.16582708
mp-1028,0.24,0.61779845
mp-1029491,0.33,0.12589811
mp-1038916,0.32,0.47531682
mp-10985,0.3,0.2579373
mp-1113,0.3,0.3864323
mp-1138,0.21,0.31395918
mp-13525,0.35,-1.3780442
mp-13853,0.23,0.11013271
mp-15896,0.3,0.36639047
mp-1936,0.27,0.37550235
mp-20581,0.27,0.3062451
mp-20621,0.3,0.41422337
mp-22924,0.31,0.07823227
mp-23285,0.24,-0.5163083
mp-2486,0.3,0.47976363
mp-30719,0.34,0.11251025
mp-3218,0.33,0.1399108
mp-540,0.28,0.15435253
mp-571071,0.27,0.3656938
mp-5714,0.26,0.22894807
mp-606393,0.28,0.43067068
mp-623024,0.0,0.22817563
mp-625487,0.25,0.62895685
mp-631556,0.77,0.4408322
mp-631565,0.44,0.004433751
mp-639910,0.3,0.06651206
mp-675755,0.36,0.11289941
mp-754128,0.26,0.29413342
mp-754741,0.3,0.25609308
mp-754954,0.29,0.48240596
mp-755714,0.25,0.084852114
mp-756638,0.33,0.1303897
mp-761036,0.34,0.11031054
mp-863654,0.36,0.27460033
mp-865255,0.31,0.2944724
mp-865273,0.42,0.30062354
mp-938,0.19,0.46618098
mp-961671,0.49,-0.027812347
mp-972396,0.32,0.30920917
mp-972752,1.11,0.43718344
mp-975216,0.25,0.3305046
mp-975253,0.35,0.18931715
mp-975990,0.42,0.059721097
mp-979434,0.35,0.45398915
mp-1018684,0.26,0.14556016
mp-10212,0.22,0.27665287
mp-10417,0.65,0.4939779
mp-1498,0.3,0.35713792
mp-19033,0.11,0.01488477
mp-20483,0.35,0.35390782
mp-20840,0.3,0.17857505
mp-20959,0.26,0.29251814
mp-2119,0.34,0.39354366
mp-23173,0.23,0.056124493
mp-2700,0.2,-1.8781837
mp-27762,0.07,0.16845189
mp-4192,0.2,0.3739323
mp-568014,0.32,0.22512083
mp-571249,0.24,0.22505622
mp-631368,1.07,0.2750222
mp-777463,0.28,0.06789301
mp-8044,0.23,0.124547526
mp-8159,0.35,0.23639677
mp-8187,0.38,0.40310866
mp-8606,0.33,0.36338586
mp-861880,0.37,0.2733512
mp-862655,0.28,0.47825998
mp-862723,0.34,0.25108355
mp-864671,0.22,0.39558822
mp-864794,0.4,0.49778324
mp-864800,0.31,0.6552494
mp-865145,0.39,0.3225739
mp-865585,0.32,0.0044587553
mp-865602,0.23,0.3651325
mp-865921,0.26,0.20826875
mp-866117,0.44,0.56257814
mp-866192,0.16,0.31414384
mp-867149,0.29,0.24728467
mp-867308,0.58,0.44045478
mp-8786,0.29,0.15056036
mp-9173,0.26,0.13335784
mp-971700,0.49,-0.020272821
mp-972970,0.18,0.3730461
mp-973626,0.64,0.560723
mp-977123,0.32,0.15432145
mp-978274,0.33,0.354151
mp-978493,-0.23,0.14615001
mp-978807,0.35,0.30413222
mp-979965,0.34,0.55167955
mp-982981,0.25,0.40218705
mp-998971,0.29,0.23232083
