ID,target
mp-10014,0.06
mp-1008733,0.36
mp-1009787,0.44
mp-1014111,0.25
mp-1018647,0.25
mp-1025241,0.22
mp-1029267,0.2
mp-10366,0.29
mp-10601,0.18
mp-1068,0.31
mp-10784,0.23
mp-12120,0.25
mp-20536,0.26
mp-2537,1.91
mp-2540,0.29
mp-31119,0.29
mp-4595,0.42
mp-4697,0.3
mp-542488,0.24
mp-567279,0.27
mp-6174,0.32
mp-700,0.22
mp-739,0.23
mp-753257,0.23
mp-775001,-0.06
mp-7899,0.31
mp-81,0.45
mp-8291,0.31
mp-8414,0.33
mp-862289,0.38
mp-866163,0.35
mp-867346,0.38
mp-962064,0.39
mp-973229,0.35
mp-973614,0.44
mp-980945,0.47
mp-1008785,0.23
mp-1018674,0.19
mp-1025385,0.36
mp-1029655,0.27
mp-1029932,0.26
mp-13660,0.19
mp-137,0.18
mp-14827,0.19
mp-15783,0.24
mp-1786,0.28
mp-19824,0.21
mp-2085,0.42
mp-20956,0.27
mp-29241,0.2
mp-30040,0.22
mp-30177,0.23
mp-31081,0.2
mp-3532,0.34
mp-36052,0.32
mp-4117,0.24
mp-568006,0.2
mp-568319,0.34
mp-568466,0.14
mp-568587,0.32
mp-580357,0.36
mp-5920,0.17
mp-608366,0.27
mp-755450,0.3
mp-7598,0.21
mp-7906,0.26
mp-861932,0.43
mp-861943,0.36
mp-861991,0.33
mp-862,0.24
mp-863679,0.31
mp-865653,0.3
mp-865857,0.33
mp-866064,0.24
mp-867253,0.34
mp-9350,0.31
mp-972119,-0.05
mp-972874,0.45
mp-974949,0.35
mp-976943,0.35
mp-983607,0.39
mp-996979,0.32
mp-999558,0.31
mp-1014231,0.27
mp-1017507,0.41
mp-1018136,0.3
mp-1018165,0.44
mp-1018949,0.25
mp-1029656,0.22
mp-10748,0.24
mp-1125,0.17
mp-12781,0.25
mp-15985,0.27
mp-1678,0.38
mp-1797,0.37
mp-19311,0.44
mp-19443,0.28
mp-2068,0.24
mp-22204,0.35
mp-2489,0.41
mp-28150,0.33
mp-30028,0.26
mp-31160,0.19
mp-31502,0.33
mp-3938,0.22
mp-4875,0.3
mp-555293,0.27
mp-567597,0.36
mp-568402,0.3
mp-569886,0.3
mp-571520,0.19
mp-625054,0.21
mp-6939,0.31
mp-7070,0.31
mp-752398,0.27
mp-7752,0.18
mp-8277,0.24
mp-862730,0.31
mp-862734,0.34
mp-862994,0.36
mp-864608,0.37
mp-864920,0.37
mp-864966,0.29
mp-865888,0.27
mp-866154,0.28
mp-867350,0.25
mp-972275,0.29
mp-975880,0.25
mp-977997,0.38
mp-1002222,0.26
mp-10187,0.44
mp-1021672,0.37
mp-1024991,0.36
mp-1025185,0.19
mp-1025338,0.33
mp-11918,0.26
mp-13682,0.2
mp-14039,0.35
mp-1495,0.3
mp-15178,0.25
mp-16528,0.24
mp-19149,0.22
mp-19281,0.28
mp-19306,0.34
mp-20469,0.25
mp-20541,0.29
mp-23247,0.2
mp-23711,0.22
mp-23804,0.19
mp-2499,0.25
mp-2652,0.31
mp-2666,0.33
mp-29633,0.4
mp-29751,0.38
mp-29803,0.24
mp-30483,0.32
mp-30822,0.45
mp-4519,0.25
mp-567456,0.17
mp-570578,0.23
mp-6988,0.39
mp-7421,0.21
mp-744,0.22
mp-753669,0.24
mp-862601,0.31
mp-863708,0.29
mp-865,0.26
mp-865441,0.41
mp-865999,0.43
mp-866174,0.42
mp-867794,0.35
mp-961700,0.78
mp-978498,0.22
mp-999455,0.23
mvc-11152,0.39
mp-1017985,0.36
mp-12070,0.38
mp-13308,0.33
mp-14285,0.2
mp-14476,0.34
mp-1708,0.35
mp-19282,0.32
mp-21313,0.27
mp-21415,0.31
mp-2474,0.31
mp-30175,0.25
mp-30587,0.39
mp-30817,0.3
mp-33104,0.28
mp-3833,0.28
mp-4047,0.57
mp-4384,0.22
mp-542777,0.36
mp-570229,0.31
mp-631515,0.5
mp-675180,0.31
mp-754358,0.28
mp-862842,0.38
mp-864927,0.3
mp-864972,0.32
mp-865459,0.34
mp-866225,0.39
mp-867357,0.28
mp-971712,0.31
mp-974865,0.29
mp-976343,0.35
mp-976425,0.3
mp-982779,0.31
mp-983585,0.5
mp-999469,0.76
mp-1018148,0.32
mp-11705,0.23
mp-12093,0.55
mp-12097,0.24
mp-134,0.37
mp-14208,0.2
mp-14336,0.39
mp-224,0.2
mp-2331,0.2
mp-28797,0.2
mp-30670,0.45
mp-31148,0.21
mp-4429,0.28
mp-5022,0.28
mp-672388,-1.27
mp-675734,0.21
mp-753181,0.3
mp-755920,0.32
mp-863704,0.3
mp-865662,0.35
mp-866069,0.3
mp-9400,0.27
mp-977369,0.33
mp-981530,0.36
mp-990448,0.19
mp-996971,0.42
mp-1001113,0.69
mp-1018070,0.48
mp-1024990,0.28
mp-1025183,0.19
mp-10266,0.29
mp-1029834,0.29
mp-10712,0.32
mp-12075,0.25
mp-13090,0.2
mp-13117,0.44
mp-1439,0.32
mp-1738,0.23
mp-18918,0.33
mp-18919,0.39
mp-1941,0.37
mp-2093,0.33
mp-2123,0.34
mp-21381,0.37
mp-22598,0.32
mp-2740,0.38
mp-29496,0.1
mp-31055,0.19
mp-31205,0.34
mp-31756,0.25
mp-3405,0.31
mp-35717,0.23
mp-487,0.18
mp-530274,0.23
mp-548,0.37
mp-569848,0.35
mp-570113,0.4
mp-571211,0.77
mp-571506,0.21
mp-7038,0.26
mp-754326,0.3
mp-862297,0.31
mp-867211,0.47
mp-867834,0.44
mp-9371,0.25
mp-961664,0.39
mp-975646,0.35
mp-978287,0.17
mp-989613,0.31
mvc-4299,0.34
mp-10142,0.22
mp-1025331,0.3
mp-10598,0.31
mp-11266,0.35
mp-11299,0.34
mp-15651,0.31
mp-19773,0.22
mp-21022,0.19
mp-22779,0.31
mp-22964,0.2
mp-2399,0.32
mp-2418,0.24
mp-2426,0.39
mp-2582,0.19
mp-29088,0.25
mp-29364,0.23
mp-29520,0.25
mp-30340,0.39
mp-30349,0.36
mp-30500,0.39
mp-3055,0.32
mp-30768,0.2
mp-30885,0.25
mp-3299,0.24
mp-349,0.18
mp-3740,0.38
mp-4611,0.34
mp-4651,0.25
mp-5072,0.29
mp-541989,0.31
mp-542791,0.29
mp-558149,0.34
mp-559998,0.24
mp-569857,0.27
mp-570673,0.29
mp-581733,0.32
mp-631302,-0.0
mp-631576,0.39
mp-637576,0.66
mp-6686,0.46
mp-754631,5.61
mp-758052,0.41
mp-7914,0.22
mp-8022,1.39
mp-8432,0.22
mp-865284,0.36
mp-867287,0.28
mp-867877,0.53
mp-975896,0.35
mp-976106,0.26
mp-977363,0.26
mp-977542,0.34
mp-1008798,0.33
mp-1013713,0.29
mp-10600,0.27
mp-11270,0.13
mp-12696,0.37
mp-13903,0.13
mp-20384,0.28
mp-23267,0.28
mp-2547,0.37
mp-2553,0.18
mp-2739,-0.54
mp-27638,0.3
mp-27835,0.38
mp-29556,0.36
mp-29900,0.32
mp-30656,0.3
mp-30846,0.36
mp-3211,0.28
mp-3677,0.25
mp-4227,0.43
mp-504594,0.36
mp-558059,0.28
mp-567431,0.32
mp-568792,0.29
mp-570686,0.34
mp-571247,0.21
mp-643257,0.27
mp-644264,0.21
mp-762271,0.54
mp-810,0.31
mp-862892,0.35
mp-862918,0.28
mp-862989,0.38
mp-864607,0.39
mp-864892,0.45
mp-865050,0.3
mp-866141,0.24
mp-867128,0.37
mp-8994,0.3
mp-961688,0.44
mp-971763,0.94
mp-976291,0.23
mp-983604,0.36
mp-989562,0.16
mp-996961,0.29
mp-1001914,0.33
mp-1025105,0.24
mp-1029349,0.27
mp-10636,0.18
mp-1076,0.19
mp-1094490,0.39
mp-11436,0.26
mp-13031,0.34
mp-15605,0.28
mp-1877,0.19
mp-19276,0.32
mp-19299,0.25
mp-1969,0.21
mp-20083,0.27
mp-21440,0.29
mp-2201,0.26
mp-2250,0.31
mp-22877,0.23
mp-27546,0.3
mp-29736,0.22
mp-30865,0.33
mp-4174,0.2
mp-4229,0.25
mp-4433,0.24
mp-495,0.28
mp-505244,0.29
mp-568711,0.3
mp-569807,0.32
mp-571461,0.26
mp-571500,0.19
mp-605860,0.33
mp-6394,0.26
mp-6459,0.29
mp-669,0.23
mp-672294,0.17
mp-680671,0.28
mp-861610,0.26
mp-862896,0.34
mp-865171,0.33
mp-865184,-1.52
mp-865656,0.29
mp-867507,0.27
mp-867807,0.21
mp-867881,0.31
mp-9,0.26
mp-9010,0.32
mp-915,0.31
mp-9208,0.17
mp-9262,0.32
mp-972626,0.57
mp-972845,0.28
mp-975814,1.18
mp-977113,0.52
mp-978290,0.35
mp-978808,0.26
mp-981234,0.62
mp-999133,0.34
mvc-14941,0.21
mvc-5816,0.27
mp-1013546,0.23
mp-1018745,0.31
mp-1022723,0.32
mp-1023329,0.29
mp-1025358,0.23
mp-10632,0.26
mp-10667,0.24
mp-13119,0.4
mp-1383,0.33
mp-1526,0.3
mp-16053,0.19
mp-1730,0.25
mp-1866,0.32
mp-20340,0.25
mp-23499,0.28
mp-2757,0.43
mp-27579,0.28
mp-28549,0.21
mp-32539,0.35
mp-335,0.19
mp-345,0.3
mp-504711,0.44
mp-5122,0.27
mp-555599,0.36
mp-560023,0.16
mp-568544,0.31
mp-631427,0.96
mp-631557,-2.32
mp-6754,0.33
mp-715923,0.28
mp-754223,0.25
mp-755689,0.27
mp-764163,0.27
mp-865866,0.44
mp-866314,0.25
mp-8666,0.33
mp-972541,0.35
mp-977374,0.45
mp-978088,0.25
mp-9919,0.26
mp-1001833,0.31
mp-1008753,0.54
mp-1018743,0.34
mp-1025182,0.24
mp-1025315,0.29
mp-11023,0.36
mp-11819,0.21
mp-12599,0.35
mp-1331,0.26
mp-13313,0.25
mp-20935,0.32
mp-21124,0.29
mp-23177,0.3
mp-2647,0.36
mp-28692,0.11
mp-4763,0.24
mp-49,0.23
mp-568398,0.3
mp-568725,0.23
mp-6074,-0.11
mp-644389,0.22
mp-754455,0.26
mp-7557,0.28
mp-760417,0.15
mp-7753,0.38
mp-776404,0.3
mp-8307,0.3
mp-8577,0.17
mp-862732,0.41
mp-862891,-1.44
mp-865119,0.35
mp-865152,0.37
mp-865582,0.38
mp-865678,0.31
mp-866166,0.33
mp-867278,0.34
mp-962078,0.31
mp-973250,0.36
mp-976863,0.26
mp-982975,0.48
mp-983497,0.36
mp-9999,0.25
mp-1001843,-1.57
mp-1008561,0.22
mp-1009823,0.35
mp-1017533,0.25
mp-1018153,0.48
mp-1023319,0.24
mp-1025318,0.34
mp-1025453,0.35
mp-10738,0.32
mp-11413,0.22
mp-147,0.4
mp-15895,0.3
mp-16293,0.23
mp-1793,0.33
mp-20492,0.29
mp-20949,0.28
mp-23004,0.33
mp-2302,0.36
mp-25053,0.32
mp-2512,0.37
mp-2783,0.28
mp-2964,0.25
mp-429,0.31
mp-510657,0.47
mp-551900,0.29
mp-560671,0.31
mp-568411,0.37
mp-569974,0.24
mp-616458,0.34
mp-754,0.29
mp-755066,0.3
mp-756214,0.27
mp-760403,0.34
mp-760414,0.38
mp-861629,0.36
mp-863651,0.28
mp-864630,0.27
mp-864743,0.32
mp-864755,0.55
mp-865003,0.28
mp-865468,0.38
mp-865533,0.3
mp-865652,0.28
mp-865728,0.32
mp-9025,0.3
mp-9664,0.32
mp-972981,0.33
mp-973004,0.39
mp-973374,0.3
mp-975333,0.42
mp-976,0.23
mp-976111,0.5
mp-976426,0.1
mp-978542,0.33
mp-982015,0.27
mp-982388,0.28
mp-983428,0.33
mp-989608,0.32
mp-9950,0.23
mvc-2949,0.28
mp-1008835,0.27
mp-1009829,0.35
mp-1018639,0.29
mp-1021305,0.21
mp-1025123,0.31
mp-1029776,0.3
mp-1033,0.56
mp-1039124,0.26
mp-1039154,0.5
mp-10564,0.25
mp-1086,0.23
mp-1391,0.36
mp-18759,0.33
mp-18878,0.29
mp-19729,0.28
mp-226,0.15
mp-22673,0.36
mp-2459,0.31
mp-27606,0.24
mp-27682,0.29
mp-30443,0.19
mp-30739,0.34
mp-30788,0.3
mp-38103,0.15
mp-39105,0.21
mp-4124,0.35
mp-4419,0.2
mp-5518,0.34
mp-567695,0.38
mp-569752,0.4
mp-570466,0.26
mp-570722,0.24
mp-631333,0.61
mp-631541,0.55
mp-685022,0.28
mp-7364,0.33
mp-776250,0.31
mp-8566,0.36
mp-862586,0.26
mp-862750,0.3
mp-866522,0.29
mp-867260,0.42
mp-867867,-0.79
mp-893,0.23
mp-8936,-0.06
mp-9244,0.16
mp-9264,0.42
mp-9382,0.21
mp-977352,0.32
mp-1017550,0.49
mp-1019359,0.3
mp-1025232,0.23
mp-1029550,0.35
mp-1104,0.25
mp-11971,0.32
mp-13829,0.35
mp-16266,0.19
mp-1635,0.27
mp-1652,0.33
mp-19118,0.3
mp-20269,0.45
mp-20632,0.18
mp-22541,0.47
mp-23280,0.28
mp-27175,0.29
mp-27296,0.36
mp-29196,0.29
mp-2979,0.26
mp-29896,0.31
mp-30004,0.31
mp-30497,0.26
mp-31182,0.25
mp-313,0.34
mp-3813,0.28
mp-46,0.32
mp-505297,0.33
mp-5186,0.33
mp-5400,0.38
mp-567948,0.02
mp-753176,0.35
mp-754434,0.36
mp-7889,0.33
mp-800,0.14
mp-8098,0.31
mp-862556,0.45
mp-867107,0.29
mp-8927,0.36
mp-9487,0.33
mp-961648,0.76
mp-971757,0.49
mp-974625,0.27
mp-977537,0.33
mp-978272,0.29
mp-979009,0.32
mp-984721,0.29
mp-1025311,0.37
mp-12752,0.21
mp-15704,0.2
mp-19962,0.38
mp-20463,0.37
mp-20793,0.25
mp-21271,0.29
mp-22848,0.25
mp-23021,0.29
mp-24237,0.23
mp-2715,0.22
mp-28593,0.12
mp-30019,0.27
mp-30839,0.39
mp-3970,0.32
mp-4865,0.28
mp-5025,0.22
mp-5515,0.17
mp-570506,0.17
mp-570557,0.31
mp-631505,0.41
mp-634,0.14
mp-762506,0.29
mp-7882,0.38
mp-803,0.2
mp-8308,0.28
mp-862862,0.3
mp-864614,0.31
mp-865497,0.29
mp-866228,0.29
mp-871,0.23
mp-929,0.3
mp-974883,0.32
mp-980941,0.27
mp-989568,0.42
mp-1008634,0.42
mp-1009077,0.28
mp-1025116,0.38
mp-1029784,0.33
mp-10421,0.24
mp-10753,2.25
mp-10909,0.27
mp-11752,0.27
mp-1179,0.29
mp-12764,0.34
mp-1502,0.36
mp-16263,0.19
mp-1699,0.27
mp-18971,0.34
mp-20284,0.68
mp-22660,0.37
mp-24658,0.24
mp-2611,0.24
mp-2807,0.24
mp-2815,0.22
mp-4,0.37
mp-540572,0.36
mp-5590,0.18
mp-567982,0.29
mp-568516,0.24
mp-633538,0.25
mp-634659,0.59
mp-6916,0.21
mp-768870,0.25
mp-8013,0.38
mp-8090,0.25
mp-867227,0.41
mp-961709,0.44
mp-975651,0.25
mp-976264,0.59
mp-976281,0.25
mp-982665,0.66
mp-983388,0.32
mp-9983,0.27
mp-999503,0.4
mp-1007975,0.66
mp-1017556,0.35
mp-1025053,0.39
mp-10423,0.3
mp-1101,0.22
mp-11021,0.32
mp-11250,0.33
mp-11252,0.39
mp-12382,0.27
mp-12675,0.37
mp-19817,0.18
mp-19990,0.44
mp-20064,0.19
mp-20978,0.37
mp-22996,0.38
mp-23189,0.33
mp-23231,0.39
mp-30877,0.32
mp-31277,0.29
mp-3208,0.2
mp-36111,0.19
mp-36480,0.31
mp-3689,0.31
mp-500,0.25
mp-510219,0.28
mp-53,1.67
mp-5757,0.27
mp-638,0.26
mp-675009,0.29
mp-7041,0.4
mp-770771,0.26
mp-864674,0.26
mp-865254,0.3
mp-865742,0.44
mp-866079,0.41
mp-891,0.33
mp-9321,0.28
mp-976423,0.49
mp-982666,0.3
mp-1007761,0.27
mp-1009792,0.39
mp-1017516,0.58
mp-1019054,0.26
mp-1025213,0.38
mp-1025312,0.37
mp-1029799,0.3
mp-11576,0.25
mp-11771,0.33
mp-12862,0.3
mp-1696,0.33
mp-1851,0.42
mp-203,0.35
mp-20768,0.84
mp-20860,0.27
mp-2183,0.38
mp-2284,0.34
mp-23164,-0.02
mp-24420,-11.06
mp-27367,0.24
mp-28395,0.14
mp-28954,0.39
mp-29809,0.22
mp-30371,0.37
mp-375,0.32
mp-3795,0.33
mp-493,0.31
mp-542812,0.22
mp-568914,0.35
mp-569028,-0.76
mp-569304,0.19
mp-571143,0.28
mp-580236,0.21
mp-6098,0.3
mp-631371,0.31
mp-675626,0.34
mp-6986,0.23
mp-753156,0.3
mp-777047,0.32
mp-788,0.3
mp-8537,0.24
mp-862759,0.24
mp-864962,0.27
mp-865808,0.34
mp-865964,0.07
mp-8789,0.2
mp-8882,0.23
mp-962061,0.04
mp-974789,-0.62
mp-982261,0.12
mp-996964,0.38
mp-9988,0.28
mp-999473,0.35
mp-10038,0.31
mp-1008786,0.25
mp-10118,0.21
mp-1013549,0.21
mp-1021516,-0.21
mp-1259,0.15
mp-12595,0.28
mp-13277,0.2
mp-13453,0.39
mp-1385,0.29
mp-13914,0.24
mp-1542,0.15
mp-16366,0.46
mp-19968,0.24
mp-20255,0.28
mp-20987,0.23
mp-21109,0.32
mp-21854,0.39
mp-22682,0.36
mp-2285,0.32
mp-23068,0.18
mp-23956,0.2
mp-27393,0.23
mp-29502,0.2
mp-30717,0.54
mp-3390,0.24
mp-3808,0.29
mp-5109,0.29
mp-567313,0.22
mp-569270,0.17
mp-5976,0.23
mp-604321,0.34
mp-669382,0.51
mp-685935,-0.15
mp-704645,0.42
mp-755252,0.37
mp-862697,0.21
mp-862779,0.27
mp-864965,-2.92
mp-866170,0.87
mp-8689,0.23
mp-973269,0.44
mp-978546,0.25
mp-999069,0.37
mp-999295,0.34
mp-10044,0.13
mp-1017509,0.24
mp-1019272,0.26
mp-1024957,0.27
mp-1027890,0.22
mp-1029506,0.31
mp-12055,0.28
mp-12779,0.33
mp-13444,0.3
mp-15556,0.17
mp-16529,0.28
mp-16645,0.37
mp-1883,0.22
mp-18924,0.28
mp-19009,0.35
mp-19331,0.28
mp-19413,0.26
mp-1959,0.32
mp-19774,0.29
mp-20001,0.32
mp-2059,0.27
mp-20697,0.32
mp-21471,0.25
mp-2168,0.28
mp-22546,0.35
mp-2361,0.31
mp-24286,0.4
mp-27255,0.21
mp-2853,0.23
mp-28793,0.28
mp-29138,-0.05
mp-30405,0.32
mp-31185,0.24
mp-31209,0.17
mp-3698,0.2
mp-4037,0.24
mp-5479,0.28
mp-557533,0.42
mp-567590,0.37
mp-568390,-4.13
mp-571352,0.37
mp-593,0.27
mp-622570,0.31
mp-631575,0.52
mp-631633,0.28
mp-7275,0.23
mp-861994,0.32
mp-862367,0.3
mp-863709,0.24
mp-865759,0.36
mp-865842,0.28
mp-971928,0.47
mp-972680,0.26
mp-974708,0.35
mp-981214,0.35
mp-989544,0.53
mp-989580,-0.14
mp-1001786,0.17
mp-1009221,0.17
mp-10172,0.32
mp-1017446,0.29
mp-1025278,0.26
mp-1025325,0.19
mp-1039508,0.48
mp-10876,0.21
mp-12771,-2.79
mp-16115,0.32
mp-1697,0.3
mp-20296,0.36
mp-21065,0.15
mp-22302,0.25
mp-22313,0.33
mp-2275,0.24
mp-23313,0.29
mp-27897,0.31
mp-36209,0.31
mp-36779,0.11
mp-504886,0.32
mp-542854,0.23
mp-543024,0.31
mp-571059,0.35
mp-612740,0.25
mp-697044,0.3
mp-753298,0.22
mp-754154,0.29
mp-862629,0.24
mp-862815,0.46
mp-864938,0.34
mp-865015,0.44
mp-865172,0.33
mp-865470,0.37
mp-865994,0.33
mp-867259,0.35
mp-975997,0.48
mp-1008225,-2.56
mp-1008498,1.2
mp-1018023,0.37
mp-1024999,0.22
mp-10274,0.32
mp-1029378,0.28
mp-10718,0.38
mp-11400,0.33
mp-13572,0.32
mp-1476,0.28
mp-19391,0.31
mp-19438,0.26
mp-19713,0.24
mp-19799,0.32
mp-20268,0.3
mp-20557,0.27
mp-2187,0.28
mp-22087,0.29
mp-24416,0.67
mp-2612,0.14
mp-2675,0.29
mp-28174,0.22
mp-28978,0.32
mp-30057,0.36
mp-4471,0.26
mp-510076,0.33
mp-552588,0.24
mp-569581,0.37
mp-569671,0.26
mp-570256,0.32
mp-570899,0.29
mp-573697,0.28
mp-680932,0.3
mp-690785,0.23
mp-7589,0.22
mp-762225,0.32
mp-7790,0.26
mp-8059,0.06
mp-862733,0.31
mp-9761,0.26
mp-977062,0.3
mp-980665,0.7
mp-997041,0.31
mp-998903,0.37
mp-999059,0.55
mp-999389,0.34
mp-1008876,0.44
mp-1016842,0.41
mp-1018054,0.29
mp-1018672,0.25
mp-10198,0.3
mp-1022116,0.31
mp-1025168,0.43
mp-11191,0.17
mp-13496,0.49
mp-1834,0.39
mp-19761,0.36
mp-20122,0.16
mp-20304,0.27
mp-21449,0.29
mp-22095,0.41
mp-22510,0.27
mp-2746,0.31
mp-27954,0.29
mp-30867,0.34
mp-379,0.51
mp-4158,0.31
mp-505569,0.29
mp-542909,0.36
mp-567406,0.28
mp-581754,0.28
mp-639789,0.32
mp-745,0.56
mp-8137,0.32
mp-864735,0.3
mp-865044,0.3
mp-866033,0.29
mp-866820,-6.28
mp-9636,0.34
mp-971744,0.35
mp-971933,0.24
mp-971958,0.35
mp-974866,0.41
mp-975322,0.46
mp-975578,0.42
mp-978853,0.25
mp-982511,0.28
mp-983427,0.43
mp-984049,0.16
mp-996,0.34
mp-1001824,-102.89
mp-1008525,0.25
mp-1008873,0.33
mp-1009848,0.41
mp-1018814,0.32
mp-1025236,0.25
mp-10470,0.28
mp-10810,0.14
mp-1100,0.44
mp-11533,0.31
mp-13007,0.21
mp-13811,0.28
mp-19210,0.35
mp-22216,0.33
mp-23295,0.28
mp-30494,0.31
mp-3050,0.25
mp-35591,0.22
mp-3718,0.33
mp-38970,0.22
mp-3917,0.35
mp-5549,0.34
mp-558694,0.2
mp-558781,0.32
mp-566278,0.32
mp-567366,0.65
mp-569196,0.33
mp-582360,0.33
mp-5881,0.22
mp-631518,0.53
mp-725,0.32
mp-753722,0.32
mp-755342,0.29
mp-8279,0.24
mp-8547,0.26
mp-862335,0.31
mp-862690,0.25
mp-8633,0.69
mp-863705,0.29
mp-8676,0.33
mp-867795,0.34
mp-8682,0.23
mp-9385,0.12
mp-95,0.27
mp-975382,0.84
mp-976133,0.04
mp-977385,0.55
mp-985584,0.39
mp-998344,0.32
mp-1001913,0.81
mp-1004526,0.31
mp-1019262,0.33
mp-1019361,0.3
mp-1025077,0.32
mp-1029457,0.35
mp-11283,0.16
mp-15236,0.25
mp-16421,0.29
mp-1840,0.32
mp-1968,0.35
mp-19835,0.25
mp-23279,0.46
mp-23736,0.18
mp-30339,0.33
mp-30449,0.31
mp-3340,0.29
mp-542757,0.31
mp-5589,0.25
mp-610,0.16
mp-615314,0.28
mp-6628,0.31
mp-753712,0.26
mp-7623,0.26
mp-769218,0.24
mp-8481,0.15
mp-863736,0.33
mp-865507,0.3
mp-865519,0.34
mp-865603,0.33
mp-867109,0.31
mp-867123,0.33
mp-867160,0.41
mp-867801,0.62
mp-9306,0.27
mp-9567,0.23
mp-971857,0.59
mp-972048,0.21
mp-972071,0.4
mp-972420,0.31
mp-972529,2.6
mp-975272,0.3
mp-977362,0.32
mp-978100,0.37
mp-978911,0.33
mp-9808,0.3
mp-984785,0.25
mp-997009,0.34
mp-999508,0.44
mp-10010,0.27
mp-1009488,0.36
mp-1009820,0.22
mp-1017554,0.33
mp-1018694,0.22
mp-1023366,0.2
mp-1025067,0.24
mp-1025379,0.2
mp-1025415,0.35
mp-1039293,-0.33
mp-10965,0.28
mp-12725,0.32
mp-13475,0.27
mp-13590,0.39
mp-153,0.29
mp-16043,0.36
mp-1655,0.42
mp-1823,0.27
mp-18779,0.29
mp-1898,0.28
mp-1975,0.2
mp-20711,0.38
mp-20800,0.27
mp-22396,0.28
mp-22864,0.37
mp-2297,0.34
mp-23353,0.24
mp-24155,0.7
mp-27321,0.3
mp-2816,0.33
mp-28567,0.33
mp-31018,0.25
mp-31086,0.27
mp-3486,0.35
mp-36,0.32
mp-4073,0.32
mp-505216,0.29
mp-562102,0.29
mp-568495,0.34
mp-568671,0.24
mp-5692,0.34
mp-570771,0.18
mp-603640,0.3
mp-6931,0.23
mp-862667,0.26
mp-862703,0.37
mp-862843,0.41
mp-865020,0.27
mp-865325,0.3
mp-961683,0.56
mp-975443,0.36
mp-9907,0.23
mp-9961,0.29
mp-999498,0.16
mp-10134,0.47
mp-1014303,0.25
mp-1025497,0.19
mp-1039208,0.35
mp-1039385,0.38
mp-1085,0.5
mp-10967,0.32
mp-11580,0.25
mp-14006,0.31
mp-16364,0.46
mp-16719,0.19
mp-16734,0.31
mp-171,0.3
mp-1848,0.24
mp-18803,0.27
mp-1977,0.41
mp-20229,0.37
mp-21005,0.46
mp-30206,0.34
mp-30778,0.3
mp-477,0.19
mp-5364,0.32
mp-563,0.29
mp-568139,0.41
mp-690536,0.26
mp-753059,0.19
mp-861639,0.35
mp-862374,0.4
mp-864733,0.25
mp-865090,0.34
mp-865376,0.3
mp-865472,0.32
mp-865939,0.2
mp-9564,0.21
mp-977376,0.39
mp-977399,0.31
mp-978557,0.39
mp-989635,0.31
mp-9929,0.26
mp-998968,0.39
mp-1006146,0.23
mp-1008226,0.47
mp-1009213,0.48
mp-1018089,0.33
mp-1018644,0.56
mp-1025301,0.31
mp-1029474,0.22
mp-11300,0.33
mp-11375,0.27
mp-11547,0.34
mp-11577,0.37
mp-11788,0.36
mp-12444,0.28
mp-1539,0.25
mp-1556,0.33
mp-159,0.26
mp-1590,0.09
mp-19257,0.25
mp-1932,0.32
mp-20714,0.22
mp-21508,0.34
mp-22795,0.4
mp-22916,0.31
mp-2313,0.33
mp-28266,0.27
mp-2831,0.3
mp-28391,0.49
mp-31219,0.3
mp-31220,0.24
mp-4876,0.31
mp-5221,0.28
mp-555359,0.3
mp-555718,0.34
mp-568106,0.32
mp-605034,0.24
mp-631532,0.8
mp-631570,-0.05
mp-6504,0.31
mp-672299,0.32
mp-753581,0.42
mp-755759,0.33
mp-7581,0.21
mp-759897,0.43
mp-7964,0.34
mp-862849,0.39
mp-865066,0.17
mp-865467,0.39
mp-865563,0.45
mp-865611,0.3
mp-865780,0.29
mp-866108,0.53
mp-866150,0.32
mp-925,0.28
mp-961676,0.65
mp-981391,0.41
mp-985592,0.72
mp-993,0.77
mp-1008926,0.44
mp-1022207,0.28
mp-1025223,0.22
mp-1025365,0.23
mp-11260,0.44
mp-11486,0.22
mp-13967,0.27
mp-14116,0.38
mp-16349,0.37
mp-18972,0.27
mp-1979,0.33
mp-21377,0.24
mp-22736,0.32
mp-23067,0.26
mp-23959,0.24
mp-2449,0.25
mp-28460,0.27
mp-29674,0.31
mp-30043,0.28
mp-30953,0.24
mp-3635,0.29
mp-4691,0.36
mp-559044,0.34
mp-568974,0.31
mp-569406,0.25
mp-603694,0.25
mp-632808,0.33
mp-645159,0.31
mp-753802,0.34
mp-8282,0.26
mp-865990,0.21
mp-867319,0.29
mp-867353,0.4
mp-867927,0.29
mp-917,0.35
mp-9251,0.23
mp-961703,0.7
mp-972530,0.37
mp-972898,0.28
mp-975044,0.31
mp-975834,0.27
mp-977383,0.51
mp-977390,0.36
mp-982773,-0.4
mp-9948,0.25
mp-1001837,0.64
mp-10049,0.32
mp-1009537,0.42
mp-1019541,0.23
mp-1028698,0.21
mp-1029442,0.31
mp-10521,0.29
mp-11288,0.33
mp-12875,0.32
mp-1474,0.21
mp-1546,0.19
mp-15777,0.23
mp-18198,0.3
mp-19148,0.33
mp-20708,0.3
mp-274,0.26
mp-28895,0.33
mp-30383,0.31
mp-410,0.31
mp-4556,0.3
mp-504731,0.31
mp-555229,0.34
mp-568354,0.27
mp-5938,0.3
mp-717,0.19
mp-7475,0.3
mp-755225,0.22
mp-760396,0.27
mp-8125,0.16
mp-862672,0.3
mp-862788,0.29
mp-865897,0.28
mp-867304,0.29
mp-974782,0.38
mp-974943,0.29
mp-978907,0.42
mp-979923,0.32
mp-979967,0.2
mp-995197,0.29
mp-999496,0.22
mp-1010071,0.29
mp-1029334,0.29
mp-1029739,0.17
mp-1029943,0.23
mp-1095534,0.19
mp-1347,0.27
mp-1405,0.19
mp-15120,0.31
mp-1860,0.25
mp-20796,0.51
mp-20906,0.32
mp-21477,0.08
mp-22191,0.3
mp-2221,0.32
mp-22707,0.25
mp-22792,0.39
mp-22801,0.29
mp-22908,0.14
mp-23268,0.27
mp-27315,0.29
mp-30785,0.26
mp-3515,0.21
mp-4454,0.29
mp-545820,0.24
mp-567197,0.27
mp-567657,0.33
mp-568306,0.35
mp-574599,0.48
mp-7384,0.31
mp-763051,0.23
mp-8436,0.28
mp-861978,0.29
mp-864783,0.24
mp-864980,0.26
mp-865515,0.25
mp-865947,0.3
mp-867214,0.3
mp-8732,0.23
mp-94,0.33
mp-973123,0.42
mp-976150,0.31
mp-976265,0.38
mp-977398,0.44
mp-9844,0.34
mp-997100,0.3
mp-9987,0.24
mp-1009495,0.62
mp-1009838,0.28
mp-1025549,0.37
mp-1077098,0.27
mp-11318,0.34
mp-11621,0.35
mp-12277,0.22
mp-12381,0.34
mp-12766,0.53
mp-13175,0.41
mp-13334,0.31
mp-1483,0.33
mp-1519,0.23
mp-16327,0.29
mp-17875,0.32
mp-21029,0.36
mp-2229,0.33
mp-2233,0.42
mp-22921,0.25
mp-22937,0.25
mp-31452,0.34
mp-3346,0.29
mp-5157,0.19
mp-5318,0.29
mp-545512,0.32
mp-555064,0.28
mp-568598,0.29
mp-569396,0.16
mp-570935,0.34
mp-631552,6.02
mp-688785,0.32
mp-7192,0.27
mp-780880,0.3
mp-7959,0.26
mp-8415,0.3
mp-8543,0.27
mp-862964,0.24
mp-865028,0.29
mp-936,0.3
mp-961668,0.42
mp-971673,0.28
mp-972794,0.42
mp-977218,0.29
mp-984744,0.19
mp-9985,0.25
mp-1002188,0.25
mp-1017552,0.38
mp-10616,0.23
mp-12524,0.51
mp-13649,0.33
mp-156,0.24
mp-15657,0.27
mp-18988,0.22
mp-19886,0.33
mp-21340,0.31
mp-21372,0.27
mp-22151,0.35
mp-2263,0.3
mp-22851,0.41
mp-22905,0.23
mp-252,0.21
mp-28336,0.29
mp-28614,0.39
mp-30844,0.45
mp-31140,1.89
mp-3159,0.26
mp-37657,0.3
mp-3998,0.27
mp-4177,0.27
mp-4514,0.31
mp-545999,0.48
mp-5529,0.32
mp-557057,0.33
mp-567538,0.3
mp-601193,0.53
mp-601257,0.36
mp-754065,0.38
mp-759877,0.37
mp-8578,0.17
mp-861640,0.32
mp-864616,0.25
mp-865342,0.34
mp-866004,0.35
mp-946,0.31
mp-961685,0.23
mp-974415,0.47
mp-976600,0.35
mp-984351,0.42
mp-1018062,0.34
mp-10219,0.33
mp-10708,0.34
mp-1120,0.33
mp-15779,0.26
mp-1623,0.34
mp-19146,0.28
mp-20327,0.22
mp-20826,0.25
mp-22915,-0.65
mp-23230,0.26
mp-23722,0.13
mp-24152,0.29
mp-29207,0.27
mp-30533,0.3
mp-30849,0.35
mp-34289,0.21
mp-408,0.17
mp-42022,0.17
mp-4248,0.26
mp-448,0.41
mp-4626,0.3
mp-4903,0.24
mp-4969,0.28
mp-4972,0.33
mp-541899,0.23
mp-542583,0.22
mp-545598,0.33
mp-552185,0.38
mp-552292,0.27
mp-558636,0.25
mp-558838,0.22
mp-568055,0.21
mp-570017,0.37
mp-571166,0.32
mp-754711,0.27
mp-862321,0.37
mp-862679,0.25
mp-862740,0.32
mp-8642,0.28
mp-865965,0.19
mp-9063,0.28
mp-972828,0.34
mp-974221,0.34
mp-976061,0.04
mp-997590,0.27
mvc-10478,0.31
mp-1009594,0.3
mp-1025257,0.28
mp-1025291,0.24
mp-1029532,0.27
mp-10677,0.3
mp-10732,0.27
mp-11737,0.23
mp-11770,0.33
mp-12759,0.39
mp-13051,0.32
mp-13797,0.17
mp-13916,0.21
mp-1584,0.35
mp-18717,0.4
mp-22255,0.35
mp-27219,0.32
mp-29617,0.41
mp-30686,0.25
mp-3105,0.47
mp-4520,0.27
mp-4636,0.35
mp-554355,0.21
mp-567744,0.3
mp-567818,0.32
mp-569535,0.21
mp-5724,0.07
mp-576,0.21
mp-578606,0.17
mp-581712,0.5
mp-5852,0.25
mp-5986,0.23
mp-632657,0.28
mp-643754,0.36
mp-6498,0.3
mp-66,0.07
mp-685146,0.33
mp-685941,0.3
mp-754883,0.24
mp-7555,0.36
mp-796,0.45
mp-827,0.26
mp-839,0.33
mp-862632,0.22
mp-865308,0.32
mp-865708,0.33
mp-865966,0.28
mp-867241,0.37
mp-867842,0.29
mp-984628,0.34
mp-9888,0.23
mp-10074,0.09
mp-1009695,0.16
mp-10133,0.18
mp-1025187,0.35
mp-11573,0.34
mp-12854,0.3
mp-1429,0.37
mp-16318,0.25
mp-16731,0.13
mp-19079,0.42
mp-22400,0.34
mp-2264,0.23
mp-23244,0.23
mp-2682,0.26
mp-28,0.13
mp-29136,0.31
mp-3660,0.26
mp-3838,0.24
mp-3958,0.29
mp-4259,0.24
mp-4531,0.29
mp-4612,0.31
mp-546500,0.37
mp-5478,0.38
mp-5639,0.23
mp-567337,0.28
mp-567652,0.3
mp-5693,0.25
mp-619032,0.48
mp-6812,0.29
mp-6917,0.25
mp-753693,0.34
mp-754344,0.3
mp-754678,0.27
mp-756132,0.36
mp-758104,0.33
mp-767525,0.18
mp-8276,0.22
mp-8511,0.29
mp-861652,0.24
mp-862781,0.29
mp-865257,0.35
mp-866219,0.27
mp-961682,0.23
mp-961710,0.39
mp-972237,0.54
mp-972408,0.26
mp-983594,0.71
mp-988,0.28
mp-996954,0.45
mp-997004,0.28
mvc-11225,0.37
mp-1008669,0.36
mp-1014252,0.25
mp-1029336,0.38
mp-1039055,0.33
mp-1078,0.26
mp-11374,0.35
mp-12079,0.21
mp-12965,0.29
mp-1326,0.44
mp-1486,0.44
mp-16523,0.36
mp-1761,0.3
mp-22722,0.32
mp-2363,0.35
mp-28945,0.27
mp-29941,0.41
mp-30357,0.3
mp-3887,0.16
mp-416,0.34
mp-423,0.38
mp-4982,0.3
mp-5048,0.3
mp-5268,0.29
mp-541754,0.24
mp-570259,0.26
mp-571440,0.26
mp-6960,0.32
mp-772,0.59
mp-7938,0.25
mp-7939,0.24
mp-8221,0.31
mp-8582,0.27
mp-861479,0.26
mp-862604,0.27
mp-862755,0.33
mp-862790,0.32
mp-862844,0.29
mp-862977,0.39
mp-863743,0.33
mp-864639,0.31
mp-864758,0.39
mp-864761,0.38
mp-866204,0.35
mp-973,0.3
mp-973910,0.37
mp-974474,0.32
mp-975284,0.16
mp-977563,0.34
mp-978952,0.31
mp-999060,0.31
mp-999188,0.44
mp-1001612,0.21
mp-1013529,0.05
mp-1013588,0.41
mp-1016841,0.36
mp-1018725,0.24
mp-1018818,0.29
mp-10194,0.29
mp-1021311,0.24
mp-1039262,0.34
mp-11366,0.34
mp-12723,0.33
mp-1683,0.26
mp-18943,0.35
mp-20791,0.28
mp-21297,0.22
mp-2145,1.04
mp-22033,0.32
mp-22558,0.36
mp-22747,0.26
mp-2663,0.33
mp-28835,0.22
mp-29731,0.29
mp-30433,0.3
mp-30563,0.29
mp-315,0.36
mp-432,0.4
mp-4978,0.2
mp-510198,0.29
mp-510401,0.22
mp-54,0.29
mp-556605,0.29
mp-568560,0.33
mp-569833,0.31
mp-581786,0.34
mp-675880,0.31
mp-7558,0.21
mp-7880,0.21
mp-8033,0.37
mp-861661,0.37
mp-862613,0.25
mp-862956,0.4
mp-865663,0.32
mp-865982,0.39
mp-971733,0.41
mp-977358,0.35
mp-978524,0.51
mp-978529,0.37
mp-980760,0.3
mp-983412,0.72
mvc-11155,0.32
mp-1001784,0.21
mp-1007961,0.21
mp-1009640,0.86
mp-1025267,0.32
mp-1025345,0.19
mp-1029878,0.36
mp-1038915,-1.61
mp-1186,0.21
mp-13480,1.81
mp-1408,0.5
mp-14628,0.39
mp-1509,0.23
mp-1775,0.38
mp-1865,0.34
mp-18775,0.34
mp-19387,0.34
mp-20086,0.2
mp-21328,0.42
mp-21363,0.25
mp-22878,0.38
mp-23918,0.29
mp-29011,0.34
mp-37307,0.28
mp-404,0.29
mp-550566,0.34
mp-561419,0.18
mp-631,0.22
mp-631480,0.68
mp-769673,0.42
mp-861645,0.26
mp-864844,-0.83
mp-865482,0.33
mp-961674,0.47
mp-972337,0.3
mp-974523,0.33
mp-980669,0.28
mp-982370,0.41
mp-989388,0.06
mp-9945,0.27
mp-999054,0.32
mp-999120,0.25
mp-999207,0.22
mp-999549,0.24
mvc-678,0.18
mp-1006112,-0.06
mp-1008806,0.44
mp-1014264,0.55
mp-10155,0.23
mp-1017529,0.27
mp-1025357,0.25
mp-1029294,0.26
mp-1029357,0.29
mp-1029395,0.26
mp-11011,0.25
mp-11293,0.31
mp-12742,0.36
mp-1327,0.24
mp-17524,0.19
mp-20193,0.26
mp-219,0.25
mp-22220,0.29
mp-22566,0.29
mp-2310,0.34
mp-2685,0.36
mp-34023,-0.15
mp-555321,0.3
mp-558078,0.27
mp-570922,0.18
mp-728,0.31
mp-7543,0.48
mp-754417,0.25
mp-755435,0.37
mp-823,0.33
mp-832,0.35
mp-864981,0.36
mp-867870,0.24
mp-9349,0.22
mp-9381,0.28
mp-973434,-0.27
mp-981,0.29
mp-10033,0.24
mp-1003637,0.27
mp-1008555,0.5
mp-1008650,0.21
mp-1013524,0.2
mp-1018071,0.39
mp-10192,0.21
mp-110,0.47
mp-11019,0.33
mp-12104,0.18
mp-12743,0.17
mp-13203,0.23
mp-1336,0.4
mp-1500,0.25
mp-17092,0.29
mp-1926,0.35
mp-2030,0.15
mp-2070,0.25
mp-21376,0.47
mp-2203,0.3
mp-29403,0.13
mp-3006,0.2
mp-37501,0.35
mp-3792,0.25
mp-4343,0.26
mp-4897,0.38
mp-4998,0.34
mp-556464,0.28
mp-5615,0.23
mp-567314,0.37
mp-569458,0.2
mp-581833,0.32
mp-632442,0.24
mp-668,0.19
mp-754588,0.31
mp-7819,0.38
mp-861498,0.35
mp-861975,0.39
mp-864790,0.25
mp-865400,0.39
mp-865493,0.3
mp-866180,0.17
mp-866288,0.37
mp-9223,0.27
mp-972326,0.29
mp-973111,0.54
mp-974395,0.34
mp-975515,0.25
mp-983430,0.43
mp-1025316,0.23
mp-12594,0.34
mp-12678,0.34
mp-14793,0.25
mp-1640,0.29
mp-1709,0.15
mp-20814,0.24
mp-21171,0.32
mp-21290,0.35
mp-22297,0.53
mp-2254,0.28
mp-23183,0.28
mp-2327,0.34
mp-28232,0.31
mp-28591,0.18
mp-2965,0.25
mp-29742,0.26
mp-30139,-0.16
mp-30437,0.33
mp-30805,0.3
mp-30834,0.36
mp-5274,0.32
mp-5504,0.31
mp-556939,0.13
mp-560663,0.24
mp-567551,0.16
mp-568803,0.14
mp-570528,0.47
mp-631308,0.7
mp-632,0.37
mp-696572,0.38
mp-755,0.23
mp-758302,0.39
mp-760483,0.27
mp-863685,0.39
mp-864975,0.48
mp-866080,0.31
mp-867189,0.29
mp-8781,0.26
mp-972222,0.27
mp-972984,0.27
mp-976596,0.28
mp-980940,1.81
mp-981209,0.47
mp-981312,0.3
mp-997034,0.31
mp-999142,0.26
mvc-11012,0.26
mp-1025140,0.21
mp-10284,0.21
mp-10519,0.32
mp-1190,0.3
mp-13033,0.33
mp-13964,0.23
mp-14790,0.23
mp-15885,0.26
mp-1628,0.38
mp-16314,0.29
mp-1849,0.28
mp-1874,1.27
mp-1885,0.28
mp-19420,0.26
mp-19832,0.27
mp-1994,0.13
mp-20495,-1.31
mp-20865,0.23
mp-2134,0.18
mp-21405,0.23
mp-2750,0.24
mp-2776,0.42
mp-30178,0.26
mp-30490,0.28
mp-30555,0.31
mp-30683,0.24
mp-31072,0.5
mp-31459,0.33
mp-33137,0.31
mp-504723,0.27
mp-541449,0.22
mp-636328,0.29
mp-697133,-0.47
mp-7559,0.29
mp-758741,0.29
mp-775910,0.28
mp-7962,0.35
mp-864840,0.34
mp-864953,0.31
mp-865545,0.38
mp-867158,0.32
mp-867275,0.32
mp-867761,0.3
mp-867861,0.27
mp-9029,0.26
mp-972205,0.28
mp-974641,0.46
mp-975043,0.34
mp-975439,0.36
mp-977559,0.17
mp-979057,0.31
mp-980059,0.39
mp-1021499,0.34
mp-1025022,0.35
mp-1039383,0.35
mp-10706,0.25
mp-11113,0.18
mp-13098,0.78
mp-13270,0.36
mp-1558,0.32
mp-16342,0.23
mp-20207,0.37
mp-20805,0.37
mp-20941,0.26
mp-2128,0.32
mp-22889,0.21
mp-23222,0.2
mp-2406,0.33
mp-24151,0.25
mp-24504,0.29
mp-28980,0.27
mp-29596,0.28
mp-30459,0.25
mp-31053,0.26
mp-31339,0.36
mp-3579,0.22
mp-36029,0.33
mp-37614,0.27
mp-559051,0.31
mp-569697,0.25
mp-570334,1.04
mp-571,0.42
mp-571122,0.27
mp-7089,0.24
mp-753721,0.28
mp-754126,0.43
mp-754752,0.35
mp-758006,0.31
mp-761556,0.29
mp-8407,0.19
mp-855,0.13
mp-862666,0.37
mp-862954,0.3
mp-8641,0.7
mp-864933,0.38
mp-865038,0.31
mp-865929,0.36
mp-867187,0.31
mp-867347,0.25
mp-875,0.29
mp-899,-1.55
mp-971706,0.33
mp-972220,0.33
mp-973174,0.35
mp-973966,0.22
mp-974372,-8.24
mp-976424,0.43
mp-997012,0.42
mvc-3769,0.36
mp-10105,0.3
mp-1016903,0.29
mp-1016926,0.39
mp-10463,0.34
mp-10647,0.48
mp-1140,0.38
mp-11882,0.42
mp-11957,0.29
mp-1199,0.34
mp-12628,-0.24
mp-12855,0.28
mp-13141,0.52
mp-1518,0.3
mp-1684,0.42
mp-1903,0.22
mp-21198,0.25
mp-2706,0.17
mp-2756,0.21
mp-31212,0.27
mp-3345,0.3
mp-5431,0.28
mp-545529,0.31
mp-567891,0.36
mp-568333,0.25
mp-568346,0.3
mp-568789,0.24
mp-569298,0.26
mp-570197,0.39
mp-574438,0.48
mp-631529,0.55
mp-647,0.27
mp-7601,0.34
mp-8219,0.3
mp-825,0.34
mp-862663,0.4
mp-862710,0.37
mp-867267,0.32
mp-9563,0.21
mp-973058,0.26
mp-973276,0.36
mp-973756,0.27
mp-973874,0.28
mp-974511,0.46
mp-984358,0.5
mp-984745,0.39
mp-1001011,0.33
mp-10069,0.23
mp-1007,0.25
mp-1008688,-0.66
mp-1009127,0.52
mp-1013584,0.27
mp-1023132,0.26
mp-1025456,0.32
mp-1029791,0.28
mp-11478,0.57
mp-11832,0.33
mp-1214,0.25
mp-1425,0.33
mp-14344,0.2
mp-1492,0.29
mp-1594,0.39
mp-1608,0.43
mp-16522,0.38
mp-19405,0.39
mp-20,0.22
mp-20128,0.23
mp-20353,0.25
mp-21211,0.41
mp-21425,0.3
mp-22300,0.32
mp-22646,0.38
mp-22978,0.28
mp-23197,0.52
mp-23205,0.28
mp-2517,0.25
mp-2619,0.26
mp-2657,0.28
mp-27425,0.27
mp-295,0.21
mp-2961,0.29
mp-31330,0.35
mp-34,0.27
mp-4408,0.27
mp-542172,0.16
mp-559470,0.4
mp-568827,0.1
mp-5967,0.27
mp-616575,0.35
mp-631373,0.61
mp-675460,0.3
mp-753671,0.12
mp-775831,0.2
mp-776456,0.32
mp-861724,0.42
mp-864628,0.4
mp-865224,0.26
mp-865978,0.3
mp-866214,0.24
mp-867145,0.27
mp-867792,0.31
mp-894,0.34
mp-977382,0.34
mp-997006,0.37
mp-1000,0.24
mp-1016827,0.25
mp-1017591,0.26
mp-1018121,0.15
mp-1019105,0.27
mp-1021323,0.19
mp-1029269,0.27
mp-10886,0.31
mp-10887,0.33
mp-1251,0.32
mp-12801,0.4
mp-15795,0.23
mp-16483,0.26
mp-19740,0.35
mp-20059,0.21
mp-20261,0.3
mp-20456,0.32
mp-20725,0.33
mp-20841,0.28
mp-20928,0.23
mp-22120,0.32
mp-22384,0.35
mp-23856,0.25
mp-2417,0.31
mp-27861,0.25
mp-2935,0.17
mp-30209,0.32
mp-30472,0.29
mp-3255,0.3
mp-35143,0.38
mp-3799,0.26
mp-4043,0.22
mp-4152,0.24
mp-4255,0.31
mp-473,0.3
mp-505527,0.23
mp-5259,0.22
mp-546011,0.3
mp-5489,0.31
mp-553991,0.3
mp-557397,-0.03
mp-569,0.38
mp-569558,0.37
mp-569916,0.46
mp-570991,0.2
mp-5869,0.27
mp-632413,0.31
mp-755974,0.34
mp-770118,0.27
mp-7904,0.29
mp-864968,0.38
mp-865077,0.43
mp-865228,0.24
mp-865936,0.32
mp-9198,0.19
mp-972183,0.59
mp-973266,0.26
mp-976968,0.26
mp-981747,0.3
mp-998323,0.33
mp-998896,0.65
mp-10141,0.18
mp-1018098,0.29
mp-1025144,0.26
mp-1025354,0.25
mp-1025375,0.19
mp-10762,0.42
mp-10844,0.32
mp-1152,0.26
mp-11615,0.19
mp-11722,0.4
mp-13868,0.29
mp-1437,0.31
mp-18316,0.32
mp-19726,0.22
mp-19746,0.33
mp-21188,0.41
mp-23221,0.28
mp-2827,0.36
mp-3164,0.34
mp-3472,0.3
mp-4584,0.28
mp-561543,-0.04
mp-567832,0.25
mp-569775,0.24
mp-570001,0.28
mp-631423,0.63
mp-634676,0.28
mp-685194,0.27
mp-7431,0.31
mp-755263,0.25
mp-761872,0.31
mp-8134,0.39
mp-8389,0.3
mp-862260,0.36
mp-864650,0.29
mp-864907,0.37
mp-865872,0.36
mp-867751,0.42
mp-972241,0.32
mp-972522,0.34
mp-973352,-14.91
mp-976838,0.38
mp-999460,0.24
mp-1001602,0.29
mp-1009814,-0.11
mp-10106,0.17
mp-1021313,0.28
mp-1029520,0.33
mp-10684,0.52
mp-12899,0.21
mp-1513,0.29
mp-16337,0.24
mp-168,0.19
mp-17639,0.24
mp-1891,0.42
mp-19963,0.26
mp-22956,0.28
mp-23053,0.28
mp-23712,0.31
mp-2694,0.19
mp-29873,0.34
mp-30080,0.54
mp-30344,0.26
mp-3128,0.29
mp-547622,0.35
mp-556742,0.24
mp-568137,0.29
mp-571053,0.21
mp-631303,0.36
mp-644497,0.28
mp-647924,0.32
mp-685991,0.2
mp-7432,0.28
mp-753708,0.32
mp-754403,0.4
mp-754537,0.29
mp-755287,0.25
mp-862752,0.52
mp-863741,0.38
mp-864657,0.25
mp-864784,0.29
mp-864883,0.39
mp-865193,0.31
mp-8654,0.26
mp-8939,0.23
mp-973325,0.34
mp-989518,0.54
mp-997616,0.36
mp-999539,0.34
mp-1016875,0.95
mp-10228,0.24
mp-10955,0.12
mp-11490,0.28
mp-12750,0.34
mp-1534,0.34
mp-1575,0.37
mp-15901,0.24
mp-15968,0.24
mp-16766,0.37
mp-20400,0.35
mp-21484,0.21
mp-21503,0.2
mp-2173,0.17
mp-22307,0.25
mp-2470,0.33
mp-2672,0.29
mp-27839,0.31
mp-30581,0.3
mp-31405,0.49
mp-4633,0.32
mp-5251,0.29
mp-5304,0.23
mp-554107,0.29
mp-567397,0.29
mp-567842,0.11
mp-5788,0.24
mp-604318,0.33
mp-606949,0.19
mp-631296,-4.24
mp-631507,0.55
mp-643989,0.3
mp-676117,0.21
mp-6938,0.32
mp-7375,0.33
mp-755000,0.36
mp-758604,0.42
mp-7714,0.21
mp-8354,0.4
mp-862860,0.41
mp-862864,0.29
mp-862927,0.4
mp-862990,0.34
mp-865278,0.29
mp-865448,0.32
mp-865524,0.42
mp-865785,0.37
mp-865856,0.33
mp-865909,0.12
mp-867234,0.32
mp-867279,0.51
mp-961653,0.3
mp-971661,0.25
mp-972751,-0.21
mp-973572,0.31
mp-974435,0.27
mp-981547,0.29
mp-981550,0.46
mp-995434,0.32
mp-1013544,0.19
mp-1018786,0.26
mp-1018798,2.24
mp-1025220,0.37
mp-1043,0.43
mp-10645,0.5
mp-1081,0.21
mp-11818,0.21
mp-1415,0.22
mp-1627,0.24
mp-1670,0.31
mp-20097,0.43
mp-22079,0.33
mp-22461,0.29
mp-22639,0.37
mp-2444,0.34
mp-2598,0.26
mp-27164,0.18
mp-28480,0.24
mp-30435,0.36
mp-4475,0.31
mp-5625,0.4
mp-567588,0.36
mp-568077,0.32
mp-568654,0.36
mp-571330,0.25
mp-5784,0.28
mp-6102,0.32
mp-641365,0.33
mp-643264,0.21
mp-754875,0.26
mp-861930,0.47
mp-864923,0.5
mp-865641,0.32
mp-865707,0.33
mp-865877,0.33
mp-865991,0.26
mp-873,0.31
mp-8891,0.29
mp-8963,0.23
mp-962077,0.55
mp-972066,0.29
mp-973056,0.67
mp-974565,0.38
mp-976008,0.27
mp-977059,0.36
mp-977444,0.92
mp-978282,0.34
mp-978824,0.37
mp-980663,0.27
mp-981934,0.46
mp-983565,0.24
mp-985440,0.34
mp-10063,0.29
mp-1009731,0.33
mp-1009831,0.26
mp-1016886,1.06
mp-1018085,0.33
mp-1019087,0.37
mp-1025304,0.24
mp-10343,0.28
mp-10615,0.23
mp-10666,0.27
mp-13010,0.24
mp-1522,0.17
mp-16735,0.33
mp-1914,0.2
mp-22460,0.43
mp-22947,0.3
mp-23302,0.4
mp-23471,0.39
mp-246,0.31
mp-2646,0.32
mp-30871,0.43
mp-504741,0.29
mp-551918,0.27
mp-5915,0.35
mp-603,0.23
mp-631345,0.67
mp-631382,1.17
mp-631395,0.59
mp-7088,0.27
mp-7276,0.3
mp-7643,0.24
mp-775909,0.3
mp-861624,0.42
mp-863735,0.99
mp-865899,0.36
mp-8700,0.31
mp-961708,0.47
mp-962072,0.43
mp-9731,0.24
mp-973977,0.35
mp-975521,0.61
mp-978563,0.32
mp-985805,0.36
mp-1018087,0.37
mp-1018128,0.3
mp-1023924,0.24
mp-1025102,0.29
mp-1025282,0.24
mp-1025874,0.23
mp-12118,0.43
mp-1438,0.26
mp-14791,0.2
mp-179,0.43
mp-18850,0.29
mp-19762,0.45
mp-19816,0.31
mp-20227,0.22
mp-20338,0.25
mp-2235,0.34
mp-22609,0.24
mp-2493,0.28
mp-2534,0.23
mp-3679,0.27
mp-505782,0.3
mp-541289,0.3
mp-567749,0.28
mp-7877,0.22
mp-814,0.34
mp-863702,0.29
mp-864675,0.31
mp-864745,0.32
mp-866152,0.28
mp-9304,0.31
mp-961726,0.56
mp-978280,0.3
mp-9916,0.26
mp-996988,0.44
mp-999337,0.21
mp-10020,0.29
mp-1007660,0.29
mp-1007823,0.17
mp-1008872,0.19
mp-1009220,0.32
mp-1009493,0.47
mp-1019089,0.25
mp-10885,0.4
mp-11327,0.29
mp-11826,0.31
mp-12100,0.26
mp-16032,0.29
mp-16745,0.3
mp-18849,0.3
mp-22027,0.38
mp-22607,0.24
mp-22977,0.34
mp-2472,0.24
mp-2695,0.22
mp-279,0.3
mp-27984,0.29
mp-28782,0.31
mp-378,0.21
mp-4738,0.24
mp-505804,0.27
mp-5305,0.31
mp-541840,0.33
mp-568636,0.33
mp-570102,0.31
mp-571264,0.33
mp-754008,0.35
mp-7568,0.32
mp-775761,0.39
mp-861884,0.35
mp-862258,0.33
mp-863703,0.35
mp-865914,0.32
mp-865998,0.37
mp-9399,-0.05
mp-961713,0.23
mp-974948,0.69
mp-975198,0.12
mp-975608,0.23
mp-976229,0.34
mp-9912,0.24
mp-996980,0.41
mp-997094,0.32
mp-1016904,0.44
mp-1025044,0.4
mp-1025274,0.22
mp-1029498,0.17
mp-11977,0.38
mp-12359,0.34
mp-12761,0.4
mp-13463,0.31
mp-19059,0.4
mp-2008,0.18
mp-20485,0.23
mp-20686,0.3
mp-21090,0.3
mp-2301,0.23
mp-30381,0.19
mp-3762,0.23
mp-38194,0.3
mp-542,0.4
mp-546152,0.31
mp-548658,0.03
mp-567903,0.62
mp-568920,0.38
mp-570002,0.21
mp-5848,0.28
mp-6094,0.33
mp-669917,0.36
mp-7104,0.34
mp-753823,0.31
mp-7897,0.3
mp-830,0.25
mp-861594,0.35
mp-9085,0.25
mp-961712,0.21
mp-971702,0.29
mp-974810,0.45
mp-976446,0.3
mp-978502,0.45
mp-978976,0.32
mp-984082,0.32
mp-989563,0.24
mp-999355,0.42
mvc-11233,0.38
mp-1008557,0.22
mp-1009592,0.24
mp-1012551,0.31
mp-1014261,0.32
mp-10367,0.49
mp-12927,0.24
mp-13436,0.33
mp-13725,0.25
mp-1606,0.34
mp-18819,0.3
mp-21273,0.25
mp-2192,0.42
mp-2413,0.22
mp-255,0.34
mp-27396,0.24
mp-27934,0.34
mp-28049,0.32
mp-2949,0.31
mp-30672,0.3
mp-3194,0.2
mp-557938,0.31
mp-567601,0.31
mp-5948,0.26
mp-738,0.35
mp-754534,0.3
mp-755478,0.35
mp-770635,0.23
mp-862635,0.66
mp-865151,0.36
mp-865280,0.26
mp-865465,0.34
mp-865792,0.36
mp-866014,0.29
mp-866311,0.29
mp-867172,0.35
mp-867326,0.24
mp-867348,0.23
mp-867928,0.29
mp-8799,0.15
mp-9437,0.29
mp-1008374,0.22
mp-1009483,0.49
mp-1013547,0.23
mp-1017578,0.3
mp-1023125,0.23
mp-1025237,0.23
mp-1025526,0.37
mp-1025571,0.46
mp-10445,0.29
mp-1364,0.36
mp-18105,0.23
mp-18468,0.28
mp-19156,0.41
mp-19317,0.35
mp-2510,0.39
mp-28736,0.24
mp-3021,0.29
mp-3576,0.31
mp-36884,0.33
mp-41,0.47
mp-5078,0.34
mp-5446,0.33
mp-558733,0.21
mp-560236,0.39
mp-567750,0.38
mp-568895,0.26
mp-605,0.29
mp-631523,0.44
mp-6996,0.26
mp-755544,0.31
mp-7591,0.25
mp-761341,0.29
mp-776651,-0.09
mp-861935,0.3
mp-863677,0.37
mp-865178,0.46
mp-865755,-0.04
mp-866121,0.31
mp-8675,0.52
mp-971738,0.38
mp-973533,0.47
mp-976273,0.23
mp-976765,0.37
mp-977586,0.16
mp-978283,0.1
mp-980206,0.33
mp-983152,0.3
mp-997027,0.27
mp-1008528,0.14
mp-1009490,0.41
mp-1014244,0.31
mp-1018828,0.28
mp-1018936,0.34
mp-1025296,0.37
mp-10694,0.3
mp-11565,0.31
mp-11775,0.29
mp-12693,0.25
mp-13034,0.79
mp-1416,0.16
mp-15722,0.26
mp-1602,0.24
mp-1603,0.29
mp-16764,0.26
mp-1919,0.37
mp-2014,0.21
mp-21026,0.39
mp-21468,0.1
mp-23223,0.23
mp-23807,0.17
mp-2458,0.26
mp-27768,0.25
mp-2894,0.3
mp-30465,0.48
mp-31441,0.38
mp-3161,0.16
mp-32994,0.3
mp-33322,0.23
mp-3433,0.3
mp-3539,0.42
mp-4438,0.27
mp-4536,0.33
mp-546125,0.3
mp-549490,0.25
mp-553875,0.29
mp-555056,0.32
mp-569120,0.34
mp-570963,0.34
mp-5777,0.26
mp-605027,0.6
mp-631355,0.55
mp-682,0.24
mp-774712,0.38
mp-7760,0.29
mp-7908,0.23
mp-862261,0.36
mp-865525,0.36
mp-865558,0.31
mp-866071,0.31
mp-867788,0.3
mp-9076,0.23
mp-9615,0.21
mp-961651,0.26
mp-961661,0.3
mp-972370,0.27
mp-972941,0.39
mp-973149,0.32
mp-989541,0.32
mp-999187,0.48
mp-1007924,0.42
mp-1008682,0.28
mp-1017987,0.26
mp-1018025,0.36
mp-1018074,0.41
mp-1025242,0.27
mp-10849,0.33
mp-1123,0.36
mp-1954,0.17
mp-19850,0.3
mp-20998,0.66
mp-21038,0.28
mp-2130,0.32
mp-2143,0.78
mp-22036,0.37
mp-22344,0.34
mp-22759,0.26
mp-22862,0.24
mp-22891,0.41
mp-23002,0.13
mp-23870,0.16
mp-2743,0.33
mp-2825,0.35
mp-28927,0.52
mp-29009,0.26
mp-29456,0.2
mp-30083,0.25
mp-31144,0.37
mp-32887,0.18
mp-3442,0.24
mp-36791,0.24
mp-4881,0.27
mp-4962,0.23
mp-5076,0.25
mp-5309,0.38
mp-5556,0.28
mp-560902,0.34
mp-561258,0.29
mp-567885,0.18
mp-570172,-0.76
mp-570891,0.43
mp-621131,0.41
mp-6606,0.25
mp-764949,0.2
mp-7868,0.22
mp-8605,0.32
mp-862361,0.3
mp-866067,0.3
mp-867919,0.33
mp-974253,0.33
mp-976923,0.38
mp-977117,0.26
mp-977143,0.36
mp-978796,0.33
mp-980049,0.4
mp-984702,0.34
mp-999396,0.05
mp-10054,0.28
mp-1009593,0.31
mp-1009735,0.26
mp-10110,4.65
mp-1018028,0.21
mp-1018080,0.29
mp-1018783,0.1
mp-1096,0.25
mp-10996,0.22
mp-11514,0.31
mp-12105,0.32
mp-15954,0.25
mp-1735,0.52
mp-18856,0.1
mp-21264,0.24
mp-21495,0.25
mp-22871,0.28
mp-25469,0.24
mp-2583,0.38
mp-28610,0.28
mp-29752,0.36
mp-30066,0.41
mp-30816,0.31
mp-30861,0.21
mp-3144,0.33
mp-3348,0.33
mp-34735,0.29
mp-4056,0.26
mp-4138,0.32
mp-5046,0.13
mp-550172,0.29
mp-553308,0.28
mp-555970,0.33
mp-568273,0.27
mp-568662,0.32
mp-7486,0.29
mp-754759,0.3
mp-754933,0.3
mp-8211,0.2
mp-862337,0.31
mp-865097,0.4
mp-865442,0.31
mp-865501,0.31
mp-865505,0.34
mp-865798,0.34
mp-867159,0.24
mp-867212,0.23
mp-972324,0.39
mp-973181,0.35
mp-975050,0.59
mp-976010,0.35
mp-978815,0.32
mp-9813,0.21
mp-985443,0.49
mp-10003,0.28
mp-10184,0.32
mp-10469,0.33
mp-12533,0.27
mp-13314,0.25
mp-1431,0.22
mp-16363,0.18
mp-16613,0.32
mp-20683,0.41
mp-23052,0.19
mp-2340,0.25
mp-29154,0.28
mp-40251,0.36
mp-4079,0.18
mp-555166,0.32
mp-556562,0.28
mp-567181,0.35
mp-5853,0.2
mp-614603,0.28
mp-628,0.41
mp-631406,1.24
mp-631581,1.56
mp-676828,0.36
mp-7132,0.43
mp-715572,0.31
mp-7365,0.32
mp-7804,0.24
mp-7849,0.18
mp-861665,0.29
mp-861974,0.53
mp-862296,0.17
mp-864612,0.27
mp-866083,0.25
mp-971694,0.27
mp-971718,0.4
mp-972353,0.47
mp-972908,0.3
mp-973024,0.27
mp-973893,0.39
mp-975427,0.24
mp-975656,0.42
mp-980058,0.45
mp-1008826,0.41
mp-11335,0.14
mp-124,0.38
mp-12659,0.36
mp-13076,0.24
mp-1388,0.33
mp-14142,0.36
mp-16491,0.21
mp-19421,0.33
mp-1971,0.28
mp-20329,0.37
mp-23037,0.31
mp-24093,0.36
mp-30395,0.39
mp-3271,0.23
mp-35208,0.3
mp-4233,0.26
mp-4789,0.34
mp-510412,0.31
mp-546679,0.24
mp-556417,0.23
mp-568961,0.27
mp-672289,0.27
mp-7381,0.18
mp-755646,0.28
mp-7576,0.24
mp-8289,0.43
mp-8373,1.34
mp-862287,0.28
mp-867917,0.35
mp-9574,0.22
mp-961684,0.3
mp-961696,0.33
mp-974616,0.35
mp-974627,0.47
mp-9971,0.23
mp-998893,0.3
mp-999027,0.37
mp-1007760,0.19
mp-1009079,0.34
mp-1013554,0.18
mp-1025127,0.31
mp-1025339,0.23
mp-10275,0.37
mp-1029502,0.15
mp-10374,0.25
mp-11038,0.3
mp-1143,0.24
mp-11513,0.31
mp-1280,0.37
mp-13801,0.29
mp-155,0.24
mp-1935,0.25
mp-19809,0.27
mp-20007,0.32
mp-21301,0.32
mp-21521,0.35
mp-21609,0.29
mp-22315,0.28
mp-2454,0.27
mp-26,0.23
mp-27848,0.2
mp-27865,0.28
mp-406,0.33
mp-557251,0.26
mp-568446,0.34
mp-568809,0.25
mp-761315,0.33
mp-7861,0.64
mp-861,0.43
mp-861641,0.29
mp-864762,0.23
mp-864787,0.28
mp-865116,0.36
mp-865428,0.19
mp-865879,0.37
mp-865904,0.34
mp-865986,0.2
mp-866159,0.31
mp-8672,0.38
mp-867281,0.24
mp-9075,0.34
mp-92,0.24
mp-971837,0.29
mp-973155,0.41
mp-973771,0.44
mp-974982,0.46
mp-975522,0.36
mp-976422,0.35
mp-977418,0.42
mp-979950,0.23
mp-980200,0.35
mp-982873,0.09
mp-997037,0.37
mp-997618,0.17
mp-1009459,0.45
mp-1009538,0.45
mp-1013710,0.33
mp-1018703,0.38
mp-1019266,0.32
mp-1020,0.25
mp-1021848,0.27
mp-1024987,0.38
mp-1025099,-0.42
mp-1025258,0.33
mp-1025349,0.28
mp-1025503,0.66
mp-1025550,0.22
mp-1029251,0.27
mp-11279,0.25
mp-11808,0.34
mp-12177,0.17
mp-12600,0.33
mp-1274,0.36
mp-1317,0.22
mp-1319,0.29
mp-1822,0.25
mp-19082,0.32
mp-1984,0.26
mp-21233,0.54
mp-22154,0.35
mp-22268,0.28
mp-23245,0.25
mp-28067,0.19
mp-28339,0.3
mp-30571,0.35
mp-3489,0.24
mp-35417,0.15
mp-35909,1.0
mp-4662,0.31
mp-542915,0.18
mp-643431,0.11
mp-754502,0.29
mp-7597,0.25
mp-8459,0.31
mp-862972,0.56
mp-865753,0.37
mp-867177,0.36
mp-973100,0.49
mp-978842,0.87
mp-984705,0.44
mp-989514,0.27
mp-989527,0.57
mp-99,0.23
mvc-8365,0.36
mp-1002083,-0.06
mp-1002187,0.42
mp-1009134,0.23
mp-1009770,0.41
mp-1018133,0.31
mp-1018940,0.32
mp-1022488,0.5
mp-1023923,0.33
mp-1025264,0.28
mp-10498,0.38
mp-10659,0.23
mp-11025,0.24
mp-11277,0.14
mp-11561,0.35
mp-12110,0.31
mp-12505,0.28
mp-13208,0.27
mp-1481,0.41
mp-15702,0.25
mp-19006,0.3
mp-19943,0.31
mp-20750,0.39
mp-21473,0.26
mp-22991,0.36
mp-23193,0.26
mp-2391,0.35
mp-30488,0.41
mp-309,0.29
mp-3779,0.21
mp-4001,0.41
mp-4026,0.21
mp-426,0.39
mp-546898,0.23
mp-555477,0.36
mp-569753,0.45
mp-570769,0.31
mp-574025,0.41
mp-5745,0.2
mp-862945,0.37
mp-865932,0.44
mp-866125,0.28
mp-866161,0.28
mp-972082,0.48
mp-975906,0.27
mp-975933,0.33
mp-976256,0.32
mp-985806,0.3
mp-1006883,0.87
mp-1007992,0.26
mp-1009130,0.39
mp-1009833,0.51
mp-1135,0.32
mp-1136,0.24
mp-11684,0.26
mp-11754,0.31
mp-1278,0.22
mp-12990,0.18
mp-15617,0.23
mp-16045,0.34
mp-1672,0.22
mp-1682,0.27
mp-1756,0.24
mp-19973,0.27
mp-2114,0.2
mp-2152,0.29
mp-22580,0.41
mp-23143,0.27
mp-24390,0.27
mp-2597,0.42
mp-27138,0.24
mp-27785,0.2
mp-32548,0.35
mp-3301,0.32
mp-3477,0.43
mp-36592,0.3
mp-505071,0.39
mp-510086,0.2
mp-534,0.23
mp-567210,0.41
mp-568388,0.24
mp-569125,0.33
mp-752928,0.31
mp-7572,0.22
mp-776896,0.31
mp-863664,0.31
mp-864906,0.48
mp-865329,0.34
mp-865870,0.34
mp-867330,0.26
mp-867924,0.39
mp-883,0.19
mp-8911,0.35
mp-9179,0.28
mp-971863,0.6
mp-980,0.29
mp-982040,0.2
mp-999377,0.27
mp-1007666,0.41
mp-1008488,0.38
mp-1008635,0.48
mp-1009017,0.49
mp-1019360,0.32
mp-1023161,0.24
mp-1025364,0.24
mp-1025409,0.36
mp-1025552,0.24
mp-10687,0.29
mp-11470,0.36
mp-11499,0.27
mp-16052,0.42
mp-1961,0.33
mp-20275,0.36
mp-20896,0.33
mp-2098,0.47
mp-21177,0.34
mp-22498,0.28
mp-22691,0.26
mp-24834,0.3
mp-2557,0.28
mp-2800,0.46
mp-28553,0.14
mp-368,0.23
mp-4262,0.15
mp-503,0.36
mp-550,0.24
mp-559276,0.25
mp-592,0.28
mp-631473,0.31
mp-675025,0.29
mp-756094,0.35
mp-760376,0.31
mp-862855,0.35
mp-865250,0.32
mp-865788,0.35
mp-975373,0.42
mp-977550,0.31
mp-978496,0.21
mp-982387,0.35
mp-998973,0.31
mvc-15239,0.47
mp-1009135,0.49
mp-1009813,0.23
mp-1022051,0.3
mp-1039123,0.57
mp-10405,0.23
mp-1063005,0.3
mp-11564,0.33
mp-1340,0.22
mp-1367,0.17
mp-15157,0.35
mp-16304,0.33
mp-16503,0.25
mp-16993,0.31
mp-17848,0.32
mp-19226,0.29
mp-2011,0.3
mp-21027,0.32
mp-23024,0.23
mp-2345,0.31
mp-30438,0.16
mp-3098,0.31
mp-32536,0.16
mp-331,0.28
mp-3666,0.22
mp-3923,0.28
mp-48,0.19
mp-4990,0.4
mp-504908,0.32
mp-5063,0.25
mp-530399,0.24
mp-5429,0.29
mp-555483,0.32
mp-560338,0.11
mp-604914,0.62
mp-626689,0.25
mp-631537,1.47
mp-644278,0.22
mp-760381,0.4
mp-774873,0.28
mp-864734,0.4
mp-864744,0.31
mp-865807,0.32
mp-865968,0.41
mp-973536,0.29
mp-974416,0.33
mp-978083,0.31
mp-989553,0.36
mp-1008280,0.26
mp-1016851,0.34
mp-1018712,0.21
mp-1019259,-0.09
mp-10257,0.33
mp-10408,0.31
mp-10850,0.33
mp-11798,0.36
mp-12335,0.35
mp-16260,0.36
mp-19292,0.28
mp-19940,0.25
mp-21260,0.27
mp-23227,0.34
mp-2330,0.25
mp-30444,0.09
mp-30611,0.34
mp-30620,0.33
mp-31496,0.31
mp-35841,0.24
mp-5245,0.46
mp-540111,0.01
mp-542595,0.19
mp-565203,0.35
mp-614777,0.2
mp-672,0.35
mp-684679,0.25
mp-755071,0.34
mp-756683,0.3
mp-7595,0.22
mp-8048,0.3
mp-861875,0.34
mp-864985,0.34
mp-867822,0.43
mp-961669,0.49
mp-977435,0.29
mp-979989,0.31
mvc-12866,0.59
mvc-3569,0.52
mp-1008277,0.34
mp-1009237,0.97
mp-1016825,0.29
mp-1017566,-0.38
mp-1018100,0.26
mp-1018723,0.32
mp-10326,0.2
mp-10904,0.32
mp-11515,0.26
mp-11974,0.34
mp-13126,0.33
mp-13686,0.24
mp-1458,0.3
mp-15637,0.21
mp-15639,-0.4
mp-15724,0.24
mp-15960,0.23
mp-16358,0.38
mp-17287,0.21
mp-1882,0.32
mp-19845,0.27
mp-20175,0.23
mp-20920,0.28
mp-2133,0.36
mp-2209,0.17
mp-22478,0.28
mp-22936,0.22
mp-24,0.05
mp-2490,0.22
mp-2580,0.2
mp-2654,0.23
mp-28171,0.22
mp-2877,0.21
mp-2958,0.22
mp-3,1.82
mp-30044,0.57
mp-3642,0.35
mp-3895,0.27
mp-4096,0.29
mp-417,0.31
mp-4247,0.31
mp-505531,0.24
mp-5229,0.24
mp-567666,0.29
mp-572,0.35
mp-600,0.65
mp-600125,0.32
mp-7079,0.29
mp-7474,0.39
mp-7586,0.35
mp-866143,0.3
mp-866223,0.3
mp-950995,0.28
mp-972540,0.32
mp-973133,0.23
mp-979339,0.29
mp-9801,0.28
mp-983556,0.34
mp-10040,0.52
mp-1008925,0.04
mp-10115,0.29
mp-1016932,0.16
mp-1039119,0.39
mp-1040472,0.23
mp-1077,0.25
mp-13008,0.22
mp-1329,0.3
mp-14226,0.47
mp-1444,0.3
mp-1589,0.34
mp-16371,0.26
mp-18816,0.32
mp-2089,0.29
mp-2676,0.22
mp-27381,0.28
mp-32311,0.15
mp-341,0.2
mp-3589,0.12
mp-40793,0.31
mp-472,0.46
mp-504691,0.3
mp-5370,0.33
mp-546711,0.35
mp-568083,0.12
mp-570713,0.36
mp-571648,0.33
mp-622497,0.3
mp-622990,1.27
mp-631484,0.59
mp-636320,0.28
mp-636334,0.36
mp-672356,0.52
mp-676518,0.27
mp-6980,0.31
mp-730,0.23
mp-753799,0.28
mp-754940,0.22
mp-7942,0.21
mp-8161,0.32
mp-8431,0.33
mp-8468,0.39
mp-862871,0.37
mp-865340,0.37
mp-865506,0.3
mp-9194,0.29
mp-972659,0.24
mp-974370,0.3
mp-976411,0.48
mp-999390,0.31
mp-1008805,0.24
mp-1017542,0.33
mp-1018809,0.22
mp-1019362,0.31
mp-1039198,0.41
mp-1059,0.33
mp-10740,0.3
mp-11284,0.16
mp-11725,0.33
mp-12527,0.22
mp-12703,0.33
mp-12962,0.28
mp-14168,0.29
mp-1549,0.33
mp-18093,0.34
mp-19830,0.19
mp-21910,0.37
mp-230,0.26
mp-23047,0.24
mp-23562,0.27
mp-24150,0.22
mp-2420,0.28
mp-24201,-4.35
mp-24659,0.27
mp-2488,0.33
mp-2767,0.24
mp-27678,0.2
mp-27705,0.19
mp-2812,0.23
mp-2917,0.21
mp-29816,0.36
mp-30160,0.49
mp-30423,0.39
mp-30610,0.35
mp-3822,0.29
mp-4180,0.29
mp-561317,0.29
mp-601,0.23
mp-616440,0.07
mp-616559,0.26
mp-631489,3.34
mp-69,0.24
mp-7700,0.41
mp-8311,0.26
mp-834,0.29
mp-864915,0.41
mp-865029,0.53
mp-866024,0.4
mp-9571,0.24
mp-972808,0.28
mp-973143,0.33
mp-973561,0.46
mp-977541,0.32
mp-978846,0.38
mp-990440,0.24
mp-997082,0.35
mp-10102,0.31
mp-1013564,0.49
mp-1017515,0.36
mp-10437,0.33
mp-1118,0.35
mp-12762,0.23
mp-13536,0.31
mp-1949,0.37
mp-19921,0.31
mp-22232,0.29
mp-22276,0.41
mp-22389,0.25
mp-22434,0.25
mp-2258,0.35
mp-23288,0.21
mp-27693,0.19
mp-28166,0.23
mp-3078,0.28
mp-30798,0.26
mp-3336,0.31
mp-4720,0.34
mp-541196,0.24
mp-542090,0.12
mp-546,0.33
mp-546910,2.14
mp-558674,0.36
mp-569600,0.25
mp-582011,0.27
mp-5921,0.37
mp-7066,0.28
mp-7771,0.25
mp-8285,0.36
mp-863672,0.3
mp-866131,0.36
mp-88,0.24
mp-9490,0.34
mp-959,0.27
mp-976220,0.42
mp-977455,0.36
mp-999495,0.36
mp-1009006,0.44
mp-1078600,0.29
mp-10931,0.27
mp-11549,0.32
mp-12581,0.35
mp-15635,0.52
mp-1634,0.18
mp-19091,0.2
mp-20311,0.22
mp-20344,0.33
mp-21890,0.3
mp-27827,0.29
mp-2879,0.27
mp-30595,0.34
mp-31379,0.36
mp-4230,0.17
mp-546621,0.27
mp-557259,0.26
mp-567454,0.27
mp-568258,-0.26
mp-568556,0.14
mp-631404,0.48
mp-631536,0.49
mp-675766,0.32
mp-6794,0.38
mp-697096,0.27
mp-7191,0.24
mp-754213,0.26
mp-8409,0.24
mp-849388,0.3
mp-861900,0.37
mp-865320,0.31
mp-867262,0.31
mp-966,0.26
mp-972640,0.3
mp-973920,0.31
mp-977408,0.28
mp-978555,0.38
mp-998970,0.41
mp-999200,0.26
mp-1007824,0.3
mp-1019584,0.27
mp-1025437,0.37
mp-1052,0.34
mp-11342,0.24
mp-11540,0.5
mp-1203,0.27
mp-12892,0.01
mp-15252,0.3
mp-19051,0.52
mp-20197,0.24
mp-20874,0.23
mp-2116,0.38
mp-22152,0.23
mp-2358,0.23
mp-2693,0.26
mp-27418,0.32
mp-27718,-0.12
mp-27850,0.22
mp-30062,0.24
mp-30501,0.34
mp-3507,0.33
mp-4836,0.3
mp-504677,0.22
mp-550437,0.32
mp-552934,0.34
mp-561830,0.31
mp-567636,0.33
mp-570437,0.27
mp-570452,0.33
mp-754475,0.38
mp-861909,0.33
mp-864791,0.38
mp-865113,0.35
mp-865159,0.24
mp-865710,0.52
mp-865716,0.32
mp-865801,0.34
mp-866196,0.19
mp-867235,0.31
mp-961659,0.3
mp-989521,0.48
mp-989551,0.46
mp-1008813,-0.96
mp-1016843,0.49
mp-1019108,0.3
mp-1020059,0.22
mp-10201,0.16
mp-10435,0.28
mp-10893,0.59
mp-11107,0.35
mp-11178,0.27
mp-14019,0.31
mp-14622,0.49
mp-16526,0.37
mp-19141,0.28
mp-19414,0.34
mp-2019,0.74
mp-21479,-0.81
mp-22631,0.34
mp-24650,0.17
mp-282,0.28
mp-29152,0.28
mp-30315,0.32
mp-4563,0.26
mp-468,0.03
mp-510557,0.3
mp-5380,0.2
mp-556004,0.22
mp-568687,0.26
mp-569376,0.29
mp-6065,0.27
mp-676586,0.32
mp-7761,0.38
mp-7885,0.34
mp-809,0.36
mp-811,0.31
mp-8290,0.31
mp-862366,0.31
mp-862705,0.29
mp-862814,0.41
mp-862890,0.42
mp-865167,0.39
mp-866104,0.4
mp-867249,0.24
mp-867748,0.3
mp-867887,0.37
mp-867894,0.25
mp-8884,0.28
mp-921,0.32
mp-947,0.41
mp-971752,0.23
mp-971859,0.53
mp-977396,0.32
mp-978504,0.27
mp-984717,0.06
mp-9964,0.36
mp-1,0.38
mp-1002184,0.69
mp-1008901,0.4
mp-1016849,0.34
mp-1016854,0.08
mp-1018022,0.28
mp-1157,0.34
mp-11697,0.21
mp-119,-0.08
mp-12782,0.2
mp-128,0.2
mp-21206,-0.28
mp-23309,0.26
mp-2624,0.25
mp-2662,0.22
mp-28233,0.25
mp-29153,0.27
mp-29771,0.33
mp-30079,0.45
mp-3982,0.28
mp-4013,0.26
mp-402,0.28
mp-4448,0.19
mp-4466,0.23
mp-4573,0.25
mp-510436,0.39
mp-570099,0.44
mp-571133,0.25
mp-601848,0.28
mp-631318,0.55
mp-631554,12.73
mp-669546,0.31
mp-696128,0.34
mp-7140,0.16
mp-7755,0.14
mp-8623,0.3
mp-862662,0.25
mp-862714,-0.32
mp-864611,0.4
mp-971922,0.27
mp-972899,0.34
mp-973256,0.0
mp-973841,0.26
mp-976017,0.31
mp-977424,0.21
mp-9810,0.34
mp-9942,0.15
mvc-14629,0.22
mp-10064,0.56
mp-1029756,0.33
mp-10300,0.26
mp-10525,0.67
mp-11192,0.19
mp-1229,0.34
mp-21163,0.4
mp-23056,0.24
mp-24161,0.55
mp-24728,0.28
mp-2670,0.38
mp-27630,0.12
mp-27632,0.15
mp-3388,0.27
mp-3963,0.32
mp-557686,0.31
mp-568695,0.25
mp-568823,0.39
mp-568891,0.54
mp-569149,0.04
mp-569875,0.29
mp-631335,0.31
mp-642659,0.37
mp-754672,0.34
mp-7596,0.3
mp-7644,0.3
mp-862631,0.27
mp-864995,0.26
mp-865011,0.28
mp-865019,0.3
mp-865321,0.31
mp-8861,0.28
mp-8880,0.27
mp-9517,0.32
mp-975159,0.58
mp-975822,0.29
mp-978988,0.36
mp-9814,0.34
mp-982558,0.31
mvc-15694,0.24
mp-1008903,0.4
mp-1010953,0.43
mp-1013719,0.28
mp-1022732,0.34
mp-10739,0.3
mp-113,0.3
mp-1748,0.32
mp-19765,0.25
mp-1990,0.27
mp-21008,0.29
mp-22693,0.23
mp-22992,0.24
mp-23703,0.08
mp-2515,0.32
mp-27927,0.31
mp-28302,0.3
mp-300,0.32
mp-30181,0.31
mp-30506,0.28
mp-30850,0.35
mp-31328,0.4
mp-3519,0.33
mp-3988,0.32
mp-4019,0.25
mp-4195,0.32
mp-4748,0.22
mp-504600,0.32
mp-5386,0.27
mp-557569,0.23
mp-560203,0.19
mp-569089,0.24
mp-579496,0.3
mp-7121,0.28
mp-783905,0.31
mp-8085,0.22
mp-861617,0.36
mp-862821,0.43
mp-863655,0.35
mp-865041,-1.24
mp-865665,0.3
mp-865992,0.31
mp-867869,0.36
mp-9592,0.26
mp-962065,0.19
mp-972892,0.54
mp-976763,0.3
mp-977200,0.42
mp-977416,0.36
mp-978489,0.28
mp-999204,0.22
mp-1008911,0.19
mp-1019100,0.24
mp-1021327,0.1
mp-10752,0.24
mp-10930,0.28
mp-1108,0.23
mp-12067,0.61
mp-13092,0.29
mp-1581,0.18
mp-19231,0.35
mp-20136,0.27
mp-21382,0.26
mp-2154,0.23
mp-23141,0.27
mp-23154,0.21
mp-2578,0.3
mp-28145,0.28
mp-29151,0.2
mp-30454,0.3
mp-31900,0.36
mp-33551,0.32
mp-419,0.26
mp-4842,0.27
mp-5339,0.3
mp-567856,0.32
mp-571011,0.32
mp-5821,0.3
mp-754596,0.46
mp-7608,0.29
mp-764648,0.23
mp-7812,0.1
mp-781625,0.31
mp-862446,0.27
mp-864806,0.38
mp-865499,0.3
mp-865924,0.45
mp-867800,0.36
mp-867897,0.29
mp-972653,0.33
mp-982780,0.11
mp-9884,0.31
mp-995122,0.18
mp-999201,0.38
mvc-4415,0.36
mvc-5884,0.31
mp-1002209,1.51
mp-1019380,0.22
mp-1099,0.3
mp-1180,0.32
mp-12765,0.33
mp-1561,0.34
mp-15845,0.27
mp-16496,0.31
mp-17892,0.28
mp-19790,0.2
mp-20943,0.38
mp-21481,0.28
mp-2242,0.18
mp-24066,0.28
mp-28627,0.27
mp-29135,0.27
mp-29868,0.29
mp-3190,0.22
mp-3759,0.26
mp-4860,0.32
mp-5127,0.3
mp-5292,0.27
mp-545482,0.25
mp-567276,0.41
mp-569548,0.4
mp-5773,0.33
mp-604908,0.24
mp-631509,0.62
mp-634751,0.22
mp-6879,0.31
mp-7349,0.26
mp-754218,0.36
mp-768241,0.32
mp-770997,0.32
mp-8181,0.25
mp-8231,0.29
mp-863715,0.38
mp-865813,0.27
mp-865952,0.49
mp-867979,0.43
mp-961691,0.71
mp-977375,0.26
mp-9778,0.29
mp-983425,0.29
mp-984523,0.1
mp-985585,0.21
mp-996995,0.31
mp-10008,0.78
mp-1008284,0.15
mp-1008999,0.14
mp-1009458,0.32
mp-1011375,0.22
mp-1016442,0.27
mp-1017629,0.37
mp-1018683,0.33
mp-10250,0.25
mp-1158,0.33
mp-11801,0.21
mp-1335,0.36
mp-1667,0.38
mp-1808,0.38
mp-19219,0.28
mp-2001,0.32
mp-21847,0.3
mp-22463,0.37
mp-30599,0.34
mp-31080,0.21
mp-4022,0.24
mp-4664,0.46
mp-634381,0.41
mp-644483,0.4
mp-644751,0.21
mp-752927,0.35
mp-755144,0.23
mp-779328,0.38
mp-8136,0.3
mp-861646,0.44
mp-861653,0.36
mp-862563,0.32
mp-863707,0.24
mp-865023,0.3
mp-865537,0.3
mp-867157,0.36
mp-867273,0.33
mp-867361,0.37
mp-867978,0.36
mp-8995,0.31
mp-903,0.36
mp-962070,0.58
mp-972069,0.27
mp-979421,0.29
mp-982664,0.11
mp-9850,0.23
mvc-11224,0.3
mp-10009,0.26
mp-1007657,0.31
mp-1018635,0.44
mp-1018728,0.32
mp-1025208,0.23
mp-1029536,0.3
mp-11029,0.25
mp-15963,0.31
mp-1725,0.27
mp-1784,0.3
mp-18337,0.16
mp-18852,0.27
mp-19384,0.27
mp-19716,0.19
mp-20025,0.21
mp-20523,0.19
mp-21202,0.27
mp-27731,0.4
mp-30591,0.26
mp-31442,0.5
mp-3849,0.34
mp-4156,0.26
mp-559931,0.06
mp-565,0.31
mp-567510,0.27
mp-567589,0.18
mp-5690,0.29
mp-570155,0.25
mp-571188,0.27
mp-580226,0.45
mp-626794,0.36
mp-627380,0.2
mp-6326,0.32
mp-634431,0.31
mp-642363,-0.01
mp-755877,0.26
mp-8126,0.23
mp-8267,0.45
mp-862898,0.45
mp-8634,0.3
mp-989460,0.46
mp-1001831,0.4
mp-1007974,0.28
mp-1008530,0.33
mp-1008726,0.64
mp-1009878,1.1
mp-1025478,0.37
mp-10675,0.37
mp-11539,0.28
mp-13071,0.23
mp-13431,0.35
mp-16566,0.33
mp-1794,0.12
mp-1871,0.3
mp-18807,0.41
mp-20202,0.23
mp-2025,0.15
mp-20761,0.26
mp-20790,0.24
mp-20932,0.3
mp-21028,0.36
mp-21201,0.31
mp-22346,0.28
mp-22648,0.33
mp-22872,0.24
mp-23138,0.32
mp-24722,0.36
mp-2688,0.26
mp-27666,0.43
mp-30582,0.46
mp-3163,0.23
mp-3448,0.23
mp-361,0.46
mp-3834,0.24
mp-398,0.34
mp-4964,0.29
mp-539,0.2
mp-570677,0.25
mp-583,0.28
mp-674334,0.29
mp-684673,0.78
mp-7142,0.41
mp-754134,0.3
mp-754185,0.33
mp-755769,0.37
mp-8435,-0.4
mp-8487,0.31
mp-862360,0.35
mp-864945,0.28
mp-864997,0.38
mp-865434,0.3
mp-867263,0.39
mp-972767,0.55
mp-975207,0.34
mp-975346,0.26
mp-977283,0.34
mp-977367,0.39
mp-977554,0.35
mp-999296,0.4
mp-1009008,0.27
mp-1009746,0.38
mp-10711,0.17
mp-13949,0.26
mp-1571,0.3
mp-16730,0.54
mp-16765,0.22
mp-1876,0.47
mp-20228,0.43
mp-20608,0.31
mp-22522,0.26
mp-27257,0.33
mp-30337,0.19
mp-30358,0.33
mp-30408,0.37
mp-30797,0.29
mp-33880,0.3
mp-36329,0.34
mp-37381,0.3
mp-5170,0.28
mp-541014,0.29
mp-549720,0.23
mp-551758,-0.05
mp-560340,0.33
mp-569360,0.3
mp-571039,0.31
mp-604313,1.22
mp-628606,0.3
mp-631377,0.21
mp-631543,0.04
mp-7523,0.3
mp-7936,0.22
mp-7951,0.34
mp-846,0.25
mp-862424,0.3
mp-864930,0.32
mp-864992,0.32
mp-865138,0.31
mp-867252,0.32
mp-867985,0.39
mp-8948,0.3
mp-9514,0.22
mp-961679,0.5
mp-9665,0.32
mp-971761,1.4
mp-973633,0.29
mp-980392,0.36
mp-997025,0.42
mp-9986,0.33
mp-1002227,0.64
mp-1008653,0.45
mp-1025390,0.24
mp-1025421,0.34
mp-1077723,0.31
mp-12647,0.32
mp-12665,0.37
mp-15659,0.41
mp-1566,0.26
mp-17413,0.34
mp-1746,0.27
mp-19094,0.28
mp-195,0.32
mp-19928,0.29
mp-20298,0.33
mp-22749,0.28
mp-29145,0.27
mp-29733,0.29
mp-4104,0.31
mp-4732,0.22
mp-549970,0.33
mp-556546,0.28
mp-571599,0.35
mp-7092,0.22
mp-7173,0.29
mp-7457,0.25
mp-753192,0.22
mp-769111,0.35
mp-771055,0.28
mp-861993,0.35
mp-865149,0.41
mp-865615,0.3
mp-867828,0.36
mp-867837,0.33
mp-924129,0.29
mp-952566,0.27
mp-972323,0.27
mp-974060,0.78
mp-974738,0.33
mp-975640,0.24
mp-975909,0.38
mp-977403,-0.23
mp-982739,0.35
mp-985302,0.29
mp-1002574,0.31
mp-1008924,0.3
mp-1009650,0.43
mp-1009747,0.91
mp-1018690,0.18
mp-10214,0.35
mp-10440,0.37
mp-10623,0.33
mp-10760,0.22
mp-10785,0.23
mp-1139,0.28
mp-11496,0.28
mp-14099,0.36
mp-19376,0.31
mp-19789,0.25
mp-20425,0.19
mp-22817,-0.1
mp-23487,0.24
mp-29056,0.02
mp-30352,0.36
mp-35869,0.28
mp-36800,0.21
mp-37879,0.25
mp-3854,0.25
mp-4415,0.27
mp-4913,0.4
mp-5219,0.29
mp-570213,0.22
mp-753,0.25
mp-754322,0.28
mp-755651,0.27
mp-762,0.23
mp-7692,0.19
mp-775331,0.22
mp-7857,0.15
mp-8539,-0.26
mp-862378,0.32
mp-862711,0.3
mp-8637,0.56
mp-866146,0.34
mp-867847,0.61
mp-972526,0.39
mp-977425,0.34
mp-982595,0.56
mp-1007664,0.4
mp-1008752,-0.14
mp-1009218,0.47
mp-10163,0.4
mp-1029660,0.3
mp-10322,0.32
mp-10597,0.36
mp-10857,0.23
mp-11147,0.34
mp-12063,0.29
mp-129,0.3
mp-13548,0.33
mp-18817,0.25
mp-21200,-0.28
mp-22367,0.38
mp-22626,0.27
mp-23710,0.22
mp-2630,0.42
mp-2691,0.35
mp-3744,0.23
mp-542640,0.33
mp-554573,0.05
mp-555934,0.33
mp-567458,0.24
mp-569157,0.31
mp-571467,0.35
mp-672265,0.34
mp-690544,0.31
mp-7426,0.28
mp-753781,0.28
mp-7632,0.33
mp-862492,0.33
mp-862555,0.23
mp-865587,0.32
mp-865731,0.39
mp-866189,0.25
mp-8752,0.18
mp-8804,0.18
mp-9060,0.35
mp-9254,0.21
mp-9486,0.27
mp-962069,0.53
mp-973432,0.34
mp-973865,0.25
mp-974063,0.34
mp-976082,0.28
mp-976129,0.3
mp-9768,0.31
mp-979074,0.41
mp-9880,0.19
mp-989590,-0.55
mp-9960,0.17
mp-1008642,0.28
mp-1019,0.33
mp-1025263,0.23
mp-12008,0.26
mp-12985,0.34
mp-14092,0.33
mp-1716,0.31
mp-19862,0.34
mp-20439,0.2
mp-20618,0.31
mp-20627,0.19
mp-22435,0.34
mp-2665,0.46
mp-27214,0.31
mp-27976,0.27
mp-291,0.27
mp-339,0.37
mp-4630,0.31
mp-684692,0.24
mp-7377,0.24
mp-760415,0.28
mp-774155,0.24
mp-861954,0.34
mp-865669,0.33
mp-866175,0.33
mp-972914,0.33
mp-973824,0.27
mp-975364,0.35
mp-977380,0.25
mp-978568,0.29
mp-1003485,0.26
mp-1009834,0.19
mp-1013526,0.17
mp-1023127,0.3
mp-1025293,0.32
mp-1038975,0.53
mp-10528,0.22
mp-10749,0.21
mp-11594,0.31
mp-11658,0.32
mp-1210,0.27
mp-12666,0.24
mp-12953,0.33
mp-14763,0.26
mp-15799,0.27
mp-15986,0.29
mp-16516,0.23
mp-2283,0.35
mp-27953,0.37
mp-29243,0.2
mp-3329,0.33
mp-37906,0.17
mp-4287,0.3
mp-4321,0.21
mp-510409,0.25
mp-559691,0.28
mp-568940,0.25
mp-569128,0.18
mp-570418,0.23
mp-625,0.29
mp-631398,-0.32
mp-631497,0.65
mp-7000,-0.0
mp-861481,0.38
mp-862340,0.27
mp-862673,0.32
mp-865160,0.31
mp-865433,0.37
mp-865795,0.33
mp-867780,0.19
mp-971799,0.34
mp-973564,1.01
mp-976870,0.34
mp-977011,0.29
mp-978513,0.28
mp-981368,0.93
mp-999126,0.22
mp-1007690,0.4
mp-1008727,0.6
mp-1019255,0.27
mp-10652,0.24
mp-1087,0.22
mp-10952,0.31
mp-11073,0.3
mp-11520,0.25
mp-11555,0.47
mp-11870,0.31
mp-12523,0.29
mp-18750,0.33
mp-20369,0.22
mp-21104,0.32
mp-21445,0.32
mp-22345,0.47
mp-23317,0.16
mp-2723,0.33
mp-27421,0.27
mp-28376,0.31
mp-29585,0.29
mp-30658,0.42
mp-3207,0.29
mp-381,0.31
mp-4072,0.26
mp-510403,0.19
mp-5372,0.31
mp-567164,0.34
mp-568232,0.27
mp-568436,0.24
mp-570791,0.16
mp-578,0.38
mp-7240,0.41
mp-729,0.24
mp-7707,0.29
mp-8045,0.31
mp-8377,0.19
mp-865957,0.42
mp-867744,0.3
mp-961658,0.35
mp-971720,0.93
mp-973396,0.74
mp-979026,0.24
mp-982869,0.27
mp-999269,0.25
mp-1008965,0.49
mp-1018752,0.3
mp-1029420,0.28
mp-10379,0.28
mp-10777,0.25
mp-11566,0.27
mp-12903,0.29
mp-1296,0.36
mp-1535,0.68
mp-19328,0.32
mp-20735,0.23
mp-2077,0.31
mp-22537,0.4
mp-2542,0.2
mp-2649,0.48
mp-30341,0.32
mp-3047,0.51
mp-317,0.33
mp-3700,0.32
mp-42,0.36
mp-4364,0.32
mp-4992,0.24
mp-510536,0.32
mp-561598,0.37
mp-567540,0.38
mp-568718,0.2
mp-579718,0.39
mp-7247,0.29
mp-7302,0.18
mp-756630,0.25
mp-776205,0.3
mp-861878,0.43
mp-864884,0.36
mp-864924,0.32
mp-865032,0.31
mp-865098,0.39
mp-866160,0.35
mp-867876,0.38
mp-877,0.3
mp-961727,0.56
mp-972861,0.26
mp-977442,0.24
mp-997054,0.31
mvc-14047,0.18
mp-10078,0.32
mp-1008282,-0.13
mp-1008349,0.28
mp-1017539,0.39
mp-1018033,0.37
mp-1025346,0.32
mp-11385,0.23
mp-11501,0.27
mp-11820,0.21
mp-1215,0.26
mp-13396,0.26
mp-13983,0.22
mp-20049,0.24
mp-20892,0.25
mp-22514,0.29
mp-22790,0.31
mp-23237,0.26
mp-23505,-1.13
mp-23684,0.3
mp-28323,0.38
mp-31171,0.38
mp-31363,0.34
mp-3513,0.19
mp-37514,0.26
mp-38280,0.21
mp-38843,0.24
mp-5326,0.17
mp-56,0.29
mp-568991,0.22
mp-570430,0.31
mp-5934,0.21
mp-607371,0.28
mp-770649,0.23
mp-773044,0.33
mp-7916,0.22
mp-7988,0.32
mp-8278,0.2
mp-8402,0.24
mp-861933,0.56
mp-862756,0.22
mp-862974,0.65
mp-865209,0.3
mp-865521,0.25
mp-867257,0.29
mp-961656,0.27
mp-972528,0.32
mp-972949,0.29
mp-972954,0.33
mp-978089,0.38
mp-978596,0.31
mp-983237,0.57
mp-983509,0.32
mp-983555,0.35
mp-985278,0.37
mp-1002181,0.62
mp-1009009,0.54
mp-10120,0.54
mp-1018142,0.46
mp-10213,0.3
mp-10911,0.25
mp-11517,0.3
mp-1211,0.3
mp-1249,0.27
mp-13365,0.27
mp-1393,0.4
mp-1447,0.34
mp-1804,0.3
mp-20590,0.37
mp-20901,0.29
mp-21164,0.37
mp-213,0.33
mp-22782,0.67
mp-23178,0.29
mp-27294,-0.15
mp-27971,0.28
mp-28264,0.33
mp-28810,0.32
mp-31467,0.35
mp-4883,0.24
mp-559435,0.29
mp-569683,0.43
mp-614185,0.29
mp-631319,0.68
mp-631383,0.42
mp-631467,0.96
mp-631535,0.41
mp-684663,0.86
mp-685097,0.28
mp-697126,0.28
mp-763099,0.21
mp-861901,0.33
mp-861931,0.3
mp-865756,0.52
mp-865985,0.36
mp-867131,0.29
mp-973646,0.34
mp-975176,0.36
mp-977430,0.34
mp-978281,0.28
mp-982724,0.35
mp-985283,0.42
mp-9922,0.23
mp-999298,0.39
mp-10026,0.27
mp-1013714,0.28
mp-1016879,0.31
mp-1022517,0.2
mp-1025335,0.25
mp-1029422,0.33
mp-10871,0.57
mp-11202,0.25
mp-11393,0.26
mp-12700,0.32
mp-12972,0.29
mp-13074,0.29
mp-13311,0.2
mp-136,0.24
mp-13907,0.06
mp-13911,0.35
mp-143,0.22
mp-1451,0.34
mp-1479,0.12
mp-15322,0.22
mp-1654,0.35
mp-1814,0.38
mp-18257,0.33
mp-19851,0.21
mp-20352,0.31
mp-20479,0.26
mp-21347,0.26
mp-22304,0.26
mp-2484,0.42
mp-28872,0.24
mp-2927,0.45
mp-29889,0.31
mp-30183,0.22
mp-30592,0.43
mp-3494,0.33
mp-362,0.31
mp-3623,0.27
mp-3829,0.29
mp-415,0.25
mp-464,0.36
mp-4728,0.31
mp-4744,0.29
mp-4904,0.26
mp-547271,0.28
mp-5503,0.3
mp-554822,0.16
mp-571343,0.24
mp-580287,0.39
mp-5982,0.31
mp-606604,0.35
mp-634965,0.28
mp-639874,0.35
mp-755690,0.29
mp-7851,0.28
mp-8180,0.24
mp-864647,0.21
mp-864654,0.34
mp-865717,0.29
mp-866165,0.31
mp-961694,0.61
mp-962075,-0.09
mp-977589,0.32
mp-1018048,0.24
mp-1018123,0.57
mp-1025372,0.3
mp-11563,0.02
mp-11919,0.18
mp-1523,0.24
mp-20211,0.29
mp-20724,0.26
mp-215,0.24
mp-2182,0.37
mp-2348,0.33
mp-2802,0.29
mp-30403,0.21
mp-30621,0.26
mp-333,0.28
mp-33526,0.23
mp-3574,0.34
mp-38035,0.34
mp-4793,0.46
mp-5012,0.23
mp-510417,0.19
mp-510421,0.24
mp-5193,0.28
mp-522,0.4
mp-5244,0.24
mp-5348,0.25
mp-551830,0.25
mp-567630,0.27
mp-571491,0.35
mp-6669,0.28
mp-672698,0.61
mp-675477,0.26
mp-7480,0.26
mp-755313,0.3
mp-776320,0.41
mp-793,0.22
mp-8236,0.28
mp-862872,0.46
mp-864955,0.24
mp-864990,0.27
mp-865000,0.14
mp-9387,0.23
mp-945184,0.29
mp-9631,0.33
mp-972103,0.31
mp-974617,0.56
mp-977273,0.31
mp-982246,0.46
mp-989570,0.27
mp-997042,0.29
mp-1018902,0.32
mp-1025246,0.2
mp-10709,0.91
mp-10847,0.28
mp-11833,0.39
mp-1185,0.24
mp-12674,0.38
mp-13200,0.19
mp-13570,0.23
mp-1778,0.14
mp-18966,0.36
mp-20418,0.35
mp-20605,0.3
mp-20619,0.31
mp-20745,0.39
mp-21873,0.29
mp-22687,0.25
mp-23171,0.26
mp-2463,0.25
mp-2729,0.34
mp-27608,0.25
mp-28929,0.36
mp-30426,0.23
mp-3349,0.25
mp-33581,0.27
mp-3896,0.34
mp-4076,0.33
mp-438,0.29
mp-449,0.26
mp-505259,0.27
mp-5163,0.35
mp-557257,0.29
mp-560562,0.27
mp-569516,0.28
mp-570744,0.23
mp-604516,0.33
mp-631420,0.45
mp-7339,0.27
mp-754808,0.26
mp-754978,0.35
mp-755570,0.37
mp-774092,0.35
mp-8053,0.31
mp-8320,0.24
mp-849060,0.18
mp-8579,0.32
mp-865230,0.3
mp-961692,1.61
mp-969,0.2
mp-975518,0.33
mp-989192,0.12
mp-995147,0.58
mp-999096,0.3
mp-1010,0.15
mp-1014212,0.32
mp-1014265,0.28
mp-1016930,0.3
mp-10270,0.3
mp-11523,0.47
mp-11873,0.34
mp-12982,0.13
mp-15318,0.25
mp-1541,0.16
mp-15694,0.29
mp-16481,0.3
mp-18875,0.28
mp-19814,0.29
mp-20937,0.28
mp-22306,0.3
mp-23282,0.17
mp-27246,0.34
mp-2748,0.21
mp-29342,0.24
mp-3289,0.32
mp-3595,0.24
mp-4206,0.3
mp-4820,0.3
mp-540284,0.15
mp-5436,0.31
mp-560865,0.12
mp-567097,0.32
mp-571342,0.23
mp-571555,0.28
mp-5756,0.31
mp-5798,0.24
mp-623646,0.51
mp-631495,0.14
mp-642750,0.29
mp-672337,0.44
mp-672340,0.33
mp-675634,0.33
mp-680580,0.29
mp-7569,0.35
mp-7575,0.21
mp-861667,0.37
mp-864780,0.42
mp-864903,0.31
mp-865578,0.23
mp-972882,0.35
mp-972966,0.36
mp-974642,0.29
mp-975222,0.5
mp-996960,0.32
mp-999274,-0.67
mp-11329,0.25
mp-11350,0.23
mp-11359,0.29
mp-12071,0.33
mp-20233,0.4
mp-2552,0.11
mp-27455,0.33
mp-30312,0.32
mp-37091,0.25
mp-4495,0.31
mp-5427,0.27
mp-553248,0.26
mp-568555,0.25
mp-570287,0.27
mp-7582,0.23
mp-762268,0.24
mp-768358,0.33
mp-7930,0.27
mp-864961,0.45
mp-865002,0.34
mp-865444,0.32
mp-867243,0.33
mp-9325,0.25
mp-972957,0.35
mp-975053,-0.84
mp-976872,0.29
mp-977057,0.2
mp-980006,0.44
mp-980068,0.34
mp-985439,0.26
mp-998,0.32
mp-1002228,0.66
mp-1016108,0.34
mp-1017000,0.33
mp-1025799,0.28
mp-1039,0.34
mp-12614,0.29
mp-13,0.32
mp-250,0.36
mp-27304,0.23
mp-27691,0.26
mp-3173,0.22
mp-3455,0.25
mp-4930,0.28
mp-5104,0.35
mp-510404,0.32
mp-510441,0.36
mp-551873,0.23
mp-553896,0.32
mp-567981,0.32
mp-569526,0.36
mp-5928,0.26
mp-714885,0.26
mp-718,0.34
mp-752415,0.32
mp-7631,0.16
mp-776083,0.24
mp-776165,0.31
mp-7821,0.29
mp-7859,0.34
mp-861896,0.41
mp-862549,0.47
mp-862761,0.44
mp-863727,0.32
mp-864599,0.4
mp-864610,0.27
mp-864770,0.25
mp-865107,0.47
mp-865125,0.28
mp-865248,0.32
mp-865664,0.28
mp-866073,0.34
mp-866075,0.17
mp-951,0.39
mp-973571,0.25
mp-975292,0.24
mp-975390,0.3
mp-1001834,0.31
mp-1009206,0.86
mp-1013555,0.21
mp-1025378,0.23
mp-1032,0.21
mp-10953,0.35
mp-12061,0.29
mp-12657,0.21
mp-13089,0.31
mp-1557,0.28
mp-16336,0.26
mp-20438,0.28
mp-20801,0.52
mp-21413,0.27
mp-2206,0.38
mp-22961,0.29
mp-23253,0.47
mp-23301,0.55
mp-2838,0.31
mp-4840,0.29
mp-4936,0.46
mp-558411,0.23
mp-568505,0.22
mp-754084,0.32
mp-8310,0.34
mp-8426,0.28
mp-862318,0.26
mp-865402,0.28
mp-866291,0.44
mp-867775,0.29
mp-867821,0.32
mp-867838,-0.16
mp-8724,0.27
mp-9158,0.29
mp-973622,0.14
mp-973636,0.26
mp-973652,0.38
mp-973785,0.52
mp-975236,0.11
mp-976588,0.23
mp-977,0.36
mp-977230,0.35
mp-977239,0.4
mp-979934,0.35
mp-981336,0.56
mp-982557,0.23
mp-983603,0.3
mp-985554,0.28
mp-9873,0.17
mp-999294,0.35
mp-1018702,0.26
mp-1058,0.41
mp-10969,0.37
mp-11259,0.37
mp-1261,0.25
mp-13449,0.11
mp-15965,0.24
mp-2,0.38
mp-20350,0.32
mp-20457,-0.81
mp-21158,0.31
mp-248,0.34
mp-2509,0.31
mp-2744,0.31
mp-28568,0.33
mp-29647,0.28
mp-4236,0.32
mp-4756,0.26
mp-4878,0.23
mp-556777,0.27
mp-557837,-0.01
mp-560936,0.2
mp-568536,0.34
mp-571172,0.18
mp-571339,0.25
mp-5767,0.31
mp-675926,0.26
mp-7080,0.25
mp-7781,0.27
mp-7917,0.23
mp-812,0.3
mp-865093,0.37
mp-866287,0.41
mp-867899,0.39
mp-886,0.31
mp-974417,0.4
mp-975347,0.3
mp-978270,0.31
mp-979176,0.35
mp-979436,0.6
mp-997085,0.34
mp-998908,0.33
mp-999002,-0.52
mp-1007656,0.31
mp-1016601,0.22
mp-1018751,0.33
mp-1128,0.32
mp-11546,1.0
mp-11687,0.23
mp-140,0.44
mp-16755,0.25
mp-20868,0.28
mp-22958,0.23
mp-23210,0.25
mp-23297,0.29
mp-31380,0.35
mp-3397,0.3
mp-4252,0.22
mp-4798,0.17
mp-510691,0.26
mp-5238,0.29
mp-540783,0.24
mp-545344,0.34
mp-567345,0.38
mp-569385,0.26
mp-754363,0.27
mp-7655,0.2
mp-7881,0.37
mp-8102,0.36
mp-8401,0.26
mp-864602,0.29
mp-865194,0.38
mp-865516,0.35
mp-866001,0.28
mp-867310,0.32
mp-8969,0.27
mp-9463,0.2
mp-960,0.28
mp-971853,0.59
mp-975797,0.25
mp-976185,0.33
mp-976283,0.51
mp-978273,0.33
mp-9843,0.26
mp-9939,0.22
mp-9954,0.28
mp-1006882,0.44
mp-1008568,0.3
mp-1020011,0.18
mp-1029580,0.32
mp-12062,0.44
mp-16378,4.61
mp-16886,0.39
mp-1913,0.31
mp-20979,0.2
mp-21294,0.29
mp-2252,0.12
mp-23157,0.41
mp-23560,0.18
mp-23704,0.24
mp-2404,0.21
mp-30,0.34
mp-30161,0.39
mp-31348,0.25
mp-33363,0.22
mp-3886,0.21
mp-4054,0.24
mp-4954,0.31
mp-559612,0.21
mp-569624,0.34
mp-706,0.32
mp-753506,0.26
mp-755586,0.33
mp-760401,0.33
mp-7748,0.22
mp-775296,0.32
mp-777479,0.27
mp-861958,0.34
mp-862377,0.29
mp-864897,0.37
mp-865560,0.23
mp-865969,0.33
mp-866201,0.63
mp-867181,0.32
mp-975769,0.32
mp-984711,0.34
mp-998147,0.31
mvc-11548,0.3
mp-1021511,0.29
mp-1025248,0.37
mp-1471,0.27
mp-18762,0.32
mp-18903,0.32
mp-20131,0.37
mp-20453,0.61
mp-2071,0.27
mp-21235,0.31
mp-22044,0.28
mp-2728,0.22
mp-27475,0.27
mp-28056,0.37
mp-31031,0.31
mp-32780,0.27
mp-5175,0.24
mp-5383,0.29
mp-554973,0.34
mp-556235,0.31
mp-558747,0.31
mp-567771,0.22
mp-569402,0.3
mp-571035,0.39
mp-580,0.11
mp-624492,0.29
mp-631330,0.6
mp-696497,0.28
mp-7390,0.2
mp-7473,0.31
mp-7903,0.31
mp-8299,0.22
mp-8608,0.34
mp-861995,0.37
mp-866376,0.3
mp-867306,0.4
mp-961697,0.37
mp-972961,0.34
mp-974325,0.24
mp-974832,0.2
mp-976254,0.47
mp-979910,0.43
mp-985059,0.29
mp-985295,0.4
mp-999437,0.5
mp-999450,0.19
mp-1009836,0.38
mp-10136,0.2
mp-1016829,0.42
mp-1018042,0.38
mp-1029257,0.34
mp-1038,0.32
mp-11841,0.27
mp-12806,0.3
mp-13920,0.28
mp-1743,0.26
mp-20889,1.08
mp-20895,0.32
mp-2092,0.31
mp-21255,0.27
mp-22853,0.28
mp-22975,0.13
mp-23846,0.29
mp-2826,0.32
mp-30374,0.41
mp-30856,0.36
mp-3283,0.3
mp-4387,0.25
mp-4586,0.29
mp-475,0.12
mp-557668,0.19
mp-567653,0.39
mp-568844,0.55
mp-573051,0.24
mp-58,0.44
mp-631314,0.47
mp-650,0.15
mp-7359,0.23
mp-752849,0.29
mp-833,0.33
mp-8368,0.33
mp-8560,0.34
mp-862664,0.3
mp-863744,0.31
mp-866177,0.42
mp-866299,0.32
mp-8818,0.26
mp-971662,0.25
mp-973053,0.3
mp-974452,0.48
mp-976799,0.37
mp-981215,0.34
mp-989513,0.3
mp-998965,0.39
mp-1019138,0.29
mp-1025280,0.26
mp-1029466,0.21
mp-10371,0.3
mp-10750,0.24
mp-12701,0.27
mp-12981,1.02
mp-131,0.34
mp-1334,0.28
mp-17695,0.21
mp-20754,0.26
mp-20897,0.29
mp-20924,0.29
mp-21139,-0.06
mp-21149,0.27
mp-2306,0.22
mp-2658,0.27
mp-27849,0.27
mp-2841,1.05
mp-30042,0.33
mp-30234,0.31
mp-30773,0.35
mp-3292,0.25
mp-5558,0.32
mp-556264,0.21
mp-582028,0.33
mp-631294,0.6
mp-631411,0.38
mp-676861,0.25
mp-714969,0.26
mp-755483,0.28
mp-862677,0.33
mp-865039,0.4
mp-865185,0.25
mp-865231,0.27
mp-865298,0.45
mp-865993,0.35
mp-866153,0.51
mp-867701,0.3
mp-90,0.29
mp-9755,0.33
mp-977310,0.43
mp-989579,0.28
mp-998899,0.53
mp-1007776,0.02
mp-1022724,0.26
mp-1048,0.38
mp-10756,0.48
mp-11180,0.32
mp-12007,0.3
mp-1246,0.61
mp-12777,0.34
mp-13137,0.22
mp-13154,0.3
mp-13164,0.31
mp-1361,0.28
mp-13962,0.22
mp-14983,0.21
mp-15619,0.21
mp-1597,0.31
mp-16740,0.32
mp-17659,0.35
mp-17856,0.26
mp-19357,0.27
mp-19929,0.33
mp-19934,0.34
mp-23488,0.28
mp-28938,0.25
mp-350,0.27
mp-3536,0.27
mp-387,0.27
mp-4007,0.26
mp-4474,0.24
mp-452,0.21
mp-4938,0.26
mp-541047,0.45
mp-568066,0.25
mp-631508,1.63
mp-646507,0.3
mp-6919,0.3
mp-697038,0.27
mp-753326,0.38
mp-8176,0.35
mp-862264,0.34
mp-865081,0.37
mp-865179,0.29
mp-865432,0.33
mp-865800,0.25
mp-909,0.25
mp-973554,-0.12
mp-973835,0.49
mp-1002122,0.47
mp-1007881,0.24
mp-1008489,0.58
mp-1009755,0.12
mp-1009835,0.41
mp-1025288,0.23
mp-1029359,0.19
mp-10455,0.24
mp-10695,0.29
mp-1090,0.25
mp-10908,0.37
mp-1220,0.16
mp-12561,0.21
mp-1907,0.21
mp-20318,0.27
mp-20551,0.36
mp-20930,0.36
mp-21076,0.33
mp-21143,0.42
mp-21469,0.32
mp-2186,0.31
mp-22464,0.19
mp-2260,0.3
mp-22689,0.48
mp-23102,0.28
mp-23485,0.29
mp-2674,0.3
mp-2725,0.29
mp-28592,0.23
mp-2903,0.22
mp-2924,0.29
mp-2967,0.26
mp-30336,0.23
mp-30453,0.3
mp-31173,0.37
mp-3671,0.26
mp-4887,0.31
mp-554678,0.3
mp-556242,0.33
mp-571292,0.85
mp-644693,0.94
mp-669347,0.34
mp-676058,0.28
mp-7114,0.4
mp-754825,0.22
mp-7592,0.5
mp-760375,0.28
mp-862372,0.32
mp-8636,0.72
mp-865048,0.3
mp-865534,0.06
mp-978291,0.16
mp-989576,0.37
mp-1007637,0.2
mp-1017546,0.31
mp-1017582,0.21
mp-1025075,0.29
mp-1025224,0.22
mp-1025281,0.27
mp-11294,0.27
mp-11620,-0.11
mp-1256,0.21
mp-12783,0.25
mp-18928,0.31
mp-23907,0.5
mp-28163,0.34
mp-29026,0.33
mp-29754,0.28
mp-3022,0.48
mp-30999,0.26
mp-31038,0.24
mp-31468,0.26
mp-372,0.3
mp-3726,0.34
mp-3758,0.24
mp-4997,0.23
mp-538,0.28
mp-5387,0.33
mp-546200,0.25
mp-553243,0.27
mp-568018,0.28
mp-568630,0.38
mp-568848,0.25
mp-570832,0.31
mp-573755,0.35
mp-7090,0.26
mp-7439,0.31
mp-752685,0.32
mp-8557,0.31
mp-861619,0.71
mp-862878,0.66
mp-865210,0.25
mp-865316,0.36
mp-865577,0.3
mp-865840,0.28
mp-867272,0.3
mp-8976,0.24
mp-973465,0.29
mp-974938,-2.95
mp-979419,0.25
mp-998949,0.46
mp-998988,0.38
mvc-3525,0.29
mp-1008490,0.49
mp-1009222,0.19
mp-1017,0.32
mp-11534,0.23
mp-1253,0.25
mp-12769,0.36
mp-13190,0.28
mp-1754,0.29
mp-20459,0.24
mp-20820,0.37
mp-20864,0.6
mp-21035,0.19
mp-21186,0.52
mp-2199,0.31
mp-2267,0.15
mp-22897,0.31
mp-2696,0.3
mp-27335,0.27
mp-27747,0.23
mp-29678,0.38
mp-30418,0.42
mp-30530,0.43
mp-3216,0.17
mp-3437,0.24
mp-3736,0.33
mp-567996,0.27
mp-569931,0.21
mp-570409,0.18
mp-635,0.3
mp-675701,0.23
mp-677105,0.31
mp-6915,0.28
mp-761524,0.3
mp-862863,0.22
mp-862874,0.39
mp-863720,0.39
mp-864617,0.27
mp-864661,0.34
mp-865219,0.31
mp-865569,0.3
mp-866037,0.37
mp-867327,0.3
mp-867338,0.65
mp-867904,0.31
mp-9061,0.36
mp-975288,0.27
mp-977415,0.37
mp-979956,0.32
mp-9972,0.21
mp-9978,0.33
mp-999121,0.25
mp-1008523,0.09
mp-1016884,0.2
mp-1018024,0.27
mp-1027164,0.22
mp-1029385,0.2
mp-10311,0.29
mp-10669,0.24
mp-10782,0.22
mp-11190,0.17
mp-12107,0.29
mp-1601,0.39
mp-1719,0.25
mp-20512,0.21
mp-22275,0.33
mp-22447,0.28
mp-27243,0.27
mp-30753,0.34
mp-31503,0.25
mp-542429,0.32
mp-567347,0.25
mp-6058,-0.05
mp-625136,0.29
mp-754401,0.29
mp-758594,0.29
mp-7600,0.26
mp-776475,0.25
mp-7909,0.24
mp-924128,0.19
mp-9562,0.22
mp-973684,0.58
mp-983230,0.85
mp-1001790,0.26
mp-1005693,0.36
mp-1009087,0.19
mp-1016836,0.43
mp-1021431,0.29
mp-1038767,0.33
mp-10856,0.22
mp-109,0.26
mp-11256,0.34
mp-11560,0.28
mp-12059,0.22
mp-14105,0.35
mp-15788,0.26
mp-1609,0.33
mp-20522,0.3
mp-2160,0.51
mp-2793,0.25
mp-30594,0.35
mp-3286,0.26
mp-395,0.18
mp-40204,0.35
mp-510380,0.22
mp-568349,0.28
mp-569708,0.3
mp-639659,0.34
mp-642855,0.45
mp-675283,-0.05
mp-710,0.22
mp-754976,0.07
mp-760400,0.22
mp-768342,0.29
mp-7940,0.24
mp-86,0.24
mp-865471,0.35
mp-865495,0.31
mp-865714,0.4
mp-8883,0.23
mp-9172,0.27
mp-941221,0.28
mp-971701,0.75
mp-972,0.19
mp-972309,0.33
mp-977012,0.33
mp-977112,0.24
mp-978085,0.38
mp-981376,0.32
mp-983566,1.05
mp-983567,0.26
mp-9926,0.23
mp-996983,0.38
mp-998861,1.21
mvc-15603,0.38
mp-10051,0.4
mp-1009832,0.34
mp-1016820,0.13
mp-1025134,0.36
mp-10670,0.21
mp-1174,0.26
mp-13915,0.38
mp-18345,0.29
mp-2589,0.23
mp-2733,0.2
mp-27974,0.32
mp-2839,0.35
mp-36699,0.31
mp-390,0.36
mp-4989,0.3
mp-505319,0.36
mp-540809,0.25
mp-5578,0.29
mp-562468,0.32
mp-567389,0.46
mp-570845,0.29
mp-574283,0.35
mp-676,0.29
mp-715482,0.28
mp-755264,0.21
mp-7615,-0.85
mp-762391,0.28
mp-862334,0.31
mp-862721,0.41
mp-862902,0.24
mp-863671,0.34
mp-864748,0.25
mp-865111,0.37
mp-865926,0.34
mp-866211,0.32
mp-9177,0.2
mp-961665,0.23
mp-974464,8.34
mp-977427,0.35
mp-979272,0.53
mp-980055,0.28
mp-996162,0.23
mp-996992,0.31
mp-10048,0.32
mp-10143,0.51
mp-1019086,0.09
mp-1025455,0.42
mp-1029730,0.3
mp-1039075,0.51
mp-10872,0.44
mp-10890,0.22
mp-12101,0.31
mp-12480,0.3
mp-1559,0.22
mp-16646,0.33
mp-20158,0.44
mp-20648,0.29
mp-23513,0.29
mp-239,0.26
mp-2809,0.27
mp-30247,0.2
mp-30427,0.25
mp-5176,0.28
mp-542112,0.37
mp-5475,0.22
mp-557,0.14
mp-558645,0.13
mp-5621,0.24
mp-571271,0.31
mp-613523,0.33
mp-760482,0.24
mp-761512,0.7
mp-7711,0.37
mp-774192,0.23
mp-850275,0.26
mp-862300,0.33
mp-862775,0.37
mp-864684,0.32
mp-864959,0.32
mp-865385,0.36
mp-867217,0.3
mp-867896,0.36
mp-935811,0.28
mp-973556,0.21
mp-974843,0.75
mp-987,0.37
mp-9925,0.17
mp-9953,0.26
mp-999130,0.32
mp-999259,0.23
mp-1018732,0.32
mp-10224,-4.87
mp-1025201,0.38
mp-1025286,0.35
mp-11249,0.34
mp-118,0.31
mp-12108,0.3
mp-13512,0.3
mp-15800,0.33
mp-16860,0.3
mp-17701,0.28
mp-182,0.26
mp-1890,0.24
mp-18969,0.52
mp-20033,0.34
mp-20194,0.32
mp-20740,0.28
mp-20757,0.26
mp-20832,0.24
mp-21031,0.49
mp-22440,0.27
mp-22913,0.37
mp-2318,0.33
mp-25372,0.27
mp-27562,0.33
mp-27834,0.29
mp-30495,0.31
mp-319,0.32
mp-480,0.32
mp-5159,0.48
mp-568705,0.36
mp-7387,0.33
mp-776264,0.23
mp-861908,0.35
mp-861966,0.41
mp-862981,0.29
mp-865022,0.28
mp-865364,0.32
mp-865536,0.36
mp-867198,1.14
mp-867872,0.43
mp-867921,0.36
mp-9339,0.26
mp-948,0.38
mp-9969,0.22
mp-997010,0.4
mp-1009504,0.09
mp-1017467,-0.11
mp-1022583,0.27
mp-1022728,0.35
mp-1023934,0.23
mp-10686,0.81
mp-11736,0.3
mp-12385,0.26
mp-13053,0.24
mp-13993,0.23
mp-1424,0.34
mp-183,0.07
mp-19147,0.27
mp-19359,0.24
mp-19821,0.32
mp-20944,0.29
mp-20994,0.29
mp-2121,0.17
mp-2273,0.38
mp-23085,0.34
mp-23208,0.26
mp-2699,0.23
mp-3000,0.29
mp-541937,0.28
mp-569051,0.22
mp-631322,0.46
mp-672661,0.39
mp-6963,0.34
mp-752602,0.31
mp-76,0.27
mp-8132,0.23
mp-8375,0.39
mp-862423,0.32
mp-864925,0.26
mp-864928,0.54
mp-972869,0.32
mp-973156,0.34
mp-973199,0.46
mp-982008,0.5
mp-998866,0.29
mp-1007908,0.26
mp-10086,0.28
mp-1009657,0.3
mp-1011376,0.48
mp-1025271,0.34
mp-1025322,0.25
mp-1029037,0.21
mp-1029868,0.3
mp-1039019,0.28
mp-10676,0.21
mp-11267,0.4
mp-11537,0.28
mp-11557,0.35
mp-1341,0.35
mp-14568,0.28
mp-20430,0.43
mp-21003,0.25
mp-21342,0.44
mp-2136,0.11
mp-2137,0.3
mp-2627,0.22
mp-2947,0.29
mp-30491,0.38
mp-3731,0.26
mp-567612,0.37
mp-5878,0.29
mp-613327,0.27
mp-631428,0.64
mp-674478,0.38
mp-753982,0.29
mp-756018,0.28
mp-862996,0.31
mp-864950,0.3
mp-865928,0.33
mp-867773,0.3
mp-961646,0.35
mp-974061,0.23
mp-976334,0.28
mp-981250,0.43
mp-999287,0.28
mvc-11226,0.49
mp-1009496,0.53
mp-1018009,0.19
mp-1018164,0.46
mp-1025323,0.3
mp-11750,0.22
mp-11755,0.26
mp-12661,0.74
mp-15316,0.27
mp-196,0.23
mp-20422,0.27
mp-21194,0.27
mp-21286,0.31
mp-22072,0.02
mp-2237,0.35
mp-23084,0.32
mp-23263,0.28
mp-24719,0.35
mp-25886,0.22
mp-2741,0.28
mp-305,0.29
mp-31152,0.37
mp-31383,0.28
mp-34139,0.34
mp-34993,0.18
mp-3654,0.26
mp-4142,0.42
mp-510624,0.24
mp-544,0.46
mp-568806,0.17
mp-570460,0.37
mp-570752,0.54
mp-571279,0.22
mp-574235,0.33
mp-5839,0.24
mp-605028,0.3
mp-643273,0.35
mp-676290,0.27
mp-7470,0.32
mp-838,0.5
mp-864837,0.35
mp-864931,0.29
mp-865681,0.27
mp-866187,0.36
mp-867119,0.41
mp-8697,0.29
mp-962062,0.47
mp-972036,0.39
mp-978533,0.53
mp-9968,0.23
mp-10060,0.47
mp-10175,0.26
mp-1018103,0.39
mp-1025229,0.27
mp-10897,0.28
mp-11809,0.2
mp-13322,0.29
mp-13447,0.3
mp-13535,0.35
mp-16753,0.22
mp-1909,0.28
mp-19424,0.32
mp-20290,0.2
mp-2311,0.26
mp-2422,0.22
mp-2852,0.15
mp-30878,0.35
mp-4238,0.3
mp-555280,0.3
mp-569247,0.29
mp-570014,0.34
mp-570303,0.34
mp-5862,0.31
mp-6959,0.25
mp-6961,0.38
mp-7073,0.44
mp-8639,0.25
mp-864909,0.32
mp-865779,0.3
mp-866134,0.3
mp-8670,0.25
mp-961693,0.32
mp-9716,0.32
mp-973689,0.22
mp-977401,0.27
mp-980034,0.66
mp-995,0.31
mp-998987,0.36
mp-999086,0.29
mp-1014460,0.1
mp-1025180,0.23
mp-1025524,-0.07
mp-1127,0.31
mp-11541,0.3
mp-1275,0.28
mp-13946,0.3
mp-13948,0.31
mp-18782,0.23
mp-19312,0.28
mp-19399,0.27
mp-1956,0.22
mp-19948,0.86
mp-20181,0.25
mp-20664,0.36
mp-20766,0.26
mp-20900,0.38
mp-2211,0.31
mp-22351,0.26
mp-22412,0.2
mp-22873,0.27
mp-249,0.24
mp-2600,0.31
mp-27182,0.35
mp-30578,0.42
mp-30586,0.33
mp-3241,0.26
mp-5149,0.3
mp-560956,0.26
mp-560976,0.27
mp-570670,0.39
mp-644500,0.3
mp-676540,0.3
mp-74,0.26
mp-7430,0.28
mp-753260,0.41
mp-755293,0.2
mp-7949,0.41
mp-861651,0.49
mp-862717,0.34
mp-862743,0.44
mp-864877,0.3
mp-864893,0.38
mp-864926,0.38
mp-9023,0.26
mp-975368,0.43
mp-978009,0.36
mp-978798,0.38
mp-978862,0.32
mp-980947,0.36
mp-984051,-0.29
mp-985300,0.26
mp-989532,-0.11
mp-989538,0.35
mvc-15387,0.31
mvc-3245,-0.1
mp-1013540,0.25
mp-1017544,0.33
mp-1025448,0.36
mp-10778,0.25
mp-11667,0.21
mp-11959,0.29
mp-1224,0.32
mp-1377,0.25
mp-151,0.47
mp-16334,0.3
mp-1646,0.31
mp-19983,0.28
mp-20155,0.27
mp-2053,0.3
mp-20563,0.28
mp-22866,0.25
mp-2337,0.3
mp-2532,0.35
mp-2747,0.3
mp-30069,0.42
mp-3264,0.37
mp-353,0.5
mp-567703,0.3
mp-567724,0.34
mp-569426,0.31
mp-570196,0.3
mp-609151,0.33
mp-644504,0.35
mp-673635,0.3
mp-6912,0.36
mp-705519,0.29
mp-7237,0.16
mp-753605,0.24
mp-862983,0.27
mp-864902,0.31
mp-864922,0.41
mp-865360,0.37
mp-865486,0.34
mp-865845,0.3
mp-867769,0.32
mp-961650,4.94
mp-972877,0.31
mp-974426,0.51
mp-982385,0.25
mp-996940,0.31
mp-1002229,0.74
mp-1006887,0.36
mp-1021666,0.58
mp-1025262,0.26
mp-10264,0.3
mp-1038972,0.22
mp-11278,0.24
mp-12266,0.31
mp-13545,0.36
mp-1671,-12.63
mp-1695,0.28
mp-18906,0.2
mp-20372,0.27
mp-20822,0.26
mp-2091,0.19
mp-21067,0.31
mp-21862,0.35
mp-23046,0.33
mp-23179,0.36
mp-303,0.26
mp-3094,0.26
mp-310,0.62
mp-31624,0.26
mp-545788,0.29
mp-551886,0.25
mp-554405,0.3
mp-567480,0.4
mp-567705,0.2
mp-567907,0.25
mp-571096,0.2
mp-571665,0.49
mp-631374,31.34
mp-631387,0.49
mp-642644,0.38
mp-644280,0.33
mp-675120,0.29
mp-761873,0.36
mp-862786,0.34
mp-865469,0.31
mp-865898,0.3
mp-866128,0.23
mp-866194,0.31
mp-976976,0.36
mp-977181,0.44
mp-984552,0.81
mp-984876,0.32
mp-989536,-0.75
mp-997005,0.36
mp-1009663,0.59
mp-1019280,0.36
mp-10413,0.44
mp-10622,0.23
mp-19062,0.26
mp-20191,0.29
mp-2031,0.15
mp-21197,0.27
mp-21474,0.26
mp-2247,0.37
mp-2701,0.25
mp-29763,0.5
mp-31457,0.35
mp-4366,0.3
mp-4478,0.39
mp-567505,0.16
mp-567912,0.35
mp-570689,0.34
mp-625397,0.34
mp-636331,0.36
mp-6870,0.21
mp-690535,0.26
mp-696752,0.24
mp-753081,0.33
mp-753371,0.42
mp-754150,0.33
mp-7544,0.28
mp-8397,0.45
mp-862257,0.3
mp-865355,0.41
mp-865738,0.43
mp-866002,0.32
mp-866203,0.32
mp-975200,0.84
mp-975296,0.45
mp-979984,0.35
mp-980063,0.27
mp-989530,0.3
mp-989605,0.31
mp-997181,0.28
mp-1018119,0.93
mp-1018641,0.2
mp-1025309,0.25
mp-12620,0.27
mp-13134,0.43
mp-13944,0.13
mp-1395,0.36
mp-1459,0.21
mp-19,0.22
mp-19181,0.28
mp-20040,0.53
mp-20497,0.28
mp-20663,0.23
mp-20821,0.21
mp-20950,0.38
mp-23330,0.27
mp-2648,0.25
mp-27409,0.4
mp-2976,0.57
mp-30392,0.29
mp-3805,0.24
mp-3839,0.28
mp-3881,0.32
mp-504825,-0.11
mp-505820,0.28
mp-546279,0.24
mp-552028,0.31
mp-557403,0.3
mp-559939,0.32
mp-570687,0.42
mp-585,0.23
mp-5971,0.35
mp-631547,6.67
mp-684969,0.22
mp-7427,0.27
mp-7574,0.23
mp-7701,0.69
mp-7779,0.33
mp-8399,0.04
mp-863668,0.35
mp-864775,0.41
mp-866022,0.38
mp-866224,0.36
mp-867146,0.3
mp-961687,0.26
mp-972310,0.36
mp-977110,0.12
mp-978095,0.34
mp-979968,0.26
mp-999378,0.9
mp-10036,0.28
mp-1006884,1.45
mp-1009582,0.46
mp-1018072,0.26
mp-1025136,0.21
mp-12550,0.32
mp-13503,0.25
mp-15684,0.3
mp-15821,0.17
mp-16320,-3.58
mp-19717,0.25
mp-22240,0.22
mp-22441,0.26
mp-22739,0.27
mp-2432,0.24
mp-27226,0.26
mp-2735,0.49
mp-30787,0.3
mp-30835,0.34
mp-31297,0.35
mp-510374,0.06
mp-571386,0.48
mp-644229,0.16
mp-677335,0.2
mp-715,0.28
mp-7225,0.27
mp-7709,0.35
mp-772099,0.33
mp-849459,0.23
mp-861483,0.38
mp-861918,0.35
mp-862561,0.26
mp-862767,0.29
mp-863713,0.38
mp-864741,0.34
mp-865118,0.36
mp-865804,0.91
mp-866298,0.28
mp-867114,0.33
mp-8871,0.3
mp-937760,0.2
mp-9391,0.25
mp-971951,0.45
mp-973606,0.36
mp-973613,0.44
mp-973894,0.29
mp-975394,0.5
mp-976181,0.14
mp-976818,0.35
mp-978268,0.37
mp-979011,0.26
mp-985782,0.26
mp-9920,0.25
mp-999145,0.34
mp-1014219,0.31
mp-1016821,0.22
mp-1016928,0.21
mp-1025565,0.32
mp-1031,0.29
mp-1039229,0.64
mp-11649,0.2
mp-15697,0.18
mp-1664,0.33
mp-20012,0.27
mp-21098,0.42
mp-2333,0.31
mp-238,0.33
mp-24084,0.19
mp-27465,0.17
mp-28952,0.31
mp-30338,0.23
mp-3277,0.16
mp-3889,0.32
mp-436,0.36
mp-568293,0.27
mp-7363,0.31
mp-754628,0.4
mp-756361,0.33
mp-7921,0.17
mp-862899,0.32
mp-864988,0.28
mp-865131,0.39
mp-971753,0.55
mp-975138,0.23
mp-979,0.24
mp-9828,0.31
mp-989564,0.3
mp-999264,0.3
mvc-2597,0.42
mp-1002165,0.23
mp-1007691,0.36
mp-10797,0.3
mp-11482,0.27
mp-11504,0.3
mp-12065,0.37
mp-1235,0.34
mp-12537,0.19
mp-12736,0.4
mp-13132,0.64
mp-1514,0.12
mp-20351,0.28
mp-21865,0.62
mp-22508,0.26
mp-22700,0.22
mp-22980,0.26
mp-24289,0.4
mp-28024,0.33
mp-31453,0.38
mp-3166,0.28
mp-33032,0.35
mp-41283,1.99
mp-4374,0.44
mp-4955,0.28
mp-541431,0.29
mp-552802,0.29
mp-567574,0.22
mp-571147,0.31
mp-572758,0.21
mp-613162,0.3
mp-631452,0.51
mp-632319,0.31
mp-675287,0.47
mp-696166,0.34
mp-6968,0.32
mp-754779,0.28
mp-756784,0.28
mp-764744,-0.05
mp-765195,0.21
mp-768305,0.26
mp-773525,0.33
mp-7770,0.24
mp-8177,0.42
mp-862700,0.28
mp-864669,0.36
mp-865735,0.14
mp-866003,0.24
mp-867918,0.44
mp-8873,0.17
mp-9125,0.3
mp-972657,0.44
mp-972839,0.64
mp-977107,0.35
mp-978995,0.36
mp-983559,0.22
mp-9947,0.16
mvc-3224,-0.35
mp-10128,0.33
mp-1018149,0.33
mp-12073,0.24
mp-13097,0.27
mp-13816,0.32
mp-162,0.25
mp-16648,0.24
mp-16718,0.24
mp-1705,0.25
mp-21883,0.27
mp-23036,0.53
mp-23176,0.27
mp-27821,0.25
mp-28017,0.26
mp-29362,0.27
mp-33683,0.35
mp-3999,2.82
mp-568286,0.19
mp-569446,0.31
mp-569815,0.25
mp-7467,0.31
mp-8046,0.25
mp-8446,0.29
mp-862698,0.38
mp-864668,0.39
mp-865191,0.31
mp-879,0.3
mp-8881,0.26
mp-961681,0.66
mp-961701,0.67
mp-973736,0.38
mp-974972,0.43
mp-979430,0.36
mp-983154,0.36
mp-9934,0.22
mp-1007854,0.55
mp-1008223,0.57
mp-1008809,0.4
mp-1014993,0.33
mp-1016828,0.52
mp-1018636,0.36
mp-1019317,0.17
mp-1022726,0.23
mp-11230,0.27
mp-11248,0.39
mp-11345,0.25
mp-12979,0.32
mp-13161,0.65
mp-1320,0.36
mp-1356,0.35
mp-1867,0.33
mp-19923,0.28
mp-20147,0.24
mp-20278,0.97
mp-2097,0.24
mp-21023,0.21
mp-2614,0.19
mp-27544,0.29
mp-28753,0.22
mp-29973,0.23
mp-30498,0.31
mp-30745,0.27
mp-30808,0.28
mp-30882,0.25
mp-5456,0.27
mp-559598,0.34
mp-569601,0.26
mp-571350,0.32
mp-624668,0.26
mp-631305,0.4
mp-6953,0.26
mp-861961,0.31
mp-862259,0.24
mp-862339,0.29
mp-867171,0.23
mp-867923,1.0
mp-971647,0.24
mp-976405,0.27
mp-989516,0.36
mp-989560,0.33
mp-1008524,0.4
mp-1009230,-10.28
mp-1016840,0.35
mp-10225,0.16
mp-1025449,0.36
mp-1029726,0.21
mp-11411,0.26
mp-11457,0.43
mp-1555,0.31
mp-1734,0.24
mp-18707,0.33
mp-18765,0.58
mp-19326,0.23
mp-20363,0.38
mp-20503,0.38
mp-21,4.92
mp-22227,0.26
mp-22784,0.32
mp-2293,0.39
mp-23041,0.29
mp-24291,0.52
mp-28066,0.18
mp-28843,0.3
mp-30355,0.28
mp-30366,0.32
mp-31187,0.26
mp-3747,0.19
mp-552992,0.27
mp-556320,0.38
mp-570632,0.28
mp-631573,0.49
mp-636368,0.23
mp-754158,0.25
mp-767,0.09
mp-8096,0.46
mp-861666,0.33
mp-862600,0.28
mp-8628,0.27
mp-865110,0.28
mp-865696,0.35
mp-865739,0.35
mp-865868,0.35
mp-865896,0.32
mp-866006,0.39
mp-867121,0.32
mp-867768,0.76
mp-867857,1.0
mp-980014,0.21
mp-985588,0.59
mp-996975,0.43
mp-999317,0.25
mvc-7194,0.31
mp-1017627,0.2
mp-1018157,0.35
mp-10186,0.28
mp-1018627,0.59
mp-1025156,0.27
mp-1025350,-4.82
mp-11464,0.36
mp-1232,0.36
mp-13079,0.23
mp-14038,0.38
mp-16236,0.29
mp-22116,0.29
mp-22350,0.45
mp-22390,0.31
mp-22787,0.28
mp-2281,0.25
mp-27438,0.25
mp-30726,0.36
mp-31411,0.2
mp-32669,0.33
mp-3378,0.26
mp-35785,0.34
mp-4126,0.28
mp-546973,0.24
mp-549706,0.32
mp-556646,0.38
mp-558378,0.35
mp-5671,0.27
mp-570553,0.18
mp-582,0.37
mp-625150,0.24
mp-782,0.32
mp-8622,0.29
mp-862375,0.38
mp-862445,0.28
mp-864796,0.3
mp-864835,0.4
mp-866138,0.27
mp-867812,0.65
mp-8937,0.16
mp-9473,0.29
mp-972504,0.24
mp-974940,0.52
mp-975179,0.44
mp-975530,0.76
mp-976884,0.48
mp-977463,0.31
mp-978261,0.21
mp-9898,0.24
mp-998897,0.06
mp-1009207,0.75
mp-1009837,0.57
mp-10200,0.17
mp-1029368,0.31
mp-10898,0.31
mp-1569,0.08
mp-15820,0.16
mp-19083,0.27
mp-19241,0.37
mp-20424,0.26
mp-2286,0.19
mp-23080,0.24
mp-233,0.37
mp-24668,0.33
mp-2564,0.26
mp-28273,0.3
mp-29658,0.31
mp-30364,0.41
mp-3307,0.32
mp-409,0.29
mp-4681,0.25
mp-4785,0.28
mp-550306,0.27
mp-567354,0.28
mp-568404,0.17
mp-570691,0.34
mp-632219,1.59
mp-640024,0.33
mp-6624,0.24
mp-675324,0.37
mp-7463,0.35
mp-762454,0.08
mp-8256,0.23
mp-85,0.43
mp-862370,0.32
mp-862715,0.3
mp-865604,0.31
mp-865607,0.42
mp-865790,0.44
mp-866284,0.27
mp-972455,0.38
mp-980192,0.4
mp-980537,0.37
mp-981375,0.27
mp-989573,0.3
mvc-14334,0.08
mvc-5096,-0.08
mp-1002210,1.88
mp-1016659,0.78
mp-10453,0.3
mp-11397,0.28
mp-1501,0.36
mp-1819,0.22
mp-19906,0.31
mp-19988,0.2
mp-20566,0.41
mp-20679,0.34
mp-20787,0.29
mp-21020,0.31
mp-2105,0.23
mp-22287,0.32
mp-22377,1.61
mp-22868,0.37
mp-2351,0.31
mp-2435,0.38
mp-2556,0.63
mp-2731,0.2
mp-27679,0.28
mp-28254,0.27
mp-28665,0.28
mp-29015,0.32
mp-2918,0.36
mp-30434,0.22
mp-30551,0.31
mp-30725,0.3
mp-31186,-3.43
mp-3402,0.15
mp-3504,0.42
mp-3614,0.23
mp-4524,0.23
mp-4711,0.29
mp-4753,0.24
mp-4771,0.3
mp-4852,0.34
mp-504708,0.33
mp-505781,0.44
mp-569668,0.19
mp-569685,1.65
mp-583030,0.42
mp-602,0.18
mp-741,0.32
mp-752881,0.33
mp-775935,0.33
mp-8001,0.21
mp-862912,0.51
mp-862928,0.4
mp-976260,0.28
mp-977443,0.32
mp-978256,0.37
mp-978265,0.28
mp-998414,0.38
mp-999068,0.36
mp-1008677,0.35
mp-1009822,0.22
mp-1018685,0.23
mp-1025010,0.17
mp-11358,0.19
mp-11472,0.29
mp-144,0.23
mp-1490,0.44
mp-1595,0.34
mp-18908,0.3
mp-18939,0.45
mp-18963,0.2
mp-2156,0.19
mp-2343,0.24
mp-23702,0.23
mp-2423,0.59
mp-24726,0.43
mp-2811,0.25
mp-4014,0.2
mp-4835,0.26
mp-5246,0.25
mp-540924,0.43
mp-540957,0.28
mp-561367,0.34
mp-569007,0.43
mp-569794,0.36
mp-570558,0.31
mp-7105,0.5
mp-7188,0.2
mp-7285,0.3
mp-752843,0.13
mp-755175,0.23
mp-771,0.26
mp-776150,0.34
mp-8418,0.25
mp-8635,0.35
mp-865001,0.3
mp-865082,0.39
mp-865847,0.33
mp-865876,0.31
mp-961675,0.18
mp-972827,0.3
mp-979013,0.45
mp-999388,0.31
mp-1018057,0.26
mp-1018059,0.14
mp-1018709,0.21
mp-11593,0.28
mp-1169,0.28
mp-13459,0.28
mp-13900,0.39
mp-1688,0.22
mp-17481,0.28
mp-17862,0.27
mp-20206,0.25
mp-2051,0.42
mp-20533,0.28
mp-23922,0.33
mp-343,0.22
mp-3992,0.28
mp-4346,0.29
mp-4382,0.29
mp-4867,0.32
mp-504729,0.32
mp-5239,0.26
mp-5443,0.29
mp-545467,0.25
mp-550111,0.28
mp-561751,0.24
mp-570591,0.46
mp-570751,0.28
mp-618309,0.32
mp-646,0.32
mp-6979,0.25
mp-861501,0.44
mp-862820,0.27
mp-862870,0.32
mp-862969,0.29
mp-863716,0.37
mp-865382,0.32
mp-865592,0.34
mp-867840,0.31
mp-972822,0.31
mp-973141,0.35
mp-977353,0.31
mp-9812,0.32
mp-998201,0.33
mp-999318,0.35
mvc-6281,0.21
mp-1018097,0.24
mp-1019324,0.33
mp-10373,0.25
mp-1046,0.28
mp-10746,0.23
mp-11947,0.33
mp-12623,0.37
mp-15778,0.29
mp-1837,0.32
mp-19308,0.24
mp-19318,0.47
mp-2150,0.27
mp-22922,0.42
mp-2370,0.32
mp-2495,0.32
mp-510311,0.23
mp-556953,0.21
mp-5676,0.38
mp-567925,0.34
mp-569265,0.35
mp-604496,0.25
mp-6985,0.37
mp-7086,0.33
mp-723,0.3
mp-755300,0.39
mp-864971,0.31
mp-865155,0.27
mp-865216,0.33
mp-865232,0.5
mp-865502,0.43
mp-865520,0.39
mp-865554,0.3
mp-865679,0.56
mp-865713,0.21
mp-865895,0.33
mp-867271,0.23
mp-8973,0.24
mp-978552,0.31
mp-981252,0.22
mp-999485,0.42
mp-999540,0.38
mp-10058,0.26
mp-1025396,0.1
mp-1025500,0.31
mp-103,0.28
mp-1069,0.21
mp-11228,0.26
mp-12103,0.34
mp-12906,0.24
mp-15297,0.26
mp-20315,0.2
mp-20465,0.3
mp-20484,0.59
mp-23054,0.3
mp-23954,0.24
mp-2548,-1.15
mp-2567,0.33
mp-29659,0.37
mp-31451,0.27
mp-3721,0.25
mp-38695,0.24
mp-4305,0.22
mp-4678,0.23
mp-505368,0.28
mp-542103,0.33
mp-5486,0.26
mp-560037,0.29
mp-567769,0.33
mp-571262,0.32
mp-625094,0.34
mp-642822,0.47
mp-672234,1.29
mp-684580,0.39
mp-756597,0.26
mp-770690,0.32
mp-8094,0.25
mp-8454,0.19
mp-861499,0.36
mp-862984,0.19
mp-864756,0.27
mp-864977,0.34
mp-865156,0.24
mp-867351,0.3
mp-949,0.29
mp-975049,0.39
mp-9771,0.33
mp-978294,0.22
mp-978973,0.36
mp-979712,0.31
mp-980646,0.31
mp-982870,0.23
mp-983578,0.13
mp-998969,3.61
mp-998981,0.23
mp-1013525,0.24
mp-1018643,0.46
mp-1019055,0.23
mp-1019551,0.24
mp-1025030,0.33
mp-1025069,0.27
mp-1025181,0.3
mp-10848,0.34
mp-11209,0.32
mp-1147,0.31
mp-11487,0.31
mp-13172,0.3
mp-14797,0.29
mp-15053,0.33
mp-15226,0.27
mp-17,0.3
mp-22712,0.38
mp-22865,0.28
mp-2385,0.35
mp-2634,0.23
mp-2824,0.35
mp-30245,0.23
mp-30342,0.39
mp-30789,0.41
mp-34857,0.34
mp-561033,0.35
mp-568867,0.43
mp-569450,0.14
mp-600089,0.26
mp-611426,0.07
mp-636698,8.27
mp-7739,0.32
mp-862324,0.32
mp-863686,0.36
mp-864651,0.32
mp-864974,0.35
mp-865218,0.24
mp-865473,0.28
mp-867218,0.38
mp-867349,0.32
mp-890,0.31
mp-961698,0.28
mp-965,0.16
mp-971631,0.31
mp-971803,0.85
mp-972912,0.24
mp-973528,0.34
mp-975649,0.98
mp-976076,0.38
mp-9776,0.25
mp-979270,0.36
mp-980204,0.69
mp-983459,0.32
mp-999047,0.49
mp-999083,0.1
mp-999543,0.01
mp-1017549,0.2
mp-10182,0.19
mp-1030827,0.21
mp-10446,0.32
mp-10651,0.22
mp-1097,0.18
mp-12983,1.08
mp-13099,0.35
mp-1641,0.23
mp-16565,0.33
mp-1698,0.28
mp-19060,0.24
mp-20034,0.21
mp-20263,0.35
mp-2480,0.23
mp-30598,0.28
mp-3657,0.31
mp-467,0.35
mp-527,0.27
mp-542496,0.34
mp-569523,0.29
mp-5787,0.3
mp-631482,0.4
mp-640889,0.27
mp-6867,0.25
mp-7262,0.26
mp-8237,0.29
mp-865426,0.32
mp-865484,0.31
mp-866077,0.27
mp-867118,0.35
mp-867356,0.25
mp-972810,0.34
mp-979293,0.43
mp-989583,0.47
mp-1001012,0.29
mp-1008472,0.61
mp-10092,0.34
mp-11285,0.3
mp-11572,0.28
mp-19025,0.28
mp-1929,0.24
mp-20595,0.23
mp-22882,0.26
mp-22909,0.21
mp-23292,0.26
mp-29898,0.32
mp-30227,0.31
mp-34688,0.36
mp-5152,0.31
mp-5538,0.39
mp-568880,0.38
mp-570301,0.39
mp-571203,0.3
mp-571566,0.16
mp-594,0.44
mp-631399,1.17
mp-631563,0.85
mp-6408,0.29
mp-643063,0.24
mp-7405,0.25
mp-7667,0.19
mp-767409,0.13
mp-862712,0.3
mp-973175,0.35
mp-973443,0.27
mp-973538,0.26
mp-978969,0.49
mp-999258,0.31
mp-1008922,0.36
mp-1009752,1.35
mp-1013712,0.28
mp-1016872,0.44
mp-1020019,0.22
mp-11233,0.24
mp-11511,0.46
mp-11807,0.31
mp-11816,0.14
mp-12908,0.36
mp-12910,0.27
mp-1604,0.37
mp-19322,-28.79
mp-20174,0.29
mp-21850,0.32
mp-22065,0.33
mp-23432,0.29
mp-2430,0.22
mp-27930,0.16
mp-29131,0.24
mp-505019,0.26
mp-554134,0.26
mp-554799,0.12
mp-564,0.4
mp-569391,0.7
mp-622980,0.23
mp-641526,0.29
mp-643945,0.32
mp-672229,0.48
mp-7,0.2
mp-7077,0.25
mp-7361,0.22
mp-755253,0.24
mp-806,0.32
mp-862798,0.32
mp-865522,0.38
mp-865747,0.2
mp-865920,0.25
mp-866087,0.31
mp-867735,0.25
mp-962071,0.01
mp-972601,0.29
mp-973142,0.38
mp-973935,0.26
mp-976047,0.54
mp-979263,0.4
mp-999303,1.1
mp-1025373,0.44
mp-104,0.23
mp-11449,0.37
mp-11607,0.25
mp-11696,0.27
mp-13171,0.34
mp-13276,0.18
mp-13610,0.15
mp-1400,0.32
mp-15608,0.24
mp-19889,0.26
mp-19971,0.44
mp-20684,0.37
mp-20849,0.35
mp-2090,0.29
mp-2225,0.15
mp-2507,0.24
mp-27505,0.27
mp-29725,0.29
mp-34611,0.71
mp-450,0.22
mp-517,0.19
mp-567214,0.35
mp-568747,0.31
mp-569779,0.3
mp-574,0.34
mp-7219,0.24
mp-7435,0.24
mp-754165,0.3
mp-754349,0.3
mp-756235,0.35
mp-861736,0.45
mp-862979,0.34
mp-8640,0.31
mp-865649,0.3
mp-866188,0.33
mp-867258,0.31
mp-8758,0.29
mp-975312,0.55
mp-975385,0.11
mp-976775,0.41
mp-977438,0.19
mp-979431,0.32
mp-999307,0.27
mvc-6615,0.34
mp-1008929,0.3
mp-10135,0.47
mp-1017508,0.23
mp-1017580,1.1
mp-1025056,0.28
mp-1025212,0.33
mp-1027,0.27
mp-1029826,0.2
mp-11263,0.31
mp-11431,0.3
mp-14091,0.35
mp-1727,0.21
mp-19749,0.37
mp-20192,0.27
mp-218,0.32
mp-22375,0.37
mp-22619,0.22
mp-23013,0.24
mp-2455,0.21
mp-30147,0.28
mp-31703,0.17
mp-3802,0.24
mp-5491,0.44
mp-553939,0.32
mp-632311,0.36
mp-644223,0.27
mp-672259,0.35
mp-7131,0.24
mp-7547,0.33
mp-774146,0.29
mp-7955,0.17
mp-866031,0.27
mp-867186,0.33
mp-867422,0.4
mp-867932,0.2
mp-961695,0.32
mp-977176,0.36
mp-981383,0.52
mp-984754,0.26
mp-994,0.25
mp-998307,0.25
mp-999067,0.35
mp-1018060,0.33
mp-1025151,0.3
mp-11418,0.26
mp-11506,0.33
mp-1260,0.31
mp-13202,0.22
mp-1380,0.32
mp-1578,0.29
mp-1639,0.15
mp-1704,0.31
mp-18949,0.26
mp-1960,0.16
mp-19722,0.34
mp-1973,0.21
mp-2265,0.4
mp-23250,0.34
mp-2730,0.35
mp-27488,0.32
mp-27743,0.2
mp-28250,0.3
mp-28630,0.28
mp-29379,0.28
mp-30504,0.26
mp-3416,0.27
mp-3830,0.27
mp-4822,0.32
mp-571458,0.26
mp-674,0.35
mp-675334,0.2
mp-6962,0.28
mp-754515,0.22
mp-754718,0.35
mp-759541,0.36
mp-771986,0.25
mp-7829,0.28
mp-8275,0.34
mp-8615,0.26
mp-862319,0.35
mp-862831,0.36
mp-862888,0.27
mp-863696,0.32
mp-864626,0.41
mp-864633,0.37
mp-865126,0.52
mp-865940,0.57
mp-865989,0.26
mp-867277,0.22
mp-979425,0.31
mp-1017387,0.3
mp-1017553,0.29
mp-1018075,0.25
mp-1018096,0.28
mp-1018850,0.26
mp-1045,0.32
mp-11382,0.27
mp-11582,0.29
mp-12072,0.32
mp-12957,0.35
mp-13303,0.27
mp-14625,0.24
mp-1841,0.32
mp-18814,0.31
mp-2016,0.38
mp-20857,0.29
mp-20971,0.37
mp-21249,0.25
mp-27837,0.32
mp-29149,0.17
mp-29209,0.23
mp-3015,0.22
mp-30884,0.27
mp-3239,0.24
mp-32679,0.26
mp-5342,0.34
mp-554144,0.24
mp-570091,0.23
mp-672287,0.17
mp-697179,0.4
mp-715262,0.34
mp-8458,0.35
mp-934,0.28
mp-9523,0.29
mp-962066,-9.98
mp-975932,0.33
mp-984,0.21
mp-984554,0.55
mp-984714,0.35
mp-992,0.21
mp-999197,0.48
mp-1008395,0.11
mp-1009748,0.85
mp-1009828,0.45
mp-1018692,0.34
mp-1020118,0.2
mp-1025167,0.22
mp-10356,0.38
mp-11693,0.31
mp-11869,0.3
mp-1543,0.31
mp-16913,0.37
mp-20385,0.23
mp-20730,0.3
mp-21096,0.19
mp-21464,0.33
mp-21505,0.27
mp-21907,0.22
mp-22177,0.28
mp-22483,0.3
mp-22610,0.3
mp-23255,0.34
mp-24095,0.28
mp-2618,0.32
mp-28919,0.21
mp-30580,0.29
mp-30593,0.32
mp-31235,0.22
mp-35035,0.36
mp-363,0.2
mp-541013,0.24
mp-567305,0.18
mp-568673,0.27
mp-696746,0.19
mp-7506,0.25
mp-752735,0.46
mp-753098,0.3
mp-754538,0.33
mp-755453,0.23
mp-7876,0.19
mp-862813,0.34
mp-862895,0.33
mp-864890,0.34
mp-866066,0.19
mp-867835,0.27
mp-869,0.19
mp-974066,0.23
mp-975913,0.42
mp-976280,0.3
mp-979258,0.36
mp-983564,0.24
mp-984050,0.41
mp-985299,0.45
mp-997630,0.53
mp-10157,0.6
mp-1025261,0.32
mp-10624,0.36
mp-13683,0.24
mp-15964,0.31
mp-1776,0.33
mp-19358,0.29
mp-2078,0.3
mp-20866,0.28
mp-21141,0.29
mp-2151,0.29
mp-22271,0.26
mp-23260,0.33
mp-28230,0.33
mp-28270,0.35
mp-28599,0.23
mp-2880,0.29
mp-318,0.43
mp-3415,0.28
mp-4175,0.25
mp-4210,0.32
mp-4243,0.3
mp-4370,0.32
mp-4533,0.26
mp-4699,0.2
mp-504715,0.64
mp-5346,0.25
mp-5388,0.36
mp-540999,0.66
mp-546266,0.27
mp-556225,0.35
mp-558852,0.3
mp-561079,0.26
mp-567362,0.56
mp-568735,0.16
mp-569018,0.32
mp-581707,0.41
mp-6270,0.28
mp-7170,0.22
mp-733,0.21
mp-760408,0.28
mp-861947,0.26
mp-861979,0.28
mp-864799,0.27
mp-865162,0.32
mp-866133,0.36
mp-866171,0.4
mp-980191,0.24
mp-985828,0.37
mp-9930,0.31
mp-997051,0.56
mp-9989,0.26
mvc-16001,1.6
mp-1018081,0.18
mp-1018633,0.5
mp-1022553,0.3
mp-1023129,0.31
mp-10680,0.31
mp-11390,-0.01
mp-12005,0.2
mp-13160,0.21
mp-20474,0.33
mp-21455,0.25
mp-24081,0.28
mp-27677,0.32
mp-27725,0.18
mp-28283,0.27
mp-30207,0.27
mp-30251,0.4
mp-38818,0.18
mp-570491,0.31
mp-5795,0.21
mp-604884,0.21
mp-613989,0.31
mp-626785,0.35
mp-631390,0.56
mp-631441,0.19
mp-631442,0.53
mp-631571,0.19
mp-6493,0.27
mp-684597,0.3
mp-757031,0.29
mp-864771,0.33
mp-865796,0.34
mp-867242,0.25
mp-9550,0.24
mp-962063,0.37
mp-975658,0.26
mp-976236,0.32
mp-978276,0.27
mp-983358,0.27
mp-989651,0.21
mp-1009750,0.35
mp-1018040,0.23
mp-1018122,0.22
mp-1024963,0.34
mp-1159,0.38
mp-1170,0.21
mp-12605,0.28
mp-12961,0.39
mp-13138,0.34
mp-16246,0.41
mp-1958,0.25
mp-20214,0.26
mp-20555,0.54
mp-21276,0.26
mp-22003,0.37
mp-251,0.33
mp-30858,0.3
mp-35082,0.31
mp-35777,0.28
mp-561949,0.38
mp-567504,0.32
mp-570232,0.27
mp-665,0.22
mp-6668,0.25
mp-7251,0.26
mp-747,0.33
mp-754960,-0.28
mp-755219,0.35
mp-761390,0.29
mp-861946,0.24
mp-865076,0.41
mp-865859,0.28
mp-865935,0.26
mp-867285,0.32
mp-971682,0.28
mp-973300,0.27
mp-975065,0.3
mp-1008556,0.25
mp-1009596,0.53
mp-11571,0.4
mp-12360,0.34
mp-12814,0.32
mp-14815,0.26
mp-1674,0.33
mp-20525,0.31
mp-20716,0.45
mp-20729,0.47
mp-2384,0.27
mp-2393,0.37
mp-2593,0.29
mp-28722,0.24
mp-30585,0.34
mp-30661,0.41
mp-30819,0.31
mp-4196,0.22
mp-4198,0.42
mp-4250,0.31
mp-4653,0.25
mp-4854,0.24
mp-5014,0.33
mp-559976,0.22
mp-568430,0.36
mp-571428,0.3
mp-631339,0.21
mp-631754,0.37
mp-755323,0.29
mp-768368,0.1
mp-768572,0.22
mp-7931,0.25
mp-7986,0.15
mp-850978,0.27
mp-862841,0.34
mp-865195,0.33
mp-865206,0.34
mp-867846,0.31
mp-867895,0.31
mp-9146,0.41
mp-9289,0.23
mp-972494,0.28
mp-973060,0.32
mp-973974,0.42
mp-975299,0.45
mp-975321,0.45
mp-976025,0.01
mp-976412,0.34
mp-977439,0.38
mp-977555,0.5
mp-978823,0.28
mp-979417,0.32
mp-981385,0.19
mp-1003317,0.29
mp-1007853,0.33
mp-1008500,0.31
mp-1009014,0.37
mp-1009540,0.46
mp-1013708,0.34
mp-1016882,0.45
mp-1018115,-0.08
mp-1023213,0.59
mp-1025321,0.29
mp-1029293,0.32
mp-1029531,0.29
mp-1030,0.43
mp-10630,0.49
mp-10638,0.25
mp-1070,0.35
mp-1168,0.26
mp-1475,0.11
mp-15789,0.24
mp-15837,0.3
mp-1910,0.31
mp-19163,0.3
mp-19754,0.31
mp-20245,0.34
mp-20622,0.37
mp-22156,0.21
mp-22325,0.31
mp-22859,0.32
mp-28020,0.29
mp-30477,0.19
mp-30528,0.34
mp-30892,0.29
mp-3097,0.26
mp-31294,0.31
mp-4973,0.19
mp-554451,0.32
mp-555763,0.3
mp-558579,0.29
mp-559390,0.27
mp-568584,0.33
mp-570837,0.3
mp-625998,0.33
mp-669692,0.32
mp-676512,0.27
mp-7350,0.23
mp-7524,0.25
mp-7822,0.18
mp-7924,0.38
mp-8200,0.32
mp-8338,0.4
mp-8348,0.2
mp-850916,0.28
mp-862432,0.36
mp-862704,0.35
mp-867126,0.38
mp-867920,-0.27
mp-867922,0.28
mp-8922,0.31
mp-974799,0.19
mp-977572,0.3
mp-978509,0.4
mp-979935,0.29
mp-981548,0.35
mp-983229,0.36
mp-996987,0.28
mp-1005,0.24
mp-1008928,0.4
mp-1009264,0.34
mp-1018029,0.35
mp-13288,0.46
mp-14796,0.29
mp-15643,0.19
mp-16329,0.3
mp-1802,0.25
mp-19904,0.38
mp-20180,0.29
mp-21113,0.3
mp-21214,4.05
mp-2251,0.23
mp-2271,0.27
mp-22886,-3.09
mp-22901,0.39
mp-22919,0.35
mp-23697,4.0
mp-242,0.2
mp-2909,0.32
mp-30673,0.2
mp-30847,0.32
mp-3186,0.29
mp-32,0.19
mp-3605,0.31
mp-3804,0.21
mp-510430,0.2
mp-557753,0.29
mp-567929,0.28
mp-568424,0.31
mp-569364,0.09
mp-570690,0.16
mp-5924,0.24
mp-623,0.39
mp-631418,-7.79
mp-675104,0.3
mp-75,0.45
mp-775757,0.3
mp-861867,0.3
mp-861873,0.3
mp-864763,0.3
mp-9274,0.34
mp-933,0.22
mp-961655,0.5
mp-972244,0.26
mp-976159,0.33
mp-977434,0.3
mp-978304,0.24
mp-997617,0.23
mp-999395,0.36
mp-1008776,0.33
mp-1018068,0.55
mp-1029458,0.33
mp-11169,0.29
mp-11290,0.25
mp-11322,0.23
mp-15781,0.25
mp-15951,0.05
mp-16036,0.3
mp-1753,0.31
mp-19893,0.33
mp-2006,0.28
mp-22811,0.32
mp-2640,0.23
mp-30451,0.22
mp-3088,0.32
mp-31469,0.28
mp-33029,0.32
mp-3323,0.26
mp-3702,0.33
mp-546790,0.34
mp-558050,0.05
mp-568005,0.26
mp-6473,0.29
mp-6847,0.32
mp-773864,0.37
mp-8093,0.23
mp-862338,0.33
mp-862911,0.29
mp-865730,0.41
mp-867862,0.5
mp-9166,0.34
mp-922,0.32
mp-9472,0.36
mp-973738,-0.23
mp-978275,0.13
mp-978495,0.68
mp-978515,0.27
mp-978929,0.21
mp-978993,0.42
mp-985579,0.36
mp-10018,0.26
mp-1007918,0.4
mp-1013911,0.34
mp-1022721,-2.58
mp-1029396,0.33
mp-11489,0.36
mp-1272,0.34
mp-13149,0.19
mp-13474,0.18
mp-1409,0.28
mp-16238,0.3
mp-1857,0.27
mp-18946,0.29
mp-19069,0.37
mp-21765,0.38
mp-2280,0.32
mp-23251,0.35
mp-27198,0.31
mp-27227,0.38
mp-2768,0.25
mp-30774,0.33
mp-4025,0.2
mp-542435,0.23
mp-546633,0.42
mp-568269,0.25
mp-570122,0.27
mp-601820,0.28
mp-643009,0.22
mp-6560,0.26
mp-676011,0.3
mp-7477,0.25
mp-7573,0.24
mp-7599,0.18
mp-7863,0.2
mp-864978,0.31
mp-865170,0.67
mp-865630,5.91
mp-865869,0.35
mp-867317,0.34
mp-971,0.3
mp-974387,0.38
mp-975638,0.26
mp-976055,0.08
mp-977578,0.34
mp-978523,0.3
mp-979427,0.32
mp-996996,0.33
mp-999072,0.42
mp-1012640,0.25
mp-1025285,0.29
mp-11235,0.36
mp-12574,0.29
mp-1330,0.17
mp-13815,0.25
mp-139,0.26
mp-150,0.47
mp-1700,0.24
mp-1821,0.13
mp-1836,0.31
mp-20432,0.38
mp-22740,0.27
mp-22849,0.27
mp-2533,0.32
mp-2987,0.3
mp-30053,0.3
mp-30625,0.31
mp-30750,0.23
mp-31170,0.49
mp-463,0.26
mp-4784,0.3
mp-505005,0.31
mp-567787,0.42
mp-568596,0.42
mp-569679,0.22
mp-570904,0.35
mp-5929,0.26
mp-631562,0.99
mp-631567,0.7
mp-654812,0.3
mp-7228,0.27
mp-755298,0.28
mp-755480,0.4
mp-862728,0.36
mp-862943,0.36
mp-863652,0.36
mp-864622,0.37
mp-864991,1.03
mp-865163,0.36
mp-865878,0.32
mp-867879,0.34
mp-973847,0.3
mp-979936,0.24
mp-981200,0.52
mp-981390,0.67
mp-9830,0.28
mp-989592,0.26
mp-998552,0.23
mp-1008554,0.31
mp-1013582,0.27
mp-1018649,0.15
mp-1018664,0.34
mp-1025374,0.93
mp-11274,0.93
mp-11281,0.17
mp-13070,0.24
mp-16723,0.26
mp-19225,0.36
mp-22535,0.28
mp-29652,0.21
mp-3020,0.27
mp-30406,0.35
mp-30502,0.28
mp-30821,0.29
mp-35539,0.24
mp-5495,0.42
mp-559200,0.34
mp-569895,0.32
mp-582227,0.29
mp-631431,0.98
mp-6766,0.24
mp-6908,0.28
mp-754333,0.22
mp-772856,0.34
mp-866212,1.01
mp-8753,0.28
mp-957,0.46
mp-961716,0.43
mp-973834,0.43
mp-979435,0.26
mp-985292,0.43
mp-1009653,0.5
mp-1029595,0.28
mp-10654,0.41
mp-13963,0.16
mp-1406,0.36
mp-15649,0.24
mp-16287,0.33
mp-16488,0.22
mp-18746,0.27
mp-19140,0.64
mp-20066,0.27
mp-21054,0.29
mp-2339,0.34
mp-24082,0.35
mp-27831,0.29
mp-30045,0.26
mp-31510,0.27
mp-505249,0.3
mp-510402,0.29
mp-540791,0.29
mp-550820,0.26
mp-553961,0.34
mp-557233,0.29
mp-557559,0.27
mp-627,0.44
mp-758835,0.36
mp-7618,0.29
mp-777667,0.29
mp-850251,0.3
mp-861507,0.27
mp-861627,0.37
mp-865252,0.23
mp-866046,0.32
mp-9548,0.2
mp-975904,0.29
mp-1014229,0.29
mp-1037,0.32
mp-10398,0.29
mp-11276,0.29
mp-11416,0.2
mp-11596,0.33
mp-11958,0.33
mp-13254,0.22
mp-13363,0.37
mp-1547,0.3
mp-15695,0.32
mp-1591,0.21
mp-16326,0.33
mp-20195,0.31
mp-20249,0.27
mp-20489,0.3
mp-20862,0.28
mp-20883,0.32
mp-21024,0.29
mp-21087,0.36
mp-21272,0.21
mp-21306,0.27
mp-22496,0.43
mp-22701,0.31
mp-28282,0.3
mp-28897,0.36
mp-2895,0.24
mp-29761,0.07
mp-29862,-0.08
mp-30351,0.48
mp-3223,0.32
mp-570219,0.28
mp-570775,0.32
mp-571552,0.27
mp-631255,3.27
mp-7226,0.3
mp-756134,0.28
mp-7979,0.33
mp-829,0.35
mp-861937,0.23
mp-862881,0.31
mp-864772,0.26
mp-865094,0.31
mp-865120,0.31
mp-865338,0.31
mp-865403,0.22
mp-865894,0.34
mp-961706,0.32
mp-974558,0.48
mp-9853,0.21
mp-985303,0.24
mp-989540,0.05
mp-1001019,0.34
mp-1002183,0.35
mp-1013528,0.26
mp-1017632,0.3
mp-1018645,0.72
mp-1025360,0.39
mp-1029407,0.29
mp-11269,0.3
mp-127,0.31
mp-1921,0.24
mp-19747,0.32
mp-22312,0.31
mp-22637,0.27
mp-22692,-0.0
mp-2319,0.2
mp-2689,0.27
mp-27507,0.31
mp-2775,0.26
mp-2780,0.26
mp-2850,0.27
mp-3034,0.24
mp-30409,0.31
mp-30457,0.23
mp-31118,0.29
mp-33365,0.47
mp-3748,0.28
mp-4342,0.23
mp-435,0.38
mp-4428,0.28
mp-4979,0.26
mp-510625,0.33
mp-5605,0.26
mp-568619,0.16
mp-569170,0.26
mp-570483,0.36
mp-600561,0.31
mp-690490,0.28
mp-7621,-0.2
mp-7834,0.3
mp-861735,0.47
mp-862379,0.32
mp-864805,0.35
mp-864947,0.92
mp-867143,0.24
mp-867915,0.26
mp-881,0.07
mp-902,0.21
mp-976784,0.43
mp-978034,0.38
mp-984352,0.27
mp-998554,0.34
mvc-13995,0.33
mp-1002114,0.59
mp-1003313,0.24
mp-1003322,0.26
mp-1009766,0.49
mp-1013716,0.29
mp-1021489,0.27
mp-1077353,0.4
mp-13504,0.24
mp-1373,0.38
mp-1649,0.4
mp-16733,0.25
mp-1989,0.24
mp-22935,0.16
mp-29615,0.32
mp-3053,0.35
mp-30767,0.16
mp-36216,0.34
mp-552098,0.35
mp-557142,0.23
mp-5594,0.3
mp-559959,0.38
mp-561511,0.18
mp-569073,0.27
mp-569628,0.34
mp-580931,0.4
mp-603719,0.19
mp-670,0.29
mp-695850,0.35
mp-7422,0.32
mp-7947,0.4
mp-8335,0.27
mp-864765,0.32
mp-864896,0.31
mp-865529,0.47
mp-866162,0.4
mp-9719,0.22
mp-973022,0.34
mp-975423,0.3
mp-976263,0.14
mp-980052,0.26
mp-981393,0.35
mp-981458,0.32
mp-1002109,0.35
mp-1021667,0.42
mp-1172,0.28
mp-1359,0.32
mp-16376,0.3
mp-1799,0.29
mp-18854,0.19
mp-1918,0.32
mp-19736,0.47
mp-19857,0.26
mp-25542,0.33
mp-2664,0.37
mp-2713,0.33
mp-28319,0.15
mp-29057,0.21
mp-484,0.22
mp-5620,0.28
mp-567503,0.28
mp-569423,0.43
mp-569927,0.25
mp-5820,0.25
mp-610972,0.38
mp-631475,0.73
mp-640885,0.27
mp-672233,0.36
mp-673245,0.33
mp-675464,0.36
mp-684031,0.23
mp-690525,0.31
mp-695,0.27
mp-7168,0.32
mp-7223,0.14
mp-7424,0.38
mp-7429,0.31
mp-753508,0.32
mp-755302,0.41
mp-863737,0.25
mp-867195,0.35
mp-9583,0.3
mp-971979,0.3
mp-976023,0.27
mp-978264,0.43
mp-978519,0.28
mp-998894,0.4
mp-999336,0.34
mp-1024071,0.41
mp-13364,0.25
mp-1410,0.21
mp-1895,0.36
mp-19252,0.28
mp-20325,0.24
mp-20337,0.33
mp-20940,0.31
mp-2125,0.21
mp-21851,0.3
mp-2716,0.39
mp-2893,0.27
mp-29091,0.29
mp-2914,0.27
mp-30073,0.24
mp-3035,0.28
mp-30981,0.23
mp-36033,0.3
mp-4896,0.38
mp-505825,0.31
mp-568865,0.28
mp-569289,0.36
mp-6494,0.31
mp-753380,0.36
mp-7577,0.27
mp-7785,0.32
mp-784631,0.29
mp-7937,0.24
mp-797,0.33
mp-862256,0.55
mp-865517,0.35
mp-9453,0.26
mp-973109,0.51
mp-976321,0.61
mp-976806,0.43
mp-977264,0.28
mp-980062,0.25
mp-984356,0.02
mp-989642,0.43
mp-1008274,0.27
mp-10166,0.39
mp-1025386,0.36
mp-10457,0.27
mp-1073,0.29
mp-10877,0.22
mp-1114,0.23
mp-11550,0.36
mp-11583,0.31
mp-1332,0.29
mp-15793,0.23
mp-16228,1.35
mp-1718,0.29
mp-21345,0.25
mp-2573,0.14
mp-265,0.23
mp-2678,0.26
mp-27660,0.3
mp-27689,0.28
mp-3054,0.29
mp-31017,0.23
mp-4150,0.3
mp-4483,0.34
mp-5077,0.19
mp-5373,0.28
mp-569197,0.23
mp-5702,0.33
mp-570641,0.16
mp-571499,0.34
mp-637179,0.26
mp-640041,0.33
mp-755013,0.21
mp-769096,0.21
mp-7832,0.26
mp-79,0.27
mp-7973,0.25
mp-862854,0.35
mp-864667,0.55
mp-865235,0.22
mp-865997,0.25
mp-866168,0.46
mp-866191,0.19
mp-867343,0.36
mp-8765,0.3
mp-962067,0.44
mp-971891,0.41
mp-973956,0.36
mp-976060,0.24
mp-976856,0.54
mp-977428,0.25
mp-981386,0.45
mp-9819,0.44
mp-984104,0.36
mp-984712,0.31
mp-988939,0.39
mp-989609,0.29
mp-9902,0.24
mp-998901,-3.94
mp-999446,0.49
mp-1002221,0.24
mp-1008285,0.43
mp-1008734,1.14
mp-1009733,0.23
mp-1014462,0.69
mp-1047,0.27
mp-1062,0.36
mp-10658,0.23
mp-10714,0.32
mp-10764,0.19
mp-10924,0.29
mp-1093,0.28
mp-11421,0.61
mp-1239,0.25
mp-15780,0.33
mp-16271,0.34
mp-16775,0.36
mp-23060,0.27
mp-23201,0.33
mp-24011,0.22
mp-2478,0.18
mp-29210,0.16
mp-2988,0.27
mp-30460,0.24
mp-348,0.35
mp-3488,0.31
mp-4105,0.23
mp-567713,0.22
mp-570272,0.32
mp-600428,0.2
mp-6008,0.24
mp-7352,0.28
mp-786,0.2
mp-862837,0.42
mp-866081,0.39
mp-867859,0.35
mp-867911,0.45
mp-977445,0.36
mvc-13960,-0.01
mp-1006886,-0.1
mp-1008559,0.15
mp-1009083,0.3
mp-1016846,0.4
mp-1018659,0.25
mp-11155,0.19
mp-11834,0.32
mp-1209,0.34
mp-12609,0.43
mp-1399,0.36
mp-1482,0.24
mp-15179,0.3
mp-17129,0.28
mp-2065,0.22
mp-22979,0.27
mp-23188,0.41
mp-2334,0.3
mp-2396,0.39
mp-241,0.37
mp-3107,0.32
mp-401,0.23
mp-4148,0.32
mp-4484,0.27
mp-540925,0.35
mp-548403,0.44
mp-55,0.38
mp-551736,-2.14
mp-568595,0.2
mp-569106,0.24
mp-570998,0.21
mp-5916,0.25
mp-632402,0.36
mp-641539,0.26
mp-643409,0.29
mp-7003,0.29
mp-7007,0.26
mp-7603,0.25
mp-7918,0.24
mp-7928,0.29
mp-8123,0.23
mp-862288,0.37
mp-862609,0.3
mp-8638,0.31
mp-864948,0.61
mp-864949,0.3
mp-867802,0.32
mp-867909,0.34
mp-972002,0.28
mp-973265,-0.95
mp-978267,0.35
mp-980199,0.29
mp-9872,0.18
mp-999190,0.27
mp-999292,0.55
mp-1007821,0.36
mp-1009217,0.34
mp-1024955,0.31
mp-10293,0.38
mp-11364,0.35
mp-11452,0.28
mp-11578,0.26
mp-1176,0.36
mp-12414,0.24
mp-12427,0.25
mp-1282,0.23
mp-1314,0.16
mp-1462,0.36
mp-19086,0.33
mp-19412,0.24
mp-2049,0.36
mp-20690,0.2
mp-2726,0.34
mp-27319,0.28
mp-27840,0.28
mp-29748,0.29
mp-29806,0.33
mp-33723,0.24
mp-4187,0.28
mp-555037,0.33
mp-567462,0.23
mp-568069,0.36
mp-568428,0.27
mp-569250,0.31
mp-569331,0.35
mp-631256,0.54
mp-631320,0.44
mp-685036,0.25
mp-7440,0.3
mp-753629,0.28
mp-754673,0.3
mp-776952,0.27
mp-8145,0.25
mp-8583,0.29
mp-861881,0.44
mp-862778,0.3
mp-864655,0.32
mp-864857,0.36
mp-865212,0.26
mp-865237,0.32
mp-865353,0.24
mp-8860,0.29
mp-9586,0.31
mp-972456,0.27
mp-975255,0.33
mp-975383,-0.14
mp-978278,0.27
mp-985471,0.39
mp-1002207,0.45
mp-1008610,0.42
mp-1025218,0.35
mp-1025377,0.36
mp-1025431,0.35
mp-10759,0.19
mp-1250,0.27
mp-19920,0.25
mp-20426,0.36
mp-20586,0.34
mp-20753,0.27
mp-21175,0.4
mp-21215,0.38
mp-21251,0.24
mp-22786,0.29
mp-23152,0.31
mp-27456,0.33
mp-2955,0.25
mp-29646,0.23
mp-29866,0.2
mp-30657,0.39
mp-3553,0.25
mp-4228,0.24
mp-567244,0.35
mp-571653,0.13
mp-625055,0.28
mp-675349,0.3
mp-71,0.25
mp-754327,0.33
mp-754478,0.3
mp-758933,0.16
mp-7915,0.24
mp-7927,0.26
mp-8110,0.23
mp-867908,0.43
mp-8771,0.21
mp-9164,0.28
mp-984873,0.31
mp-990,0.33
mp-999139,0.27
mp-1013548,0.16
mp-1014,0.45
mp-1019357,0.3
mp-1025045,0.33
mp-1025397,0.29
mp-1029337,0.28
mp-1084,0.17
mp-12467,0.22
mp-18513,0.26
mp-19946,0.33
mp-20111,0.21
mp-23159,0.36
mp-27710,0.15
mp-2851,0.29
mp-3637,0.3
mp-37214,0.19
mp-4030,0.34
mp-510281,0.34
mp-558125,0.25
mp-567220,0.26
mp-567618,0.41
mp-568002,0.31
mp-648,0.24
mp-7466,0.32
mp-840,0.33
mp-862934,0.18
mp-863734,0.52
mp-865648,0.18
mp-865768,0.31
mp-9573,0.21
mp-966800,0.27
mp-9687,0.32
mp-984765,0.08
mp-989539,0.37
mp-1008630,0.23
mp-1009757,0.32
mp-1018102,0.41
mp-10255,0.21
mp-1029338,0.29
mp-1029652,0.23
mp-1029921,0.28
mp-12086,0.35
mp-12931,0.3
mp-13035,2.07
mp-1687,0.34
mp-18427,0.28
mp-20487,0.35
mp-21030,0.2
mp-21462,0.19
mp-23818,0.12
mp-2819,0.56
mp-30779,0.2
mp-4583,0.92
mp-4604,0.16
mp-4692,0.25
mp-4828,0.37
mp-5396,0.29
mp-551675,0.21
mp-554252,0.31
mp-555576,0.3
mp-559676,0.26
mp-570910,0.27
mp-631394,-143.83
mp-644271,0.3
mp-6764,0.61
mp-6954,0.19
mp-7068,0.21
mp-752463,0.35
mp-752467,0.28
mp-754624,0.23
mp-755552,0.25
mp-755875,0.29
mp-756436,0.35
mp-760411,0.32
mp-8499,0.31
mp-862363,0.35
mp-862727,0.36
mp-862980,0.24
mp-862993,0.24
mp-866295,0.3
mp-867207,0.26
mp-973153,0.41
mp-975387,0.42
mp-989193,0.54
mp-1014246,0.29
mp-10144,0.29
mp-1016819,0.33
mp-1018810,0.38
mp-1023936,0.21
mp-1029312,0.23
mp-11407,0.34
mp-11469,0.36
mp-11661,0.26
mp-122,0.23
mp-12863,0.27
mp-1342,0.27
mp-18912,0.3
mp-19017,0.28
mp-20050,0.3
mp-22895,0.32
mp-2823,0.23
mp-28884,0.25
mp-377,0.33
mp-4541,0.29
mp-553932,0.07
mp-571493,0.35
mp-573119,0.35
mp-622041,0.41
mp-677103,0.3
mp-690794,0.09
mp-7443,0.25
mp-752496,0.31
mp-7846,0.19
mp-862865,0.47
mp-862875,0.47
mp-864932,0.34
mp-864983,0.32
mp-865168,-0.14
mp-865927,0.31
mp-866062,0.3
mp-866202,0.55
mp-867202,0.54
mp-971827,0.44
mp-973933,0.46
mp-974341,0.31
mp-977534,0.33
mp-978986,0.27
mp-982725,0.26
mp-998947,0.33
mvc-13303,0.35
mp-1002117,0.42
mp-1016852,0.23
mp-1025150,0.27
mp-10422,0.29
mp-10901,0.29
mp-11554,0.46
mp-12565,0.39
mp-12598,0.33
mp-15679,0.3
mp-15819,0.22
mp-16720,0.27
mp-17045,0.35
mp-19777,0.47
mp-21875,0.35
mp-27471,0.27
mp-28240,0.35
mp-35388,0.23
mp-4901,0.37
mp-5058,0.38
mp-5519,0.27
mp-555506,0.98
mp-5577,0.29
mp-558432,0.28
mp-567889,0.2
mp-571438,0.1
mp-610706,0.31
mp-631487,0.74
mp-631502,0.54
mp-631551,0.52
mp-636273,0.38
mp-640095,0.34
mp-7469,0.3
mp-754364,0.32
mp-861588,0.35
mp-864795,0.35
mp-867182,0.33
mp-867250,0.39
mp-8772,0.16
mp-9578,0.24
mp-973826,0.22
mp-980942,0.29
mp-1008912,0.66
mp-1017555,0.37
mp-1018124,0.28
mp-10245,0.27
mp-1029309,0.26
mp-11309,0.31
mp-1264,0.44
mp-13312,0.27
mp-1491,0.17
mp-19247,0.41
mp-19378,0.35
mp-19417,0.37
mp-2012,0.28
mp-204,0.41
mp-20531,0.27
mp-21318,0.4
mp-21443,0.39
mp-2369,0.34
mp-2501,0.29
mp-29419,0.39
mp-29618,0.28
mp-30353,0.36
mp-30579,0.4
mp-30613,0.26
mp-31153,0.32
mp-31208,0.14
mp-31454,0.32
mp-3205,0.37
mp-34195,0.32
mp-4300,0.35
mp-489,0.28
mp-505803,0.34
mp-540839,0.3
mp-553432,0.13
mp-556194,0.34
mp-567723,0.26
mp-568719,0.35
mp-570223,-0.08
mp-571335,0.32
mp-578601,0.33
mp-618991,0.36
mp-622209,0.26
mp-7482,0.37
mp-777422,0.26
mp-856,0.28
mp-864598,0.25
mp-864987,0.34
mp-864989,0.29
mp-865176,0.42
mp-866112,0.33
mp-900,0.4
mp-9247,0.29
mp-961725,0.46
mp-972044,0.25
mp-973869,0.35
mp-976239,0.24
mp-989404,0.17
mp-1008881,0.33
mp-1009734,0.5
mp-1018112,0.46
mp-1021423,0.25
mp-1024984,0.34
mp-114,0.62
mp-1644,0.47
mp-1659,0.49
mp-18802,0.29
mp-21237,0.27
mp-23155,0.34
mp-23715,0.26
mp-3148,0.46
mp-5068,0.31
mp-5197,0.28
mp-551250,0.26
mp-554352,0.32
mp-556424,0.27
mp-558046,0.31
mp-561827,2.5
mp-568328,0.17
mp-568565,0.2
mp-570136,0.29
mp-570150,0.22
mp-570179,0.34
mp-570657,0.41
mp-615,0.29
mp-623134,0.31
mp-631338,3.7
mp-643367,0.31
mp-864895,0.27
mp-865186,0.28
mp-865297,0.33
mp-867372,0.39
mp-9587,0.26
mp-973166,0.29
mp-975511,0.47
mp-978543,0.35
mp-989545,0.31
mp-10013,0.56
mp-10027,0.24
mp-10059,0.27
mp-10125,0.34
mp-1021779,-0.24
mp-11181,0.25
mp-11387,0.22
mp-11675,0.22
mp-123,0.25
mp-12884,0.3
mp-13181,-0.76
mp-13263,0.25
mp-16254,0.23
mp-166,0.5
mp-16732,1.46
mp-18835,0.24
mp-19248,0.29
mp-19741,0.29
mp-20395,0.32
mp-21135,0.24
mp-21140,0.42
mp-23195,0.08
mp-2500,0.25
mp-389,0.33
mp-4472,0.26
mp-556788,0.16
mp-561664,0.26
mp-568095,0.18
mp-569639,0.36
mp-570140,0.34
mp-571033,0.35
mp-5752,0.25
mp-5778,0.24
mp-5962,0.25
mp-644246,0.33
mp-754823,0.31
mp-754839,0.37
mp-755010,0.36
mp-774736,0.34
mp-78,0.27
mp-7848,0.13
mp-8002,0.23
mp-8014,0.9
mp-861883,0.41
mp-8621,0.28
mp-862657,0.34
mp-862719,0.31
mp-862880,0.5
mp-865504,0.4
mp-865875,0.43
mp-9095,0.3
mp-971975,0.22
mp-975359,0.27
mp-977189,0.3
mp-977583,0.42
mp-990076,0.24
mp-1008689,0.55
mp-1025192,0.31
mp-1029448,0.27
mp-10918,0.31
mp-1221,0.37
mp-1441,0.37
mp-18773,0.01
mp-19066,0.26
mp-19400,0.33
mp-2088,0.22
mp-2215,0.27
mp-22888,0.3
mp-2388,0.33
mp-2395,0.26
mp-2460,0.3
mp-2574,0.37
mp-28995,0.25
mp-29643,0.35
mp-3092,0.28
mp-3955,0.08
mp-4064,0.23
mp-504543,0.31
mp-530074,0.17
mp-5452,0.2
mp-570081,0.24
mp-643101,0.28
mp-7583,0.19
mp-758371,0.29
mp-8192,0.3
mp-862886,0.33
mp-864969,0.29
mp-865130,0.31
mp-865425,0.37
mp-865547,0.33
mp-866289,0.29
mp-9212,0.27
mp-974774,1.06
mp-977013,0.31
mp-980749,0.3
mp-989644,0.33
mp-999263,0.37
mp-1018720,0.31
mp-10281,0.29
mp-10910,0.24
mp-14115,0.32
mp-19050,0.28
mp-19407,0.31
mp-27639,0.29
mp-2781,0.35
mp-29624,0.23
mp-34169,0.26
mp-3432,0.24
mp-384,0.24
mp-4157,0.34
mp-4909,0.26
mp-556034,0.26
mp-5606,0.31
mp-569724,0.26
mp-570923,0.37
mp-571310,0.45
mp-571443,0.24
mp-684768,0.3
mp-7483,0.38
mp-753920,0.28
mp-842,0.31
mp-861616,0.33
mp-861656,0.32
mp-861913,0.25
mp-862290,0.32
mp-862742,0.31
mp-862795,0.32
mp-864904,0.49
mp-864934,0.34
mp-864970,0.33
mp-865150,0.38
mp-865299,0.34
mp-865421,0.27
mp-865446,0.36
mp-865930,0.35
mp-866007,0.44
mp-866094,0.35
mp-866158,0.27
mp-866169,0.38
mp-866184,0.42
mp-867116,0.27
mp-867125,0.29
mp-8677,0.18
mp-9069,0.18
mp-9595,0.34
mp-9721,0.13
mp-972895,0.48
mp-974326,0.25
mp-975793,0.35
mp-976744,0.27
mp-977286,0.51
mp-982667,0.3
mp-982772,0.38
mp-983602,0.41
mp-986,0.3
mvc-6389,0.38
mp-10061,0.47
mp-1008680,0.34
mp-1009020,0.99
mp-1009583,5.22
mp-1013527,0.15
mp-10140,0.21
mp-1018804,0.14
mp-1025276,0.23
mp-1029616,0.24
mp-11237,0.33
mp-1401,0.26
mp-18288,0.39
mp-18740,0.36
mp-2498,0.64
mp-3093,0.29
mp-4656,0.22
mp-5213,0.28
mp-5347,0.37
mp-545756,0.44
mp-569837,0.28
mp-570749,0.34
mp-573563,0.17
mp-580234,0.32
mp-631694,2.94
mp-677072,0.28
mp-692,0.31
mp-754238,0.27
mp-757233,0.27
mp-760,0.19
mp-8175,0.36
mp-864670,0.33
mp-864957,0.3
mp-865874,0.41
mp-867916,0.3
mp-971703,0.38
mp-978537,0.32
mp-979940,0.26
mp-989535,0.44
mp-999441,0.35
mvc-15643,-0.03
mp-1008860,0.2
mp-1016296,0.25
mp-10197,0.54
mp-1025126,-0.17
mp-11872,0.38
mp-1339,0.23
mp-1497,0.28
mp-17177,0.32
mp-19758,0.41
mp-19871,0.29
mp-20305,0.28
mp-20777,0.25
mp-21019,0.39
mp-21844,0.19
mp-22149,0.28
mp-22229,0.27
mp-22467,0.34
mp-22894,0.39
mp-31337,0.31
mp-3385,0.3
mp-3521,0.3
mp-5419,0.35
mp-5564,0.25
mp-5652,0.31
mp-567089,0.31
mp-570286,0.18
mp-571485,0.33
mp-571636,0.29
mp-571664,0.47
mp-5782,0.35
mp-631421,0.5
mp-6952,0.28
mp-754567,0.32
mp-770881,0.41
mp-7787,0.32
mp-8253,0.27
mp-862901,0.36
mp-865811,0.33
mp-866142,0.32
mp-8938,0.21
mp-932,0.3
mp-975190,0.23
mp-975275,0.18
mp-977573,0.21
mp-989550,0.35
mp-9956,0.21
mp-1009769,0.27
mp-1018764,0.18
mp-1024954,0.21
mp-1025193,0.27
mp-11272,0.3
mp-11531,0.32
mp-1187,0.35
mp-1189,0.23
mp-1585,0.28
mp-20102,0.34
mp-21422,0.32
mp-22446,0.26
mp-2773,0.25
mp-2906,0.22
mp-30655,0.3
mp-30746,0.33
mp-30800,0.33
mp-31120,0.29
mp-3466,0.22
mp-5222,0.32
mp-562809,0.26
mp-567629,0.33
mp-567747,0.29
mp-568901,0.31
mp-568936,0.4
mp-570896,0.38
mp-572283,0.3
mp-573995,0.23
mp-657,0.3
mp-7232,0.31
mp-755021,0.28
mp-850,0.32
mp-864618,0.37
mp-864672,0.34
mp-867196,0.39
mp-8790,0.29
mp-9006,0.25
mp-972296,1.5
mp-974613,2.42
mp-976271,0.29
mp-977207,0.39
mp-977436,0.35
mp-977552,4.24
mp-980001,0.28
mp-983590,0.28
mp-986716,0.31
mp-9946,0.29
mp-997031,0.29
mvc-15521,0.42
mp-10052,0.27
mp-1008874,0.25
mp-1014168,0.31
mp-1014316,0.86
mp-1016871,0.37
mp-1017631,0.5
mp-1024993,0.28
mp-11307,0.3
mp-11503,0.57
mp-1279,0.25
mp-15661,0.25
mp-16259,0.2
mp-16750,0.24
mp-20279,0.31
mp-23300,0.25
mp-2558,0.28
mp-2760,0.22
mp-28795,0.29
mp-2960,0.31
mp-30047,0.25
mp-31145,0.23
mp-334,0.33
mp-3359,0.27
mp-370,0.3
mp-568121,0.22
mp-569511,0.36
mp-569522,0.17
mp-571270,0.21
mp-600124,0.32
mp-643260,0.28
mp-694,0.2
mp-7189,0.31
mp-756034,0.23
mp-776,0.33
mp-8073,0.39
mp-862884,0.33
mp-864954,0.2
mp-864982,0.25
mp-865115,0.35
mp-865148,0.4
mp-865361,0.37
mp-872,0.26
mp-8874,0.18
mp-9459,0.28
mp-974973,0.29
mp-976114,0.11
mp-978277,0.33
mp-982393,0.31
mp-983063,0.38
mp-9835,0.23
mp-1009646,0.54
mp-1013733,0.25
mp-1029750,0.26
mp-10960,0.31
mp-11201,0.24
mp-11351,0.3
mp-1145,0.13
mp-12004,0.21
mp-1208,0.2
mp-13852,0.3
mp-1407,0.25
mp-16497,0.32
mp-19366,0.34
mp-19435,0.34
mp-1948,0.39
mp-20552,0.31
mp-22418,0.35
mp-2466,0.33
mp-2536,0.32
mp-2797,0.33
mp-30566,0.44
mp-31136,0.25
mp-4823,0.31
mp-552016,0.32
mp-568631,0.24
mp-6092,0.33
mp-631503,0.37
mp-631561,0.57
mp-715493,0.3
mp-753306,0.22
mp-754110,0.38
mp-768197,0.23
mp-8255,0.14
mp-861953,0.41
mp-862713,0.34
mp-863675,0.35
mp-864901,0.36
mp-865430,0.25
mp-865494,0.31
mp-866157,0.63
mp-867221,0.29
mp-867816,0.31
mp-8800,0.34
mp-9756,0.33
mp-978293,0.39
mp-981397,0.28
mp-9918,0.26
mp-999550,0.34
mp-10015,0.31
mp-1001581,0.19
mp-1009818,0.21
mp-1025356,0.33
mp-1075,0.27
mp-12602,0.27
mp-1651,0.38
mp-18732,0.3
mp-20257,0.36
mp-2083,0.35
mp-24292,-0.05
mp-2653,0.12
mp-306,0.1
mp-31093,0.24
mp-32777,0.27
mp-3503,0.18
mp-36248,-0.15
mp-5135,0.23
mp-540584,0.35
mp-568607,0.19
mp-614013,0.28
mp-656887,0.27
mp-685055,0.3
mp-7002,0.21
mp-761293,0.36
mp-8603,0.31
mp-862879,0.5
mp-864640,0.3
mp-864742,0.51
mp-867191,0.34
mp-9481,0.22
mp-961652,0.29
mp-973415,0.35
mp-975106,0.25
mp-977571,0.55
mp-982070,0.28
mp-990430,0.09
mp-1018726,0.27
mp-1025252,0.24
mp-1234,0.2
mp-12520,0.31
mp-13082,0.31
mp-1573,0.33
mp-1774,0.14
mp-20358,0.39
mp-21316,0.29
mp-23259,0.2
mp-24723,0.37
mp-2661,0.22
mp-27253,0.3
mp-28896,0.34
mp-29069,0.34
mp-3155,0.22
mp-32811,0.35
mp-4109,0.28
mp-542569,0.28
mp-552738,0.26
mp-562100,0.24
mp-567278,0.23
mp-567558,0.37
mp-569850,0.28
mp-570093,0.27
mp-571619,0.3
mp-615141,0.28
mp-7186,0.28
mp-7187,0.34
mp-755465,0.34
mp-8074,0.42
mp-864921,0.31
mp-867210,0.21
mp-867799,0.26
mp-8843,0.36
mp-973068,0.31
mp-975609,1.32
mp-977546,0.28
mp-978881,0.85
mp-984772,0.33
mp-989533,0.36
mp-995181,0.26
mp-995191,0.44
mp-1001783,0.24
mp-1002230,0.46
mp-1019564,0.14
mp-1025191,0.3
mp-11239,0.31
mp-11275,0.21
mp-11652,0.17
mp-12669,0.28
mp-12951,0.29
mp-13520,0.22
mp-1565,0.31
mp-16506,0.16
mp-1854,0.31
mp-18922,0.33
mp-19448,0.29
mp-22211,0.81
mp-23791,0.29
mp-259,0.27
mp-27276,0.35
mp-27512,0.27
mp-27519,0.24
mp-2772,0.19
mp-30031,0.23
mp-30461,0.37
mp-30738,0.3
mp-30848,0.35
mp-31368,0.36
mp-31402,0.34
mp-321,0.33
mp-3250,0.29
mp-4009,0.34
mp-4367,0.35
mp-4813,0.39
mp-550433,0.28
mp-552663,0.29
mp-567484,0.28
mp-568337,0.4
mp-570008,0.17
mp-571263,0.24
mp-629015,0.21
mp-635966,0.26
mp-674158,0.6
mp-7263,0.14
mp-743,0.27
mp-754969,0.2
mp-755959,0.28
mp-7977,0.28
mp-862797,0.48
mp-864935,0.38
mp-865583,0.31
mp-865597,0.39
mp-865867,0.33
mp-865931,0.34
mp-866020,0.28
mp-866199,0.32
mp-867266,0.31
mp-867762,0.4
mp-973535,1.23
mp-975463,0.28
mvc-14600,0.31
mvc-15843,0.2
mp-1007852,0.31
mp-1018166,0.26
mp-1018179,0.4
mp-1025324,0.33
mp-1025554,0.24
mp-10260,0.47
mp-1105,0.28
mp-11334,0.3
mp-15607,0.23
mp-1572,0.24
mp-19370,0.32
mp-1985,0.2
mp-21859,0.38
mp-22040,0.25
mp-22756,0.31
mp-22898,0.26
mp-27263,0.35
mp-29208,0.24
mp-29352,0.28
mp-29584,0.31
mp-3032,0.32
mp-4275,0.31
mp-458,0.32
mp-5075,0.23
mp-5288,0.26
mp-556076,0.28
mp-5663,0.3
mp-613,0.39
mp-755568,0.31
mp-766,0.22
mp-770618,0.26
mp-773602,2.07
mp-7913,0.17
mp-861600,0.28
mp-862622,0.31
mp-864715,0.29
mp-864951,0.26
mp-865092,0.37
mp-865211,0.33
mp-865531,0.27
mp-865809,0.31
mp-867771,0.39
mp-961705,0.35
mp-9672,0.23
mp-975788,0.35
mp-977562,0.54
mp-981232,0.41
mp-982381,0.4
mp-984551,0.39
mp-985587,0.46
mp-989575,0.13
mvc-11697,0.31
mvc-13470,0.09
mp-1014307,0.26
mp-1018013,0.43
mp-1022494,0.21
mp-10247,0.3
mp-1039147,0.31
mp-11476,0.34
mp-11714,0.16
mp-11822,0.23
mp-12710,0.34
mp-1315,0.22
mp-13174,0.49
mp-1996,0.31
mp-20521,0.48
mp-22289,0.3
mp-2243,0.27
mp-2697,0.27
mp-27863,0.21
mp-29327,0.17
mp-3534,0.26
mp-4002,0.25
mp-470,0.25
mp-5501,0.31
mp-567767,0.32
mp-568172,0.31
mp-568233,0.28
mp-569408,0.23
mp-570050,0.2
mp-571651,0.26
mp-607475,0.25
mp-629458,0.09
mp-631564,-3.06
mp-697030,0.21
mp-715553,0.27
mp-731,0.34
mp-754605,0.25
mp-7639,0.25
mp-782035,0.22
mp-8182,0.24
mp-863667,0.34
mp-863711,0.35
mp-865562,0.22
mp-865640,0.28
mp-867144,0.33
mp-972285,0.17
mp-998964,0.26
mp-999132,0.25
mp-1001828,0.69
mp-1002105,0.16
mp-1008491,1.24
mp-1016826,0.48
mp-10183,0.34
mp-1023193,0.26
mp-1025238,0.26
mp-1025461,0.31
mp-10550,0.2
mp-11695,0.35
mp-12572,0.45
mp-126,0.41
mp-12802,0.35
mp-12867,0.25
mp-14398,0.24
mp-1477,0.25
mp-161,0.16
mp-1773,0.18
mp-18962,0.27
mp-19880,0.19
mp-21048,0.18
mp-23039,0.25
mp-23714,0.23
mp-2483,0.23
mp-2732,0.34
mp-29066,0.24
mp-30148,0.08
mp-30815,0.32
mp-4354,0.34
mp-4908,0.28
mp-4953,0.28
mp-535,0.37
mp-557713,0.33
mp-567841,0.19
mp-568,0.25
mp-569114,0.33
mp-631299,0.49
mp-637575,0.21
mp-673171,1.14
mp-752730,0.3
mp-754046,0.37
mp-754495,0.33
mp-754812,0.32
mp-7725,0.3
mp-7907,0.24
mp-861643,0.27
mp-862371,0.32
mp-862926,-1.56
mp-863673,0.35
mp-864889,0.33
mp-867137,0.3
mp-949028,0.27
mp-962068,0.43
mp-971739,0.39
mp-972536,0.38
mp-973778,0.53
mp-984240,0.11
mp-1006057,0.32
mp-1016833,0.34
mp-1019109,0.29
mp-1025113,0.34
mp-1057,0.23
mp-10721,0.26
mp-11222,0.26
mp-11481,0.26
mp-1153,0.18
mp-19238,0.33
mp-23038,0.31
mp-2863,0.33
mp-2884,0.29
mp-36864,0.21
mp-496,0.28
mp-567871,0.34
mp-569788,0.24
mp-756490,0.25
mp-7723,-0.6
mp-7878,0.27
mp-8528,0.27
mp-861955,0.28
mp-8632,0.55
mp-864659,0.38
mp-865096,0.23
mp-865743,0.36
mp-867225,0.49
mp-961670,0.46
mp-973270,0.36
mp-999124,0.34
mp-10055,0.25
mp-11401,0.26
mp-11460,0.33
mp-11644,0.29
mp-12268,0.34
mp-20225,0.34
mp-21040,0.26
mp-21043,0.33
mp-2226,0.35
mp-23265,0.28
mp-2568,0.58
mp-2822,0.37
mp-3108,0.26
mp-3444,0.28
mp-3648,0.5
mp-3927,0.3
mp-4091,0.28
mp-4613,0.24
mp-4895,0.26
mp-505296,0.15
mp-549709,0.29
mp-556548,0.27
mp-5597,0.16
mp-569871,0.28
mp-570018,0.25
mp-6179,0.27
mp-631479,0.34
mp-631572,4.87
mp-6328,0.34
mp-640266,0.3
mp-7204,0.3
mp-753541,0.37
mp-753911,0.3
mp-7898,0.36
mp-8370,0.37
mp-864916,0.3
mp-865356,0.23
mp-865378,-0.02
mp-865733,0.29
mp-865901,0.26
mp-865984,0.36
mp-866082,0.38
mp-866186,0.29
mp-867756,0.35
mp-8842,0.28
mp-8846,0.27
mp-972722,1.02
mp-973185,0.36
mp-978525,0.67
mp-978987,0.29
mp-979465,0.34
mp-984627,0.34
mp-984722,0.64
mp-989504,0.2
mp-9938,0.21
mp-1001916,0.31
mp-1013702,0.29
mp-1014251,0.3
mp-1016197,0.3
mp-1017581,0.86
mp-1018653,0.04
mp-1021668,0.65
mp-1025441,0.24
mp-10635,0.3
mp-10662,0.84
mp-11454,0.32
mp-11562,0.33
mp-11973,0.37
mp-12283,0.31
mp-1269,0.31
mp-132,0.27
mp-15999,0.27
mp-18829,0.33
mp-19807,0.26
mp-2033,0.33
mp-21855,0.26
mp-22513,0.36
mp-2322,0.2
mp-27719,0.39
mp-27932,0.18
mp-29666,0.21
mp-29964,0.28
mp-3197,0.32
mp-3372,0.28
mp-510589,0.34
mp-555296,0.32
mp-568382,0.27
mp-601842,0.28
mp-690760,0.38
mp-690789,0.17
mp-7476,0.25
mp-753490,0.28
mp-864937,0.28
mp-865080,-0.3
mp-865241,0.31
mp-865523,0.33
mp-865608,0.41
mp-866179,0.19
mp-867206,0.39
mp-9744,0.32
mp-975972,0.25
mp-976142,0.34
mp-978527,0.34
mp-979955,0.26
mp-983586,0.34
mp-985281,0.33
mp-989405,0.26
mp-998900,0.52
mp-999249,0.42
mp-10030,0.38
mp-1014214,-28.01
mp-1016873,0.23
mp-1017511,0.38
mp-1018941,0.29
mp-10244,0.26
mp-1025413,0.27
mp-11519,0.44
mp-11526,0.28
mp-11839,0.3
mp-1245,0.15
mp-12593,0.3
mp-13118,0.32
mp-1321,0.3
mp-1825,0.33
mp-19027,0.24
mp-1939,0.33
mp-24417,0.19
mp-29638,0.33
mp-31141,0.82
mp-3428,0.5
mp-5090,0.21
mp-510268,0.38
mp-568347,0.24
mp-571638,0.28
mp-5933,0.27
mp-620571,0.33
mp-627439,0.26
mp-631429,0.28
mp-7437,0.21
mp-7870,0.33
mp-7922,0.16
mp-8062,0.16
mp-82,0.38
mp-8484,0.31
mp-865183,0.46
mp-865884,0.32
mp-866132,0.17
mp-867130,0.25
mp-867829,0.3
mp-867849,0.38
mp-867853,0.5
mp-974458,0.36
mp-975664,0.13
mp-976356,0.26
mp-977421,0.38
mp-978652,0.18
mp-982637,0.28
mp-982885,0.29
mp-9839,0.24
mp-984544,0.33
mp-989566,0.43
mp-1008526,0.23
mp-1008728,0.33
mp-1009238,0.4
mp-1009819,0.42
mp-1017563,0.58
mp-1018053,0.52
mp-1025351,0.23
mp-1039434,0.34
mp-10633,-2.39
mp-11790,0.28
mp-13513,0.28
mp-13679,0.25
mp-16261,0.25
mp-1779,0.23
mp-18167,0.28
mp-20817,0.27
mp-20905,0.21
mp-21242,0.15
mp-21374,0.26
mp-21400,0.36
mp-21418,0.39
mp-27468,0.26
mp-27904,0.16
mp-28364,0.33
mp-29025,0.25
mp-30650,0.27
mp-3138,0.29
mp-3196,0.3
mp-505042,0.3
mp-5353,0.26
mp-541753,0.39
mp-545974,0.36
mp-567809,0.36
mp-571160,0.36
mp-631540,0.71
mp-643,0.3
mp-696,0.32
mp-776216,0.29
mp-801,0.32
mp-8280,0.21
mp-8300,0.26
mp-862695,0.25
mp-865234,0.34
mp-865443,1.06
mp-867798,0.44
mp-867925,0.28
mp-979234,0.28
mp-983236,0.36
mp-985296,0.35
mp-999266,0.23
mp-1007730,0.29
mp-1025155,0.29
mp-11445,0.24
mp-12411,0.18
mp-1306,0.31
mp-13095,0.37
mp-1387,0.47
mp-1629,0.45
mp-16828,0.25
mp-1783,0.38
mp-1852,0.21
mp-18848,0.31
mp-19791,0.25
mp-20146,0.3
mp-20320,0.26
mp-20689,0.22
mp-2102,0.2
mp-21447,0.29
mp-21493,0.26
mp-22698,0.25
mp-23033,0.26
mp-24154,0.3
mp-27769,0.32
mp-30603,0.32
mp-30764,0.28
mp-37473,0.28
mp-3803,0.25
mp-4088,0.23
mp-505822,0.32
mp-541365,0.17
mp-556041,0.29
mp-558189,2.05
mp-571195,0.28
mp-590,0.34
mp-5983,0.27
mp-712,0.29
mp-7283,0.16
mp-763353,0.29
mp-862373,0.44
mp-863697,0.27
mp-8648,0.25
mp-865449,0.35
mp-865588,0.32
mp-973940,0.37
mp-977580,0.23
mp-978490,0.35
mp-980054,0.41
mp-981311,0.44
mp-989402,0.44
mp-998860,-7.22
mvc-14411,0.25
mp-1008986,0.66
mp-1009545,0.32
mp-10180,0.32
mp-10256,0.24
mp-10289,0.22
mp-1029711,0.34
mp-10685,1.71
mp-12648,0.09
mp-1468,0.3
mp-15621,0.24
mp-1690,0.15
mp-19365,0.31
mp-19800,0.29
mp-19896,0.3
mp-23305,0.26
mp-2341,0.22
mp-24205,0.09
mp-2563,0.17
mp-2784,0.02
mp-28069,0.25
mp-3931,0.28
mp-4529,0.29
mp-4549,0.35
mp-631310,0.55
mp-631417,0.48
mp-634859,0.29
mp-64,0.18
mp-693,0.39
mp-761415,0.3
mp-771359,0.34
mp-7814,0.21
mp-8017,0.3
mp-8281,0.25
mp-8452,0.18
mp-8456,0.32
mp-866088,0.29
mp-867135,0.57
mp-9127,0.27
mp-9690,0.29
mp-974457,0.34
mp-976289,0.43
mp-978624,0.39
mp-979429,0.37
mp-982017,0.35
mp-983359,0.53
mp-9967,0.21
mp-999308,0.37
mvc-11438,0.33
mp-1014227,0.23
mp-1021503,0.28
mp-1025517,0.24
mp-1029404,0.26
mp-12388,0.22
mp-1291,0.34
mp-1299,0.35
mp-13446,0.36
mp-16250,0.37
mp-16905,0.27
mp-173,0.23
mp-20567,0.32
mp-2179,0.36
mp-2210,0.38
mp-22284,0.32
mp-2305,0.22
mp-23729,0.2
mp-23737,0.16
mp-2724,0.24
mp-2752,0.35
mp-30507,0.23
mp-3469,0.32
mp-365,0.21
mp-3934,0.3
mp-4590,0.3
mp-505515,0.34
mp-566131,0.17
mp-568075,0.56
mp-569785,0.4
mp-581024,0.24
mp-637771,0.32
mp-768310,0.37
mp-864625,0.33
mp-865803,0.3
mp-867163,0.29
mp-9568,0.14
mp-976344,0.29
mp-977549,0.31
mp-978500,0.33
mp-982734,0.34
mp-1007923,0.29
mp-1025190,0.3
mp-1025222,0.35
mp-1029375,0.39
mp-1029610,0.26
mp-10688,0.23
mp-10873,0.41
mp-11466,0.44
mp-13136,0.32
mp-13178,0.25
mp-13925,-0.82
mp-14753,0.19
mp-1521,0.29
mp-15397,0.31
mp-16524,0.36
mp-1749,0.29
mp-1777,0.22
mp-1785,0.26
mp-19128,0.38
mp-19836,0.38
mp-20082,0.34
mp-20133,0.26
mp-21236,0.33
mp-2172,0.26
mp-22212,0.21
mp-22962,0.3
mp-23137,0.25
mp-23850,0.26
mp-24517,0.2
mp-28497,0.27
mp-2858,0.3
mp-29920,0.27
mp-30825,0.32
mp-34467,0.23
mp-3470,0.22
mp-38394,0.25
mp-505212,0.38
mp-5190,0.26
mp-542065,0.46
mp-568245,0.31
mp-570543,0.67
mp-6204,-0.02
mp-631329,0.31
mp-644419,0.33
mp-679,0.3
mp-7438,0.21
mp-769253,0.37
mp-8215,0.35
mp-8462,0.27
mp-861738,0.21
mp-862602,0.24
mp-862720,0.55
mp-864984,0.38
mp-865600,0.34
mp-867134,0.33
mp-9056,-0.03
mp-9272,0.27
mp-973067,0.43
mp-974950,0.46
mp-982195,0.37
mp-10,0.27
mp-1009694,0.39
mp-1013703,0.28
mp-1018032,0.3
mp-10208,0.27
mp-1024994,0.36
mp-1029403,0.23
mp-1029741,0.26
mp-10674,0.37
mp-10698,0.27
mp-10734,0.31
mp-12803,0.32
mp-12954,0.27
mp-13399,0.34
mp-1345,0.22
mp-14089,0.32
mp-14209,0.17
mp-18712,0.34
mp-2018,0.31
mp-20235,0.22
mp-20731,0.38
mp-21366,0.29
mp-22206,0.25
mp-229,0.27
mp-22957,0.24
mp-23339,0.25
mp-2338,0.25
mp-2352,0.23
mp-23558,0.4
mp-24149,0.22
mp-25417,0.24
mp-29663,-0.15
mp-29665,0.43
mp-2968,0.28
mp-30921,0.34
mp-3104,0.32
mp-441,0.33
mp-4481,0.27
mp-4856,0.26
mp-505110,0.34
mp-554201,0.33
mp-557018,0.21
mp-557762,0.25
mp-560620,0.27
mp-571222,0.21
mp-5760,0.28
mp-5840,0.23
mp-639662,0.26
mp-6972,0.39
mp-752953,0.27
mp-862620,0.26
mp-862903,0.42
mp-865108,0.35
mp-867110,0.3
mp-867193,0.25
mp-87,0.04
mp-8978,0.36
mp-973316,0.46
mp-978285,0.27
mp-978926,0.31
mp-982,0.35
mp-985285,-0.05
mp-991676,0.23
mp-9927,0.13
mp-1011031,0.78
mp-10139,0.17
mp-1018130,0.66
mp-12516,0.34
mp-12585,0.23
mp-12630,0.23
mp-1357,0.24
mp-13982,0.32
mp-14338,0.34
mp-21371,0.27
mp-22489,0.27
mp-23262,0.27
mp-2381,0.34
mp-2516,0.29
mp-3040,0.26
mp-30619,0.35
mp-31324,0.12
mp-316,0.28
mp-3441,0.26
mp-3716,0.14
mp-506,0.44
mp-5126,0.3
mp-5260,0.29
mp-5381,0.28
mp-542106,0.36
mp-552454,0.22
mp-554238,0.27
mp-555370,0.2
mp-555403,0.45
mp-559492,0.34
mp-560119,0.36
mp-568931,0.29
mp-626708,0.29
mp-641923,0.28
mp-646824,0.32
mp-675271,0.34
mp-684668,0.32
mp-7149,0.22
mp-753459,0.3
mp-754009,0.3
mp-7604,0.2
mp-7622,0.29
mp-775808,0.31
mp-780260,0.25
mp-862885,0.35
mp-863684,0.39
mp-865112,0.3
mp-865594,0.33
mp-865996,0.37
mp-8868,0.37
mp-9195,0.35
mp-9307,0.3
mp-9610,0.35
mp-972185,0.55
mp-972217,0.37
mp-978855,0.53
mvc-10966,0.85
mp-1008278,0.34
mp-1009471,0.23
mp-1011377,0.32
mp-1016823,0.18
mp-1017534,0.34
mp-1102,0.18
mp-16340,0.32
mp-1915,0.24
mp-1938,0.24
mp-1986,0.36
mp-20343,0.36
mp-20560,0.26
mp-23072,0.22
mp-2371,0.13
mp-24045,0.23
mp-25317,0.29
mp-2866,0.25
mp-28786,0.29
mp-2931,0.23
mp-29551,0.34
mp-30801,0.26
mp-4441,0.29
mp-474,0.3
mp-488,0.4
mp-504659,0.28
mp-51,0.34
mp-560,0.33
mp-567240,0.27
mp-567412,0.21
mp-569662,0.28
mp-570538,0.3
mp-5951,0.31
mp-631474,0.55
mp-649479,0.26
mp-7017,0.22
mp-778364,0.27
mp-864631,0.33
mp-865530,0.39
mp-865586,0.3
mp-865671,0.27
mp-892,0.36
mp-973267,0.18
mp-979287,0.35
mp-983583,0.3
mp-9889,0.23
mp-999516,0.23
mp-10113,0.28
mp-1018132,0.25
mp-102,0.29
mp-1029408,0.32
mp-10649,0.33
mp-11360,0.37
mp-11493,0.39
mp-22258,0.27
mp-30799,0.34
mp-30807,0.33
mp-30818,0.31
mp-31458,0.39
mp-4323,0.29
mp-545481,0.18
mp-561480,0.29
mp-569008,0.48
mp-638765,0.24
mp-68,0.28
mp-697068,0.37
mp-6973,0.21
mp-754055,0.3
mp-754701,0.31
mp-755894,0.29
mp-761034,0.27
mp-765508,0.3
mp-80,0.53
mp-862311,0.35
mp-862682,0.28
mp-865100,0.35
mp-865127,0.51
mp-865815,0.42
mp-865912,0.35
mp-866178,0.23
mp-867313,0.32
mp-953,0.25
mp-974332,0.33
mp-976330,0.39
mp-977582,0.34
mp-979963,0.22
mp-983584,3.63
mp-989524,0.35
mp-9906,0.31
mp-998527,0.3
mp-10167,0.43
mp-1029562,0.22
mp-11465,0.28
mp-17275,0.27
mp-19905,0.29
mp-20310,0.3
mp-22589,0.3
mp-2434,0.37
mp-2465,0.33
mp-258,0.46
mp-31147,0.21
mp-3710,0.3
mp-400,0.22
mp-45,0.31
mp-4505,0.22
mp-5215,0.25
mp-547244,0.54
mp-555223,0.37
mp-561428,0.15
mp-569482,0.31
mp-570459,0.49
mp-631425,0.28
mp-637614,0.33
mp-662,0.4
mp-7099,0.3
mp-752401,0.39
mp-753890,0.34
mp-863723,0.2
mp-865049,0.37
mp-866164,0.33
mp-867148,0.33
mp-867248,0.39
mp-945,0.31
mp-961654,0.64
mp-97,0.27
mp-971948,0.35
mp-972635,0.36
mp-973271,0.06
mp-978518,0.47
mp-985551,0.29
mp-985626,0.27
mp-989528,0.33
mp-999474,0.23
mp-1009533,0.44
mp-1014005,0.31
mp-10181,0.37
mp-1025272,0.33
mp-1039368,0.32
mp-10606,0.19
mp-13068,0.37
mp-14088,0.29
mp-15622,0.24
mp-19052,0.35
mp-1934,0.25
mp-20151,0.24
mp-20812,0.31
mp-2163,0.34
mp-27668,0.2
mp-27726,0.26
mp-27823,0.31
mp-33009,0.24
mp-342,0.35
mp-36526,0.31
mp-3807,0.32
mp-4189,0.25
mp-4359,0.26
mp-4385,0.34
mp-505215,0.34
mp-505540,0.31
mp-554212,0.32
mp-569610,0.36
mp-570784,0.19
mp-570886,0.26
mp-571044,0.24
mp-571622,0.26
mp-754553,0.31
mp-755378,0.29
mp-769365,0.36
mp-8150,0.29
mp-861637,0.33
mp-863674,0.32
mp-865462,0.31
mp-865566,0.34
mp-866155,0.32
mp-866220,0.28
mp-866286,0.25
mp-9570,0.25
mp-973534,0.29
mp-978953,0.46
mp-979038,0.41
mp-985438,0.34
mp-985586,0.29
mp-989587,0.68
mp-997098,0.39
mp-10065,0.26
mp-10076,0.27
mp-1013553,0.03
mp-10148,-0.53
mp-1016837,0.38
mp-10173,0.31
mp-1020703,0.24
mp-1025420,0.26
mp-1029262,0.32
mp-1040467,0.27
mp-11343,-0.12
mp-11719,0.27
mp-14069,0.28
mp-20027,0.17
mp-22060,0.45
mp-2379,0.34
mp-28711,0.17
mp-504935,0.29
mp-553310,0.33
mp-560530,0.33
mp-568661,0.27
mp-569898,0.34
mp-570811,0.47
mp-643432,0.25
mp-697,0.25
mp-7540,0.49
mp-771199,0.33
mp-8041,0.29
mp-8101,0.4
mp-850062,0.34
mp-861662,0.35
mp-862897,0.43
mp-862942,0.37
mp-865051,0.22
mp-865079,0.5
mp-865650,0.3
mp-865660,0.31
mp-8780,0.29
mp-972985,0.3
mp-973734,0.33
mp-973960,0.53
mp-975994,0.41
mp-980053,0.35
mp-989695,0.35
mp-999189,0.51
mp-999376,0.28
mp-1001825,0.18
mp-1008558,0.43
mp-1018714,0.29
mp-1025176,0.33
mp-10614,0.22
mp-121,0.78
mp-12763,0.33
mp-14,0.2
mp-15701,0.26
mp-1598,0.27
mp-17095,0.22
mp-20922,0.31
mp-21391,0.25
mp-2364,0.28
mp-24428,0.27
mp-27388,0.22
mp-4405,0.25
mp-556094,0.32
mp-558798,0.26
mp-73,-0.7
mp-8207,0.35
mp-863076,0.47
mp-864908,0.27
mp-865987,0.38
mp-866120,0.35
mp-867170,0.23
mp-867226,0.29
mp-971705,0.36
mp-973402,0.45
mp-973777,0.58
mp-983908,0.31
mp-984699,0.32
mp-1016848,0.22
mp-1018721,0.37
mp-10390,0.27
mp-1039447,0.33
mp-1129,0.3
mp-11367,0.29
mp-11700,0.24
mp-11733,0.21
mp-1265,0.19
mp-12874,0.65
mp-169,0.19
mp-17518,0.27
mp-20362,0.32
mp-22585,0.35
mp-27979,0.26
mp-28448,0.29
mp-2977,0.27
mp-30182,0.26
mp-30796,-10.93
mp-34477,0.24
mp-5020,0.31
mp-551685,0.35
mp-556253,0.3
mp-558518,0.21
mp-568371,0.29
mp-568509,0.19
mp-637255,0.27
mp-696114,0.33
mp-775127,0.31
mp-865916,0.3
mp-865933,0.34
mp-866051,0.25
mp-867255,0.42
mp-8943,0.3
mp-9312,0.25
mp-972884,0.25
mp-973979,0.38
mp-978501,0.32
mp-978508,0.37
mp-984796,0.24
mp-989542,0.29
mp-995214,0.31
mp-1001918,1.19
mp-10025,0.32
mp-1007663,0.25
mp-1009088,0.18
mp-10161,0.23
mp-1019508,0.25
mp-10394,0.32
mp-11251,0.37
mp-11498,0.71
mp-12608,0.36
mp-1302,0.03
mp-1768,2.04
mp-20106,0.25
mp-2058,0.34
mp-21483,0.34
mp-2294,0.35
mp-23163,0.37
mp-2347,0.45
mp-2403,0.32
mp-266,0.33
mp-27636,0.27
mp-30441,0.1
mp-30852,0.34
mp-3522,0.27
mp-3682,0.31
mp-4090,0.24
mp-4593,0.25
mp-471,0.27
mp-556075,0.26
mp-570354,0.33
mp-574199,0.24
mp-6613,0.26
mp-675748,0.25
mp-70,0.36
mp-720,0.18
mp-753848,0.3
mp-8352,0.32
mp-8612,0.22
mp-864624,0.34
mp-864641,0.32
mp-866176,0.45
mp-866227,0.36
mp-8982,0.26
mp-962060,0.41
mp-972088,0.32
mp-973455,0.26
mp-975611,0.92
mp-975920,0.35
mp-977165,0.01
mp-977392,0.29
mp-980064,0.29
mp-981749,0.36
mp-1017543,0.29
mp-1018083,0.34
mp-1018154,0.29
mp-1018734,0.4
mp-1025313,0.38
mp-1029699,0.39
mp-11492,0.37
mp-19819,0.37
mp-20599,0.38
mp-20741,0.28
mp-23291,0.31
mp-24148,0.25
mp-2698,0.38
mp-30671,0.28
mp-344,0.23
mp-505332,0.25
mp-505780,0.26
mp-554601,0.3
mp-555434,0.28
mp-568146,0.27
mp-620054,0.19
mp-622693,-0.2
mp-631525,0.28
mp-631555,0.45
mp-643718,0.19
mp-6957,0.2
mp-7083,0.23
mp-72,0.27
mp-754629,0.38
mp-760432,0.29
mp-765499,0.25
mp-7929,0.28
mp-862949,0.3
mp-864898,0.21
mp-865805,0.33
mp-867902,0.24
mp-961649,0.23
mp-972228,0.29
mp-975652,0.31
mp-975848,0.26
mp-978514,0.24
mp-9881,0.25
mp-989548,0.1
mp-1038934,0.86
mp-1038961,0.3
mp-10700,0.35
mp-12403,0.23
mp-13041,0.64
mp-15051,0.35
mp-15856,0.33
mp-19330,0.31
mp-19784,0.32
mp-20744,0.34
mp-20760,0.41
mp-21662,0.24
mp-217,0.34
mp-22266,0.27
mp-23289,0.38
mp-23486,0.37
mp-2350,0.29
mp-2738,0.38
mp-27891,0.28
mp-28116,0.22
mp-32686,0.27
mp-47,0.07
mp-4893,0.24
mp-543001,0.25
mp-567395,0.3
mp-568992,0.34
mp-631455,3.0
mp-695998,0.24
mp-7067,0.26
mp-784630,0.32
mp-8535,0.26
mp-862680,0.54
mp-862691,0.23
mp-864601,0.29
mp-864606,0.28
mp-864789,0.18
mp-865249,0.31
mp-865858,0.42
mp-865900,0.28
mp-8756,0.25
mp-927,0.26
mp-972373,0.49
mp-972960,0.43
mp-976139,0.31
mp-978833,0.34
mp-979044,0.32
mp-997569,0.3
mvc-13900,0.3
mvc-14006,0.39
mp-10000,0.26
mp-10046,0.26
mp-1013558,0.21
mp-12712,0.41
mp-12751,0.4
mp-1294,0.39
mp-12952,0.3
mp-1328,0.37
mp-15641,0.18
mp-16033,0.28
mp-20491,0.35
mp-2120,0.32
mp-21863,0.34
mp-23234,0.26
mp-2482,0.39
mp-27830,0.44
mp-29111,0.24
mp-29308,0.32
mp-3597,0.3
mp-4276,0.31
mp-4322,0.23
mp-4492,0.29
mp-505572,0.26
mp-568186,0.38
mp-634657,0.3
mp-7343,0.35
mp-763,0.19
mp-861951,0.35
mp-865240,0.31
mp-865487,0.44
mp-867810,0.42
mp-9068,0.24
mp-973191,0.6
mp-973792,0.56
mp-976272,0.09
mp-976598,0.26
mp-977126,0.38
mp-978497,0.71
mp-983539,0.4
mp-999052,-0.19
mp-1008487,0.27
mp-1018145,0.63
mp-10207,-0.0
mp-10895,0.27
mp-12128,0.44
mp-1247,0.25
mp-1378,0.22
mp-15624,0.23
mp-16370,0.35
mp-1795,0.36
mp-18927,0.32
mp-19112,0.27
mp-19246,0.3
mp-19284,0.37
mp-1953,0.25
mp-20237,0.31
mp-20281,0.29
mp-20356,0.31
mp-20458,0.41
mp-20486,0.45
mp-23229,0.26
mp-23281,0.26
mp-23312,0.08
mp-2795,0.21
mp-28110,0.28
mp-28683,0.23
mp-30156,0.18
mp-30301,0.27
mp-35308,0.27
mp-3556,0.27
mp-3827,0.3
mp-3924,0.23
mp-4291,0.32
mp-4652,0.31
mp-4674,0.29
mp-504687,0.33
mp-5414,0.23
mp-548469,0.25
mp-550893,0.3
mp-571102,0.3
mp-571322,0.81
mp-644607,0.36
mp-755609,0.41
mp-828,0.29
mp-863710,0.29
mp-866221,0.59
mp-9566,0.23
mp-961718,0.51
mp-976030,0.27
mp-978534,0.2
mp-978549,0.28
mp-978885,1.23
mp-981210,0.38
mp-981935,0.32
mp-998982,0.33
mp-1007819,0.25
mp-1016831,0.41
mp-11328,0.21
mp-11500,0.33
mp-11690,0.21
mp-1780,0.31
mp-19735,0.34
mp-216,0.3
mp-22320,0.31
mp-23051,0.79
mp-2602,0.23
mp-281,0.38
mp-30562,0.43
mp-30811,0.32
mp-3236,0.27
mp-32662,0.29
mp-3315,0.35
mp-37,0.2
mp-4731,0.33
mp-492,0.22
mp-4922,0.42
mp-505599,0.32
mp-550008,0.23
mp-550070,0.09
mp-5513,0.38
mp-554769,0.28
mp-570290,0.3
mp-571124,-0.06
mp-631661,3.98
mp-7497,0.31
mp-753898,0.21
mp-761285,0.34
mp-766486,0.3
mp-862824,0.43
mp-863740,0.36
mp-961720,0.66
mp-971909,0.45
mp-971996,0.29
mp-972202,0.35
mp-972907,0.3
mp-972987,0.16
mp-974581,0.54
mp-977187,0.64
mp-980662,0.28
mp-981933,0.34
mp-996941,0.49
mvc-11115,0.32
mp-1002106,0.47
mp-10056,-0.13
mp-1007693,0.33
mp-1014230,0.29
mp-1024983,0.33
mp-1025273,0.21
mp-11247,0.43
mp-12521,0.34
mp-149,0.2
mp-16517,0.23
mp-19419,0.25
mp-20913,0.35
mp-22029,0.44
mp-23264,0.28
mp-2720,0.31
mp-30727,0.35
mp-451,0.28
mp-540789,0.27
mp-549158,0.36
mp-5622,0.21
mp-567698,0.36
mp-570683,0.36
mp-571163,0.32
mp-571353,0.31
mp-621348,0.43
mp-635460,0.79
mp-635713,0.33
mp-643002,0.22
mp-6947,0.2
mp-7169,0.34
mp-7433,0.29
mp-756095,0.33
mp-864764,0.35
mp-865424,0.27
mp-865934,0.34
mp-866183,0.33
mp-867878,0.26
mp-9379,0.16
mp-962057,1.03
mp-973875,1.69
mvc-4274,0.18
mp-1002572,0.24
mp-10037,0.29
mp-1009078,0.41
mp-1009894,0.37
mp-1044,0.3
mp-11363,0.31
mp-11512,0.32
mp-13501,0.26
mp-13502,0.26
mp-1963,0.34
mp-2056,0.31
mp-23275,0.36
mp-2451,0.22
mp-2684,0.21
mp-28013,0.27
mp-28838,0.25
mp-2997,0.22
mp-30954,0.11
mp-3183,0.29
mp-5167,0.31
mp-6969,0.27
mp-755455,0.25
mp-756088,0.27
mp-760492,0.27
mp-7891,0.31
mp-8306,0.26
mp-861510,0.35
mp-862473,0.35
mp-862745,0.16
mp-862986,0.26
mp-865229,0.27
mp-866072,0.67
mp-867178,0.3
mp-9718,0.31
mp-971911,0.41
mp-975905,0.42
mp-981379,0.28
mp-982010,0.33
mp-9951,0.3
mp-9957,0.26
mp-1013550,0.22
mp-1018101,0.39
mp-1025551,0.35
mp-10883,0.3
mp-13156,0.31
mp-13498,0.28
mp-1714,0.21
mp-1868,0.27
mp-20335,0.31
mp-2074,0.21
mp-21385,0.29
mp-22568,0.4
mp-22887,0.31
mp-27833,0.51
mp-2933,0.27
mp-30851,0.34
mp-36086,0.17
mp-4006,0.29
mp-4396,0.35
mp-552008,0.3
mp-560588,0.29
mp-560676,0.3
mp-567229,0.21
mp-569496,0.38
mp-570,0.35
mp-570554,0.23
mp-571554,0.27
mp-571586,0.25
mp-631538,1.62
mp-649774,0.24
mp-7143,0.29
mp-7493,0.29
mp-754138,0.29
mp-754912,0.37
mp-7801,0.37
mp-861605,0.31
mp-862588,0.3
mp-862754,0.32
mp-864620,0.27
mp-865030,0.3
mp-865322,0.32
mp-865561,0.33
mp-865752,0.38
mp-867826,0.32
mp-9386,0.76
mp-961680,0.48
mp-974990,0.48
mp-977138,0.34
mp-977140,0.45
mp-980203,0.31
mp-981367,0.39
mp-981384,0.37
mp-996161,0.22
mp-997084,0.19
mp-999079,0.33
mp-1001788,0.39
mp-1016874,0.36
mp-1017447,0.34
mp-1018161,0.25
mp-1019277,0.26
mp-1025329,0.36
mp-10271,0.28
mp-10497,0.35
mp-1638,0.2
mp-18905,0.37
mp-19340,0.28
mp-20201,0.21
mp-20565,0.33
mp-20990,0.21
mp-21012,0.33
mp-2176,0.29
mp-22488,0.31
mp-27454,0.26
mp-2749,0.17
mp-2758,0.23
mp-31256,0.13
mp-32829,0.12
mp-36775,0.29
mp-542903,0.27
mp-568748,0.39
mp-568912,0.12
mp-569152,0.21
mp-569310,0.24
mp-6633,0.31
mp-753619,0.25
mp-754727,0.29
mp-7650,0.26
mp-8262,0.07
mp-862791,-0.13
mp-862882,0.34
mp-865591,0.3
mp-8812,-1.24
mp-8983,0.33
mp-973364,0.28
mp-977184,0.41
mp-984791,0.28
mp-996965,0.4
mp-998974,0.34
mp-999053,0.38
mvc-3453,0.27
mp-10006,0.3
mp-1025302,0.37
mp-1025370,0.38
mp-1025425,0.28
mp-12631,0.35
mp-1281,0.31
mp-13799,0.33
mp-14090,0.33
mp-15113,0.23
mp-16548,0.34
mp-1720,0.46
mp-21128,0.39
mp-27440,0.34
mp-31011,0.25
mp-32880,0.37
mp-336,0.41
mp-3676,0.27
mp-4817,0.23
mp-510347,0.28
mp-510437,0.32
mp-5165,0.27
mp-567655,0.33
mp-568345,0.71
mp-568610,0.39
mp-568908,0.38
mp-569484,0.26
mp-631354,0.43
mp-6564,0.28
mp-6781,0.35
mp-756473,-0.24
mp-761574,0.33
mp-790,0.32
mp-861940,0.13
mp-863725,0.37
mp-866285,0.31
mp-866650,0.06
mp-867200,0.25
mp-8754,0.23
mp-8996,0.25
mp-971960,1.69
mp-974270,0.37
mp-976407,0.03
mp-976843,0.48
mp-983126,0.27
mp-983587,0.38
mp-997161,0.36
mvc-7792,0.3
mp-1029446,0.02
mp-11194,0.31
mp-11521,0.32
mp-11553,0.49
mp-11694,0.34
mp-11800,0.3
mp-11964,0.35
mp-13456,0.29
mp-13910,0.25
mp-1402,0.32
mp-1553,0.28
mp-16519,0.33
mp-19124,0.25
mp-19876,0.29
mp-2057,0.15
mp-20847,0.3
mp-2126,0.27
mp-2180,0.26
mp-22870,0.28
mp-24721,0.2
mp-27194,0.51
mp-3142,0.17
mp-31455,0.36
mp-32927,0.31
mp-3693,0.47
mp-485,0.32
mp-505562,0.33
mp-552265,0.39
mp-557373,0.25
mp-861912,0.31
mp-862684,0.34
mp-9569,0.22
mp-982009,0.34
mp-9845,0.33
mp-996944,0.3
mp-1008702,0.33
mp-1018026,0.34
mp-12029,0.2
mp-12580,0.26
mp-12699,0.35
mp-13542,0.18
mp-15254,0.25
mp-19442,0.28
mp-20061,0.41
mp-20440,0.39
mp-20898,0.37
mp-21248,0.29
mp-2269,1.23
mp-22939,0.22
mp-23153,0.21
mp-23319,0.44
mp-276,0.38
mp-29772,0.21
mp-30765,0.33
mp-34081,0.27
mp-34293,0.22
mp-4770,0.27
mp-540231,0.34
mp-556,0.38
mp-567967,0.27
mp-570436,0.34
mp-571420,0.33
mp-614444,0.66
mp-631539,-16.47
mp-644311,0.33
mp-691,0.25
mp-7374,0.33
mp-7436,0.24
mp-755441,0.27
mp-756297,0.31
mp-779689,0.26
mp-862692,0.29
mp-862706,0.3
mp-865538,0.33
mp-865546,0.22
mp-9295,0.22
mp-972442,0.26
mp-973983,0.39
mp-1001827,0.42
mp-1007907,0.23
mp-1008527,0.18
mp-1017514,0.17
mp-1018051,0.25
mp-1018656,0.19
mp-1019544,0.25
mp-1025366,0.43
mp-1029,0.31
mp-1029479,0.51
mp-10381,0.29
mp-1089,0.27
mp-11243,0.41
mp-12622,0.34
mp-12651,0.47
mp-13240,0.28
mp-13435,0.33
mp-14205,0.3
mp-1434,0.23
mp-15809,0.24
mp-1658,0.37
mp-22426,0.27
mp-2287,0.29
mp-2349,0.31
mp-3109,0.24
mp-31142,1.1
mp-3363,0.35
mp-3871,0.22
mp-4081,0.22
mp-454,0.24
mp-553946,0.21
mp-561412,0.33
mp-568986,0.3
mp-571405,0.36
mp-5733,0.28
mp-5866,0.31
mp-7239,0.2
mp-754149,-1.04
mp-861660,0.46
mp-862658,0.32
mp-862800,0.27
mp-864839,0.32
mp-864944,0.38
mp-865512,0.3
mp-865855,0.36
mp-866172,0.22
mp-867224,0.3
mp-950,0.21
mp-975512,0.14
mp-980004,0.29
mp-982613,0.37
mp-985825,0.28
mp-989585,0.45
mp-9973,0.17
mp-101,0.24
mp-10189,0.23
mp-1164,0.28
mp-1411,0.23
mp-1560,0.3
mp-1666,0.29
mp-19279,0.26
mp-2052,0.24
mp-21185,0.35
mp-21321,0.35
mp-23121,0.27
mp-23406,0.26
mp-24422,-0.03
mp-2633,0.24
mp-27828,0.27
mp-27975,0.28
mp-29726,0.28
mp-30933,0.27
mp-32641,-2.09
mp-364,0.28
mp-4083,0.31
mp-4302,0.28
mp-4899,0.32
mp-553303,0.31
mp-561075,0.29
mp-5659,0.2
mp-569346,0.33
mp-754157,0.29
mp-7926,0.25
mp-844,0.29
mp-853,0.29
mp-863676,0.36
mp-865091,0.33
mp-865166,0.32
mp-865863,0.37
mp-972180,0.31
mp-972257,0.25
mp-972866,0.42
mp-973884,0.38
mp-976341,0.32
mp-977565,0.44
mp-978832,0.53
mp-978975,0.35
mp-984767,0.34
mp-999192,0.32
mp-1022,0.29
mp-1025203,0.21
mp-1029330,0.28
mp-11484,-0.07
mp-11734,0.29
mp-12741,0.34
mp-13094,0.24
mp-15660,0.29
mp-16521,0.26
mp-1766,0.31
mp-21017,0.19
mp-23219,0.23
mp-2604,0.26
mp-507,0.37
mp-5313,0.26
mp-551,0.2
mp-571193,0.17
mp-673,0.32
mp-6914,0.22
mp-755318,0.35
mp-774922,-0.12
mp-862368,0.34
mp-862656,0.19
mp-862757,0.26
mp-862867,1.03
mp-971779,0.31
mp-972623,0.26
mp-973450,0.8
mp-976259,0.34
mp-978564,0.33
mp-1016929,0.44
mp-1018679,0.31
mp-1019097,0.34
mp-1029733,0.28
mp-10608,0.2
mp-108,0.36
mp-11287,0.31
mp-1404,0.41
mp-1463,0.38
mp-1692,0.42
mp-1912,0.39
mp-19970,0.31
mp-21199,0.36
mp-21893,0.29
mp-22752,0.22
mp-22856,0.43
mp-23214,0.25
mp-23526,0.31
mp-27207,0.28
mp-27360,0.29
mp-27478,0.28
mp-28306,0.26
mp-31326,0.36
mp-32570,0.26
mp-3524,0.22
mp-3650,0.26
mp-3732,0.2
mp-38,0.26
mp-50,0.35
mp-5394,0.28
mp-569151,0.36
mp-580364,0.41
mp-5836,0.34
mp-7250,0.31
mp-753195,0.26
mp-819,0.34
mp-862905,0.57
mp-972021,0.37
mp-973896,0.38
mp-985450,0.42
mp-10021,0.36
mp-1009539,0.72
mp-10149,0.38
mp-10894,0.28
mp-13085,0.3
mp-13450,0.25
mp-1552,0.28
mp-16751,0.24
mp-17017,0.25
mp-193,0.31
mp-21845,0.32
mp-22683,0.26
mp-24192,0.25
mp-2874,0.32
mp-29661,0.33
mp-30068,-0.08
mp-30091,0.18
mp-30244,0.24
mp-3033,0.33
mp-30731,0.39
mp-499,0.46
mp-569249,0.35
mp-631408,-0.29
mp-643279,0.27
mp-686717,0.31
mp-7006,0.3
mp-7163,0.24
mp-754262,0.38
mp-7892,0.21
mp-8003,0.65
mp-804,0.25
mp-862774,0.23
mp-864831,0.68
mp-865067,0.25
mp-865500,0.35
mp-865903,0.35
mp-866375,0.25
mp-867568,0.3
mp-8830,0.27
mp-9257,0.28
mp-9324,0.24
mp-9351,0.33
mp-974882,-0.85
mp-979945,0.21
mp-981313,0.44
mp-9970,0.24
mp-1008807,1.55
mp-1009655,0.17
mp-13108,0.24
mp-14223,0.45
mp-17383,0.38
mp-1894,0.21
mp-19142,0.35
mp-19724,0.34
mp-1995,0.36
mp-20539,0.33
mp-22793,0.31
mp-23034,0.32
mp-2520,0.25
mp-29076,0.27
mp-30365,0.37
mp-30482,-0.1
mp-31043,0.35
mp-33667,0.23
mp-34078,0.32
mp-39681,0.33
mp-4500,0.26
mp-457,0.11
mp-5000,0.32
mp-5323,0.28
mp-559,0.31
mp-562,0.28
mp-567580,0.3
mp-5699,0.31
mp-570568,0.36
mp-570698,0.4
mp-570950,0.27
mp-5827,0.25
mp-603347,0.41
mp-608555,0.02
mp-672250,77.93
mp-673174,0.31
mp-752826,0.3
mp-753774,0.24
mp-766217,0.27
mp-777801,0.35
mp-850131,0.16
mp-865908,0.2
mp-867882,0.49
mp-971826,0.41
mp-971920,0.38
mp-972274,0.34
mvc-10883,0.35
mvc-13133,0.37
mp-1016877,0.39
mp-1020622,0.26
mp-1029316,0.27
mp-1029574,0.33
mp-10402,0.37
mp-10728,0.51
mp-11806,0.31
mp-12137,0.28
mp-1412,0.4
mp-18721,0.31
mp-1873,0.34
mp-19260,0.33
mp-1943,0.23
mp-19795,0.2
mp-22205,0.24
mp-22704,0.37
mp-23058,0.29
mp-23209,0.33
mp-288,0.4
mp-29157,0.23
mp-30481,0.31
mp-30635,0.43
mp-30777,0.32
mp-374,0.21
mp-556856,0.3
mp-569054,0.41
mp-5910,0.23
mp-608,0.31
mp-753946,0.24
mp-754246,0.21
mp-757100,0.38
mp-773137,0.27
mp-8037,0.3
mp-861625,0.36
mp-861936,0.35
mp-862565,0.26
mp-862623,0.11
mp-862966,0.39
mp-865146,0.33
mp-865357,0.4
mp-865485,0.3
mp-865625,0.19
mp-865944,0.33
mp-9503,0.31
mp-961678,0.26
mp-973232,0.25
mp-975206,0.09
mp-976725,0.62
mp-979267,0.3
mp-980094,0.25
mp-980946,0.54
mp-989554,0.33
mp-998986,0.33
mp-1008224,0.31
mp-1013642,0.15
mp-10854,0.22
mp-11232,0.59
mp-11516,0.19
mp-146,0.42
mp-16482,0.42
mp-20004,0.22
mp-2027,0.34
mp-2103,0.41
mp-2191,0.23
mp-2213,0.29
mp-22444,0.3
mp-22556,0.37
mp-22810,0.31
mp-23192,0.22
mp-2355,0.83
mp-27838,0.25
mp-314,0.37
mp-34579,0.33
mp-4120,0.22
mp-4452,0.25
mp-4488,0.27
mp-4559,0.29
mp-501,0.21
mp-5284,0.2
mp-568384,0.19
mp-6945,-0.2
mp-7093,0.34
mp-754113,0.26
mp-768240,0.32
mp-771123,0.32
mp-779545,0.32
mp-7823,0.28
mp-7991,0.21
mp-862312,0.29
mp-862694,0.3
mp-865282,0.33
mp-866086,0.32
mp-867197,0.58
mp-867213,0.32
mp-9549,0.28
mp-976138,0.24
mp-976151,0.26
mp-977570,0.36
mp-978918,0.28
mp-1013734,0.23
mp-1016881,0.32
mp-10426,0.21
mp-10892,0.35
mp-11,0.22
mp-11836,0.29
mp-13641,0.35
mp-19734,0.08
mp-20545,0.34
mp-21359,0.36
mp-2159,0.36
mp-22050,0.24
mp-2231,0.21
mp-2639,-0.13
mp-2659,0.31
mp-29826,0.35
mp-30842,0.3
mp-3158,0.34
mp-425,0.16
mp-446,0.37
mp-5473,0.18
mp-5505,0.23
mp-5532,0.25
mp-567308,0.23
mp-569568,0.21
mp-570930,0.22
mp-571589,0.44
mp-631462,0.57
mp-673624,0.26
mp-6926,0.32
mp-7472,0.31
mp-754531,0.27
mp-775907,0.29
mp-7777,0.3
mp-861505,0.3
mp-862847,0.21
mp-863659,0.35
mp-863717,0.15
mp-864919,0.3
mp-865026,0.27
mp-865960,0.29
mp-867251,0.38
mp-930,0.26
mp-9527,0.22
mp-972415,0.28
mp-972925,0.33
mp-976113,0.49
mp-976982,0.42
mp-977224,0.42
mp-978286,0.39
mp-978545,0.35
mp-979459,0.29
mp-981539,0.41
mp-984357,0.35
mvc-11229,0.36
mp-1009005,0.47
mp-1009131,0.52
mp-1009827,0.7
mp-10159,0.29
mp-1016902,0.15
mp-1018135,0.2
mp-1018151,0.33
mp-1025525,0.19
mp-1029592,0.27
mp-1042,0.24
mp-10492,0.2
mp-10637,0.34
mp-10846,0.27
mp-10899,0.37
mp-12083,0.22
mp-13416,0.31
mp-1592,0.37
mp-1755,0.39
mp-20516,0.36
mp-21476,0.34
mp-21848,0.75
mp-2189,0.34
mp-22941,0.24
mp-24096,0.26
mp-2577,0.08
mp-2762,0.31
mp-2998,0.23
mp-3464,0.29
mp-3467,0.3
mp-39,0.45
mp-422,0.21
mp-430,0.26
mp-4571,0.26
mp-556353,0.24
mp-568537,0.36
mp-570074,0.24
mp-631381,0.76
mp-753304,0.29
mp-754027,0.27
mp-754040,0.25
mp-756187,0.27
mp-7875,0.18
mp-861508,0.38
mp-862838,0.42
mp-863738,0.38
mp-866218,0.31
mp-978554,0.34
mp-978856,0.36
mp-979273,0.43
mp-998196,0.31
mp-1008866,0.34
mp-1016931,0.43
mp-1025575,0.2
mp-1039292,0.35
mp-11552,0.51
mp-1222,0.18
mp-12956,0.21
mp-1346,0.15
mp-1570,0.33
mp-16341,0.39
mp-1791,0.26
mp-1869,0.37
mp-1916,0.97
mp-19295,0.33
mp-23866,0.2
mp-2452,0.27
mp-25587,0.33
mp-30737,0.36
mp-31169,0.38
mp-3668,0.27
mp-510346,0.28
mp-5146,0.35
mp-5492,0.28
mp-567768,0.2
mp-571041,0.41
mp-625074,0.22
mp-631337,0.65
mp-638729,0.31
mp-6586,0.28
mp-672371,0.36
mp-760410,0.12
mp-8020,0.34
mp-862262,0.3
mp-865951,0.44
mp-866140,0.48
mp-867233,0.34
mp-972763,0.57
mp-972879,0.36
mp-975380,-0.26
mp-975912,0.34
mp-977404,0.39
mp-984553,0.53
mp-1013587,0.39
mp-1013736,0.27
mp-10744,0.43
mp-10891,0.39
mp-11175,0.28
mp-11229,0.27
mp-11273,0.18
mp-1219,0.22
mp-12317,0.37
mp-13173,0.4
mp-13472,0.28
mp-1371,0.33
mp-14433,0.26
mp-16035,0.27
mp-19764,0.35
mp-19966,0.37
mp-2079,0.24
mp-214,0.31
mp-2316,0.23
mp-2707,0.3
mp-27757,0.1
mp-292,0.26
mp-30722,0.36
mp-4628,0.21
mp-4673,0.26
mp-549487,0.17
mp-555760,0.26
mp-557133,0.37
mp-568470,0.54
mp-571454,0.2
mp-631336,0.51
mp-631568,0.54
mp-632250,0.44
mp-675902,0.3
mp-685148,0.33
mp-7162,0.3
mp-862737,0.41
mp-865548,0.31
mp-866193,0.28
mp-956,0.48
mp-972077,0.47
mp-975650,0.23
mp-976772,0.33
mp-976893,0.32
mp-976952,0.2
mp-982048,0.24
mp-982596,0.25
mp-1016900,0.35
mp-1018126,0.22
mp-1018139,0.26
mp-1018150,0.2
mp-1029313,0.33
mp-10316,0.36
mp-1061,0.31
mp-1150,0.34
mp-16297,0.18
mp-18778,0.36
mp-1880,0.28
mp-19353,0.23
mp-20067,0.26
mp-20125,0.5
mp-20354,0.24
mp-2063,0.35
mp-20999,0.25
mp-23514,0.38
mp-2439,0.3
mp-2524,0.18
mp-30452,0.25
mp-31301,0.36
mp-421,0.4
mp-427,0.29
mp-4280,0.33
mp-5399,0.25
mp-5541,0.33
mp-570604,0.28
mp-607111,0.35
mp-631362,0.42
mp-755472,0.42
mp-777413,0.29
mp-862716,0.35
mp-865846,0.3
mp-865948,0.3
mp-867167,0.37
mp-973446,0.27
mp-973786,0.97
mp-974430,0.27
mp-975405,0.13
mp-977462,0.42
mp-985578,0.16
mp-999135,-0.52
mp-9996,0.17
mp-10204,0.3
mp-1029573,0.27
mp-1029782,0.31
mp-11132,0.26
mp-12794,0.27
mp-14600,0.25
mp-1747,0.35
mp-19127,0.55
mp-19198,0.27
mp-21432,0.6
mp-22394,0.3
mp-22769,0.3
mp-22876,0.32
mp-23240,0.25
mp-23383,0.38
mp-2414,0.29
mp-2920,0.26
mp-31443,0.46
mp-4508,0.36
mp-549475,0.28
mp-568592,0.28
mp-568696,0.16
mp-569416,0.19
mp-569834,0.26
mp-629397,0.33
mp-645,0.23
mp-675531,0.15
mp-7459,0.25
mp-754352,0.27
mp-756063,0.37
mp-841,0.21
mp-862923,0.36
mp-865503,0.41
mp-866012,0.34
mp-8703,0.37
mp-9225,0.32
mp-961723,0.46
mp-972748,0.64
mp-9752,-1.44
mp-977372,0.37
mp-981378,0.52
mp-1002136,0.39
mp-1007770,0.29
mp-1009652,0.54
mp-1017441,0.26
mp-1023128,0.33
mp-1038814,0.36
mp-11412,0.26
mp-12559,0.45
mp-1266,0.26
mp-1630,0.27
mp-1702,0.35
mp-20203,0.41
mp-2142,0.22
mp-22620,0.36
mp-22662,0.34
mp-22965,0.22
mp-2481,0.3
mp-30273,0.3
mp-4008,0.24
mp-40143,0.09
mp-556382,0.27
mp-561203,0.3
mp-567191,0.22
mp-567332,0.14
mp-569267,0.22
mp-5729,0.29
mp-573658,0.32
mp-631471,0.84
mp-674953,0.3
mp-7243,0.38
mp-7396,0.58
mp-753594,0.34
mp-755115,0.27
mp-8222,0.51
mp-862431,0.34
mp-8643,0.26
mp-864623,0.41
mp-864946,0.39
mp-865165,0.29
mp-865513,0.55
mp-8895,0.26
mp-974740,0.4
mp-978499,0.44
mp-979115,0.33
mp-979424,0.35
mp-9981,0.29
mp-1013585,0.25
mp-10185,0.29
mp-1025225,0.31
mp-1029737,0.28
mp-11435,0.25
mp-11455,0.42
mp-11584,0.23
mp-11738,0.3
mp-12737,0.39
mp-1352,0.26
mp-1540,0.36
mp-15668,0.26
mp-15703,0.15
mp-16267,0.34
mp-1842,0.18
mp-1933,0.35
mp-20446,0.49
mp-2082,0.39
mp-22511,0.21
mp-22903,0.29
mp-22914,0.4
mp-2643,0.3
mp-27888,0.37
mp-2910,0.32
mp-29374,0.23
mp-29529,0.35
mp-29641,0.22
mp-30769,0.18
mp-30943,0.23
mp-31516,0.32
mp-351,0.29
mp-4131,0.26
mp-4730,0.26
mp-557993,0.26
mp-561894,0.28
mp-568866,0.27
mp-569167,0.29
mp-5794,0.3
mp-616378,0.31
mp-631578,-0.1
mp-634105,0.23
mp-640708,0.27
mp-7027,0.31
mp-7130,0.25
mp-7400,0.26
mp-753197,0.32
mp-754010,0.34
mp-776911,0.32
mp-8249,0.28
mp-862553,0.31
mp-863732,0.37
mp-864976,0.37
mp-865655,0.31
mp-867292,0.32
mp-961719,0.58
mp-978992,0.12
mp-981366,1.24
mp-982245,0.42
mp-999198,0.24
mp-1002206,0.21
mp-10154,0.36
mp-1025408,0.28
mp-10456,0.28
mp-1121,0.33
mp-12549,0.26
mp-12716,0.34
mp-1349,0.31
mp-1487,0.31
mp-1762,0.31
mp-1782,0.3
mp-1820,0.21
mp-18841,0.16
mp-19177,0.25
mp-1922,0.23
mp-19917,0.17
mp-19955,0.3
mp-21509,0.22
mp-2212,0.29
mp-2222,0.4
mp-23803,0.28
mp-25082,0.19
mp-27577,0.28
mp-30151,0.23
mp-30952,0.22
mp-357,0.32
mp-510456,0.24
mp-5377,0.34
mp-540771,0.3
mp-546350,0.27
mp-5670,0.29
mp-631524,-0.42
mp-631527,0.47
mp-754671,0.3
mp-755309,0.23
mp-755328,0.24
mp-760439,0.3
mp-864597,0.35
mp-865661,0.54
mp-866015,0.27
mp-919,0.37
mp-9330,-0.07
mp-972209,0.3
mp-981365,0.29
mp-985591,0.56
mp-989578,0.22
mp-999357,0.25
mp-1002223,-1.57
mp-1008987,0.41
mp-1009129,0.35
mp-1018063,0.4
mp-1018107,0.15
mp-10196,0.31
mp-1029633,0.33
mp-10678,0.58
mp-11104,0.35
mp-11718,0.26
mp-13150,0.21
mp-1620,0.16
mp-1751,0.34
mp-19820,0.52
mp-21007,0.29
mp-21069,0.32
mp-21336,0.27
mp-2398,0.27
mp-24012,0.2
mp-24669,0.32
mp-2491,0.37
mp-2637,0.41
mp-2705,0.3
mp-27637,0.31
mp-29175,0.27
mp-2932,0.24
mp-30343,2.09
mp-30354,0.32
mp-3038,0.25
mp-30468,0.37
mp-3136,0.27
mp-3909,0.29
mp-504580,0.42
mp-519,1.47
mp-5200,0.32
mp-5528,0.11
mp-556084,0.3
mp-560399,0.25
mp-568280,0.32
mp-570684,0.34
mp-570912,0.32
mp-643370,0.19
mp-6951,0.4
mp-776532,0.29
mp-861889,0.54
mp-864878,0.45
mp-865659,0.33
mp-865814,0.73
mp-866116,0.32
mp-867854,0.33
mp-924130,0.27
mp-961722,0.52
mp-977384,0.35
mp-978303,0.33
mp-978625,0.3
mp-997108,0.36
mp-999470,0.23
mp-1008625,0.28
mp-1009720,0.39
mp-10132,0.3
mp-1016883,0.39
mp-10641,0.38
mp-10729,0.49
mp-10903,0.42
mp-11022,0.36
mp-1156,0.23
mp-18,0.25
mp-19167,0.3
mp-19170,0.29
mp-1982,0.3
mp-20401,0.24
mp-20549,0.44
mp-220,0.51
mp-23709,0.28
mp-352,0.29
mp-4627,0.2
mp-5137,0.25
mp-542316,0.3
mp-561442,0.26
mp-570379,0.3
mp-574239,0.32
mp-5748,0.36
mp-605790,1.57
mp-631269,0.38
mp-7910,0.25
mp-861888,0.47
mp-862364,0.3
mp-862962,0.27
mp-865979,0.34
mp-866063,0.26
mp-867223,0.36
mp-944,0.24
mp-974330,0.22
mp-974638,0.35
mp-976262,0.23
mvc-3978,0.32
mp-10039,0.25
mp-10261,0.41
mp-11286,0.27
mp-11883,0.36
mp-1200,0.36
mp-14112,0.29
mp-15796,0.23
mp-160,0.14
mp-18968,0.28
mp-19133,0.33
mp-2050,0.26
mp-20698,0.27
mp-21117,0.24
mp-2132,0.29
mp-22052,0.31
mp-23095,0.26
mp-2554,0.17
mp-29396,0.35
mp-30419,0.42
mp-4950,0.14
mp-504,0.36
mp-556093,0.44
mp-560927,0.27
mp-567203,0.26
mp-569228,0.62
mp-569594,0.31
mp-5720,0.29
mp-631342,0.52
mp-672374,0.3
mp-690542,0.15
mp-6950,0.24
mp-754815,0.28
mp-761842,0.31
mp-768479,0.3
mp-795,0.23
mp-820,0.35
mp-864629,0.34
mp-865893,0.38
mp-865919,0.36
mp-865995,0.43
mp-867753,0.76
mp-9248,0.3
mp-961657,0.04
mp-961667,1.2
mp-971836,0.37
mp-972945,0.3
mp-973092,0.35
mp-974322,0.23
mp-976774,0.47
mp-979751,0.33
mp-979962,0.31
mp-999542,0.29
mp-1008920,0.43
mp-1021328,0.3
mp-1025270,0.32
mp-10279,0.31
mp-10896,0.2
mp-12532,0.34
mp-1263,0.34
mp-13100,0.31
mp-1551,0.26
mp-18895,0.29
mp-2028,0.23
mp-20623,0.4
mp-20952,0.31
mp-22879,0.28
mp-232,0.34
mp-2424,0.31
mp-253,0.35
mp-2680,0.2
mp-27176,0.31
mp-3582,0.23
mp-38605,0.22
mp-4552,0.33
mp-557680,0.34
mp-567817,0.18
mp-569344,0.26
mp-570707,0.26
mp-571367,0.27
mp-603930,0.26
mp-636212,0.48
mp-770107,0.36
mp-861882,0.23
mp-862948,0.25
mp-864939,0.38
mp-867293,0.22
mp-961662,0.63
mp-972793,0.33
mp-974743,0.49
mp-975882,0.19
mp-976727,0.38
mp-977585,0.29
mp-984729,0.24
mp-989537,0.14
mp-1006226,0.31
mp-1016853,0.3
mp-1023939,0.23
mp-1025165,0.22
mp-1025170,0.14
mp-105,0.32
mp-1082,0.23
mp-1115,0.24
mp-11430,0.24
mp-11698,0.23
mp-16321,0.22
mp-2323,0.29
mp-23350,0.26
mp-24287,0.26
mp-260,0.17
mp-29005,0.24
mp-30208,0.3
mp-3398,0.32
mp-34202,0.21
mp-4065,0.25
mp-4824,0.25
mp-546142,0.28
mp-5498,0.26
mp-5508,0.45
mp-567416,0.23
mp-631343,0.28
mp-632296,0.39
mp-644136,0.27
mp-6999,0.2
mp-7879,0.24
mp-7974,0.25
mp-84,0.3
mp-862486,0.34
mp-862619,0.33
mp-862873,0.46
mp-863669,0.37
mp-864662,0.25
mp-864952,0.29
mp-865490,0.3
mp-865793,0.35
mp-865799,0.23
mp-865806,0.38
mp-867120,0.27
mp-961689,0.67
mp-961774,0.3
mp-972099,0.37
mp-973442,0.34
mp-973471,0.19
mp-9743,0.31
mp-974583,0.38
mp-976322,0.34
mp-979269,0.54
mp-9799,0.21
mp-981103,0.2
mp-999484,0.19
mp-1001789,0.36
mp-1007855,0.3
mp-1008376,0.38
mp-1009548,0.39
mp-1017540,0.31
mp-1018012,0.35
mp-1018030,0.24
mp-1018895,0.22
mp-1019052,0.29
mp-1019358,0.28
mp-1019550,0.2
mp-10259,0.35
mp-10736,0.31
mp-10905,0.29
mp-11467,0.36
mp-1563,0.21
mp-1937,0.27
mp-22253,0.3
mp-22633,0.37
mp-2317,0.31
mp-2605,0.21
mp-29400,0.34
mp-30763,0.43
mp-31438,0.28
mp-33107,0.22
mp-3701,0.22
mp-380,0.29
mp-4112,0.35
mp-4163,0.28
mp-4939,0.26
mp-540912,0.23
mp-554462,0.24
mp-568983,0.5
mp-569737,0.44
mp-7824,0.27
mp-862543,0.33
mp-865609,0.34
mp-866185,0.4
mp-8896,0.27
mp-971704,0.61
mp-975425,-0.06
mp-979899,0.28
mp-985287,0.41
mp-989586,0.39
mp-995196,0.67
mp-997055,0.37
mp-998418,0.31
mp-999502,0.29
mp-1025096,0.22
mp-117,0.27
mp-1307,0.17
mp-133,0.3
mp-1423,0.33
mp-1818,0.28
mp-19833,0.36
mp-20265,0.35
mp-20408,0.26
mp-21167,0.4
mp-22318,0.2
mp-22863,0.33
mp-2794,0.33
mp-32884,0.36
mp-3427,0.26
mp-41219,0.69
mp-4395,0.22
mp-445,0.44
mp-4861,0.31
mp-559798,0.36
mp-614006,0.68
mp-631424,0.38
mp-631449,0.71
mp-644424,0.25
mp-644481,0.27
mp-6933,0.15
mp-7064,0.33
mp-755895,0.27
mp-758658,0.29
mp-776097,0.29
mp-8042,0.32
mp-8122,0.2
mp-8372,0.26
mp-861910,0.28
mp-865712,0.33
mp-865925,0.36
mp-867246,0.21
mp-8864,0.29
mp-978950,0.28
mp-979987,0.38
mp-984728,0.36
mvc-15785,0.35
mp-1009639,0.38
mp-1018061,0.24
mp-1019509,0.16
mp-1025017,0.32
mp-10697,0.23
mp-11176,0.33
mp-16317,0.54
mp-16495,0.32
mp-190,0.28
mp-1925,0.33
mp-20662,0.29
mp-22167,0.3
mp-22490,0.25
mp-23184,0.31
mp-24409,0.27
mp-28731,0.21
mp-3048,0.27
mp-36194,0.33
mp-4391,0.27
mp-5526,0.22
mp-556125,0.31
mp-570377,0.27
mp-571126,0.29
mp-573321,0.28
mp-5841,0.35
mp-589,0.41
mp-631464,3.66
mp-676241,0.29
mp-6940,0.38
mp-753798,0.34
mp-754696,0.34
mp-764233,0.27
mp-8097,1.31
mp-862610,0.33
mp-862846,0.16
mp-865215,0.3
mp-865379,0.31
mp-867280,0.28
mp-867874,0.34
mp-8932,0.27
mp-9565,0.23
mp-962076,5.89
mp-971683,0.19
mp-975588,0.47
mp-975801,0.38
mp-977440,0.4
mp-979422,0.47
mvc-7786,0.35
mvc-916,0.34
mp-1008617,0.35
mp-1009048,-0.17
mp-1018724,0.19
mp-1025028,0.34
mp-1025348,0.34
mp-10629,4.41
mp-10884,0.28
mp-11091,0.35
mp-11556,0.52
mp-11917,0.15
mp-1252,0.19
mp-13495,0.39
mp-1525,0.41
mp-1567,0.34
mp-16290,0.36
mp-16493,0.28
mp-1831,0.38
mp-19138,0.37
mp-2450,0.26
mp-2469,0.35
mp-2620,0.22
mp-27707,0.37
mp-2990,0.26
mp-30845,0.32
mp-33018,0.0
mp-36508,-0.45
mp-3944,0.38
mp-551092,0.25
mp-561877,0.25
mp-579,0.28
mp-5918,0.26
mp-601285,0.32
mp-6223,0.34
mp-632172,0.5
mp-7298,0.33
mp-7502,0.28
mp-755352,0.24
mp-865025,0.31
mp-865527,0.27
mp-866181,0.21
mp-866213,0.3
mp-910,0.23
mp-975868,0.22
mp-977356,0.29
mp-982974,0.19
mp-985,0.26
mp-9935,0.23
mp-1002069,0.25
mp-1009544,0.39
mp-1016329,0.23
mp-1025,0.37
mp-1025173,0.25
mp-1025177,0.25
mp-1029490,0.33
mp-1029522,0.17
mp-10913,0.26
mp-10991,0.27
mp-11567,0.25
mp-11824,0.17
mp-1201,0.21
mp-1358,0.3
mp-16365,0.23
mp-16494,0.33
mp-19808,0.26
mp-19953,0.22
mp-22493,0.39
mp-23089,0.21
mp-30347,0.41
mp-30360,0.45
mp-3274,0.36
mp-36738,0.34
mp-4200,0.28
mp-546546,0.3
mp-5637,0.27
mp-569103,0.42
mp-570985,0.16
mp-631548,0.74
mp-761563,0.34
mp-779517,0.25
mp-7956,0.2
mp-862861,0.32
mp-865014,0.28
mp-865406,0.33
mp-866005,0.3
mp-9211,0.24
mp-976971,0.31
mp-977545,0.27
mp-979014,0.25
mp-999088,0.29
mvc-11235,0.55
mp-1009223,0.25
mp-11220,0.24
mp-11291,0.15
mp-1723,0.21
mp-1955,0.29
mp-20965,0.25
mp-21157,0.24
mp-22262,0.3
mp-22465,0.58
mp-23062,0.3
mp-28006,0.34
mp-29623,0.28
mp-30875,0.28
mp-31349,0.43
mp-36940,0.48
mp-561242,0.32
mp-568170,0.28
mp-631323,0.33
mp-669918,0.32
mp-6930,-0.03
mp-761568,0.41
mp-815,0.31
mp-8208,0.33
mp-861876,0.25
mp-862329,0.28
mp-862930,0.19
mp-862938,0.32
mp-865043,0.35
mp-865301,0.26
mp-865810,0.29
mp-866103,0.32
mp-952,0.28
mp-9635,0.38
mp-971924,0.31
mp-972692,0.39
mp-972916,0.28
mp-978269,0.27
mp-981233,0.42
mp-990084,0.26
mp-1002124,0.41
mp-1013643,0.21
mp-1017519,0.5
mp-1018082,0.3
mp-1025161,0.33
mp-1025504,0.27
mp-10755,0.3
mp-11231,0.18
mp-1124,0.31
mp-1213,0.58
mp-12557,0.21
mp-1453,0.34
mp-1681,0.4
mp-19390,0.27
mp-19728,0.29
mp-20856,0.2
mp-2108,0.22
mp-22270,0.26
mp-2234,0.3
mp-23431,0.29
mp-2572,0.24
mp-2808,0.45
mp-2930,0.34
mp-29476,0.34
mp-30759,0.74
mp-30883,0.31
mp-31460,0.33
mp-4768,0.27
mp-551741,0.62
mp-567712,0.29
mp-6543,0.35
mp-675402,0.43
mp-7376,0.22
mp-754542,-0.76
mp-755581,0.26
mp-862365,0.31
mp-862369,0.31
mp-862769,-0.18
mp-867245,0.37
mp-971669,0.27
mp-972741,0.52
mp-972876,0.27
mp-973986,0.24
mp-1025457,0.24
mp-1038837,0.28
mp-10671,0.21
mp-11441,0.27
mp-11456,0.3
mp-12553,0.23
mp-12734,0.29
mp-13302,0.28
mp-1529,0.3
mp-16960,0.32
mp-18766,0.28
mp-18876,0.27
mp-20144,0.27
mp-2034,0.29
mp-20554,0.36
mp-20939,0.41
mp-21289,0.38
mp-21467,0.31
mp-2207,0.24
mp-22159,0.3
mp-22323,0.32
mp-23162,0.24
mp-23425,0.27
mp-2462,0.37
mp-27989,0.27
mp-28044,0.09
mp-2849,0.31
mp-2856,0.22
mp-29950,0.24
mp-3011,0.36
mp-30362,0.43
mp-3498,0.39
mp-3602,0.24
mp-3771,0.28
mp-505198,0.33
mp-568113,0.31
mp-568624,0.33
mp-569849,0.21
mp-570157,0.06
mp-570199,0.38
mp-570826,0.58
mp-867127,0.36
mp-961711,0.32
mp-976075,0.28
mp-976333,0.33
mp-976768,0.22
mp-989523,-0.26
mp-998197,0.27
mp-999117,0.29
mp-1021424,0.29
mp-1029763,0.41
mp-1039074,0.25
mp-1067,0.18
mp-10889,0.3
mp-11234,0.34
mp-19048,0.31
mp-19097,0.27
mp-19120,0.23
mp-20379,1.2
mp-20526,0.21
mp-21168,0.14
mp-22867,0.3
mp-22987,0.25
mp-30493,0.34
mp-30600,0.4
mp-30836,0.32
mp-3217,0.26
mp-34240,0.18
mp-3953,0.31
mp-437,0.33
mp-4608,0.32
mp-4779,0.12
mp-5124,0.43
mp-5409,0.29
mp-5497,0.27
mp-556927,0.34
mp-571513,0.31
mp-5999,0.31
mp-626680,0.25
mp-639727,0.36
mp-644225,0.18
mp-649,0.34
mp-754480,0.28
mp-754516,0.29
mp-754777,0.33
mp-754826,0.39
mp-774,0.28
mp-8439,0.25
mp-862669,0.27
mp-862747,0.3
mp-867815,0.2
mp-91,0.29
mp-9460,0.31
mp-9582,0.22
mp-985280,0.34
mp-1021669,0.41
mp-10314,0.24
mp-11302,0.28
mp-11984,0.21
mp-1233,0.3
mp-13155,0.29
mp-1343,0.34
mp-13947,0.3
mp-14024,0.32
mp-19908,0.32
mp-20120,0.26
mp-20199,0.3
mp-20695,0.28
mp-227,0.33
mp-22993,0.39
mp-23304,0.33
mp-2642,0.45
mp-30930,0.12
mp-31404,0.44
mp-3678,0.27
mp-3751,1.11
mp-4316,0.26
mp-4661,0.31
mp-4846,0.37
mp-505331,0.38
mp-5106,0.26
mp-550908,0.24
mp-554278,0.35
mp-555464,0.38
mp-557266,0.33
mp-557929,0.38
mp-573,0.33
mp-617,0.23
mp-631254,0.76
mp-631410,-5.31
mp-631553,-0.41
mp-6646,0.31
mp-864804,0.38
mp-865010,0.33
mp-865027,0.31
mp-865789,0.36
mp-865918,0.2
mp-976408,0.33
mp-977391,0.36
mp-978851,0.21
mp-982004,0.33
mp-1017377,0.27
mp-13148,0.47
mp-15776,0.23
mp-16514,0.31
mp-21075,0.2
mp-21409,-0.19
mp-22595,0.26
mp-22735,0.26
mp-23050,0.29
mp-23211,0.28
mp-2551,0.39
mp-30560,0.81
mp-4355,0.32
mp-546079,0.37
mp-570293,0.3
mp-610917,0.38
mp-742,0.31
mp-753360,0.26
mp-761716,0.32
mp-774411,0.21
mp-817,0.39
mp-862883,0.33
mp-864769,0.36
mp-865006,0.22
mp-866139,0.34
mp-866271,0.59
mp-975028,0.21
mp-975794,0.33
mp-976419,0.37
mp-979413,0.21
mp-981382,0.38
mp-998890,0.44
mvc-15605,0.27
mp-1002182,-2.89
mp-1022725,0.26
mp-1025205,0.29
mp-1050,0.33
mp-13109,0.26
mp-18724,0.32
mp-18937,0.32
mp-19856,0.35
mp-2076,0.23
mp-21078,0.32
mp-23713,0.22
mp-2525,0.37
mp-27148,0.18
mp-2845,0.39
mp-30780,0.2
mp-33,0.24
mp-33588,0.22
mp-6654,0.28
mp-676416,0.24
mp-765406,0.3
mp-8016,0.3
mp-8191,0.3
mp-850274,0.48
mp-8624,0.23
mp-862936,0.55
mp-864798,0.32
mp-864941,0.3
mp-865181,0.31
mp-865281,0.35
mp-865460,0.13
mp-865737,0.38
mp-866156,0.32
mp-867222,0.28
mp-867863,0.35
mp-9580,-0.59
mp-976751,0.28
mp-979423,0.22
mvc-13997,0.37
mp-1007778,-0.03
mp-1008632,0.32
mp-1008820,0.38
mp-1008931,0.5
mp-10165,0.23
mp-1019612,0.31
mp-1025306,0.37
mp-1039305,-47.53
mp-11471,0.33
mp-11879,0.26
mp-12798,0.31
mp-135,0.36
mp-14070,0.3
mp-1828,0.44
mp-189,0.29
mp-1944,0.19
mp-20112,0.32
mp-2062,0.3
mp-21092,0.42
mp-21879,0.3
mp-22966,0.31
mp-2991,0.27
mp-30766,0.2
mp-30866,0.3
mp-3102,0.26
mp-3862,0.22
mp-4075,0.3
mp-443,0.4
mp-4634,0.29
mp-541037,0.36
mp-555014,0.4
mp-556911,0.35
mp-570276,0.31
mp-571030,0.37
mp-62,0.48
mp-631316,-0.05
mp-661,0.24
mp-7159,0.24
mp-7303,0.29
mp-752426,0.23
mp-753826,0.29
mp-865109,0.31
mp-865202,0.44
mp-865963,0.29
mp-867156,0.33
mp-867779,0.31
mp-8962,0.32
mp-9258,0.24
mp-9479,0.25
mp-972087,0.23
mp-972978,0.66
mp-973830,0.54
mp-974307,0.38
mp-974827,0.39
mp-979289,0.27
mp-980044,0.3
mp-984719,0.42
mp-9958,0.22
mp-998883,0.4
mp-999257,0.33
mvc-11231,0.64
mp-1001023,0.27
mp-1008275,0.19
mp-1008631,0.29
mp-1018849,0.32
mp-1019319,0.26
mp-1021478,0.26
mp-1029444,0.3
mp-1029832,0.51
mp-1029903,0.28
mp-1039073,0.35
mp-10611,0.22
mp-11301,0.26
mp-11468,0.3
mp-16726,0.19
mp-178,0.29
mp-2061,0.31
mp-22144,0.26
mp-22716,0.33
mp-27145,0.24
mp-29259,0.35
mp-30485,0.32
mp-30648,0.29
mp-4051,-0.28
mp-4253,0.32
mp-4826,0.28
mp-5015,0.34
mp-5129,0.24
mp-556536,0.34
mp-560242,0.3
mp-561536,0.34
mp-567626,0.56
mp-567679,0.66
mp-568541,0.2
mp-570822,0.35
mp-6178,1.01
mp-631409,-0.79
mp-672645,0.3
mp-675,0.32
mp-6982,0.41
mp-7498,0.27
mp-8023,0.55
mp-863724,0.56
mp-864807,0.35
mp-865841,0.38
mp-866109,0.31
mp-973353,0.45
mvc-14558,0.23
mp-1001785,0.52
mp-1001835,0.28
mp-1011860,0.25
mp-1018629,0.45
mp-1038879,0.42
mp-10716,0.32
mp-11157,0.19
mp-11369,0.3
mp-11444,0.28
mp-11522,0.3
mp-12684,0.24
mp-12760,0.29
mp-16501,0.42
mp-1677,0.2
mp-18767,0.23
mp-22150,0.32
mp-22636,0.33
mp-22746,0.25
mp-22967,0.24
mp-23029,0.39
mp-27,0.46
mp-2857,0.19
mp-30034,0.34
mp-30404,0.34
mp-30455,0.3
mp-33997,0.28
mp-3791,0.27
mp-4864,0.21
mp-4889,0.32
mp-542136,0.27
mp-568656,0.16
mp-631274,1.08
mp-67,0.26
mp-754850,0.25
mp-755543,0.28
mp-7948,0.33
mp-8398,0.24
mp-862291,0.29
mp-862548,0.25
mp-862830,0.4
mp-865362,0.34
mp-9561,0.18
mp-961686,0.41
mp-972156,0.27
mp-974335,0.24
mp-974527,0.3
mp-975883,0.36
mp-976414,0.22
mp-979715,0.26
mp-991,0.32
mp-999118,0.42
mp-1009696,0.4
mp-1009756,0.32
mp-1016880,0.4
mp-1017532,0.24
mp-10878,0.19
mp-12077,0.24
mp-12571,0.18
mp-1403,0.29
mp-1473,0.29
mp-1515,0.2
mp-15685,0.25
mp-15988,0.24
mp-20055,0.31
mp-2667,0.25
mp-30536,0.25
mp-30820,0.3
mp-31059,0.36
mp-3587,0.32
mp-3686,0.27
mp-399,0.26
mp-4809,0.17
mp-4984,0.28
mp-5042,0.26
mp-5158,0.31
mp-5632,0.31
mp-568177,0.2
mp-569593,0.25
mp-569858,0.33
mp-580886,0.25
mp-631412,0.46
mp-636056,-0.34
mp-675798,0.3
mp-6927,0.37
mp-7420,0.22
mp-7478,0.25
mp-754892,0.5
mp-8601,0.31
mp-861733,0.41
mp-861905,0.43
mp-867274,0.28
mp-867288,0.35
mp-9124,0.21
mp-976125,0.59
mp-978507,0.26
mp-978797,0.27
mp-979265,0.39
mp-979614,0.27
mp-979951,-0.09
mp-980905,0.51
mp-1009133,0.28
mp-1009753,0.95
mp-1018043,0.36
mp-1019740,0.22
mp-1025207,0.17
mp-10919,0.3
mp-12778,0.32
mp-13937,0.65
mp-14587,0.27
mp-188,0.32
mp-20452,0.26
mp-20983,0.23
mp-22725,0.33
mp-23299,0.3
mp-24147,0.27
mp-2529,0.33
mp-30784,0.29
mp-3203,0.3
mp-33708,0.33
mp-37153,0.46
mp-4170,0.3
mp-4510,0.15
mp-4551,0.11
mp-569204,0.32
mp-570454,0.55
mp-624929,0.25
mp-639755,0.72
mp-684709,0.18
mp-7541,0.25
mp-768864,0.26
mp-778,0.32
mp-7830,0.71
mp-862362,0.31
mp-862699,0.28
mp-931,0.3
mp-961673,0.28
mp-972327,0.3
mp-974315,0.43
mp-984718,0.14
mp-1016850,0.32
mp-1017466,0.35
mp-1018015,0.4
mp-1019743,0.23
mp-1025265,0.31
mp-1025266,0.3
mp-12006,0.33
mp-13061,0.36
mp-1472,0.14
mp-19019,0.33
mp-19080,0.32
mp-20423,0.39
mp-2194,0.2
mp-2360,0.21
mp-29463,0.22
mp-3042,0.3
mp-4494,0.32
mp-505517,0.25
mp-510488,0.28
mp-559092,0.3
mp-560963,0.14
mp-568564,0.39
mp-571185,1.2
mp-607,0.49
mp-6353,0.25
mp-7845,0.33
mp-863690,0.3
mp-864940,0.29
mp-889,0.21
mp-9318,0.19
mp-9556,0.19
mp-978547,0.36
mp-989512,0.3
mp-9923,0.18
mp-998234,0.33
mp-1008483,0.42
mp-10162,0.29
mp-1016876,0.37
mp-10178,0.34
mp-1018134,0.29
mp-1018851,0.5
mp-1025393,0.28
mp-1029659,0.25
mp-1029702,0.29
mp-12058,0.24
mp-12109,0.38
mp-12697,0.24
mp-13992,0.38
mp-142,0.22
mp-14549,0.41
mp-16253,0.25
mp-2039,0.39
mp-25385,0.32
mp-486,0.23
mp-5350,0.23
mp-552857,0.26
mp-557523,0.18
mp-559264,0.24
mp-559847,0.38
mp-569017,0.26
mp-570485,0.19
mp-631388,0.43
mp-722913,0.24
mp-754311,0.21
mp-7798,0.26
mp-7976,0.25
mp-8470,0.31
mp-861663,0.26
mp-864936,0.3
mp-866018,0.29
mp-866127,0.31
mp-9270,0.25
mp-973066,0.62
mp-997182,0.27
mp-998980,0.21
mp-1014257,0.24
mp-1025158,0.34
mp-1029542,0.22
mp-10312,0.3
mp-10699,0.32
mp-10853,0.2
mp-11597,0.33
mp-1285,0.31
mp-1394,0.34
mp-15642,0.19
mp-15803,0.33
mp-20238,0.26
mp-20738,0.22
mp-22469,0.34
mp-22875,0.36
mp-27275,0.26
mp-29750,0.34
mp-30572,0.27
mp-30721,0.49
mp-3591,0.3
mp-558137,0.22
mp-567789,0.24
mp-568746,0.35
mp-569544,0.25
mp-569960,0.28
mp-570960,0.35
mp-6521,0.3
mp-673247,0.31
mp-697111,0.3
mp-736,0.17
mp-755089,0.28
mp-7554,0.57
mp-757,0.16
mp-8212,0.34
mp-858,0.2
mp-865666,0.58
mp-866056,0.39
mp-867117,0.34
mp-867216,0.31
mp-9711,0.26
mp-976847,0.37
mp-977152,0.33
mp-977553,0.32
mp-1001571,0.23
mp-1024067,0.3
mp-1038818,3.82
mp-112,0.24
mp-11488,-0.0
mp-1240,0.33
mp-15987,0.27
mp-19005,0.3
mp-19870,0.36
mp-2118,0.22
mp-21343,0.22
mp-22309,0.23
mp-22565,0.3
mp-22717,0.31
mp-23202,0.25
mp-23860,0.3
mp-28084,0.29
mp-30570,0.41
mp-3717,0.28
mp-40189,0.6
mp-4181,0.3
mp-4251,0.28
mp-505554,0.24
mp-5112,0.21
mp-541837,0.22
mp-557958,0.38
mp-561067,0.3
mp-567441,0.28
mp-567617,0.26
mp-568469,0.29
mp-7032,0.26
mp-7786,0.29
mp-7961,-0.09
mp-850878,0.23
mp-865158,0.3
mp-867805,0.1
mp-961645,0.55
mp-961699,-3.24
mp-971833,0.34
mp-973217,0.36
mp-973890,0.31
mp-977128,0.39
mp-977407,0.24
mp-9921,0.27
mp-997024,0.32
mp-999576,0.29
mp-1008506,0.19
mp-1013704,0.18
mp-1018066,0.31
mp-1025557,0.26
mp-12265,0.32
mp-1432,0.24
mp-16272,0.18
mp-1731,0.41
mp-1879,0.21
mp-18965,0.35
mp-19214,0.33
mp-19991,0.29
mp-20185,0.19
mp-20272,0.31
mp-20661,0.25
mp-20872,0.52
mp-22731,0.39
mp-22880,0.27
mp-22883,0.24
mp-22950,0.29
mp-25,0.28
mp-2606,0.32
mp-28357,0.44
mp-28602,0.24
mp-29133,0.27
mp-30741,0.28
mp-30744,0.27
mp-30872,0.27
mp-31178,0.23
mp-34903,0.29
mp-3499,0.45
mp-504974,0.36
mp-5410,0.28
mp-5438,0.3
mp-547125,0.32
mp-555,0.29
mp-556487,0.34
mp-557772,0.35
mp-569802,0.96
mp-6073,0.27
mp-754125,0.51
mp-7754,0.27
mp-864732,0.14
mp-865324,0.26
mp-865496,0.26
mp-867926,0.93
mp-9575,0.17
mp-971985,0.39
mp-973887,0.36
mp-976319,0.51
mp-979961,0.32
mp-980193,0.3
mp-996990,0.27
mp-1004377,0.47
mp-1005727,0.35
mp-1008601,0.43
mp-1029779,0.29
mp-12564,0.44
mp-13032,0.34
mp-13272,0.19
mp-14018,0.25
mp-20612,0.28
mp-20997,0.35
mp-21309,0.16
mp-22221,0.41
mp-22912,0.31
mp-2367,0.33
mp-2410,0.33
mp-2592,0.17
mp-31907,0.27
mp-34418,0.43
mp-3567,0.39
mp-5459,0.3
mp-5566,0.31
mp-567116,0.35
mp-569451,0.42
mp-569674,0.28
mp-570428,0.25
mp-571419,0.22
mp-571594,0.28
mp-5749,0.22
mp-640073,0.34
mp-675078,0.3
mp-6907,0.47
mp-7048,0.27
mp-7288,0.29
mp-753495,0.24
mp-754375,0.27
mp-768680,0.26
mp-776490,0.24
mp-861672,0.33
mp-861956,0.35
mp-863733,0.38
mp-864782,0.27
mp-865373,0.32
mp-867229,0.32
mp-9027,0.24
mp-972042,0.32
mp-975639,0.26
mp-977194,0.41
mp-1007906,0.21
mp-1008279,0.28
mp-1016999,0.27
mp-1017531,0.32
mp-1017626,0.34
mp-1018079,0.38
mp-1018770,0.21
mp-1022804,0.21
mp-1025172,0.24
mp-1025219,0.21
mp-1025277,0.24
mp-10474,0.28
mp-11388,0.36
mp-11480,0.43
mp-12098,0.22
mp-12546,0.34
mp-13452,0.32
mp-15687,0.22
mp-1580,0.31
mp-17783,0.28
mp-20436,0.29
mp-2513,0.25
mp-2644,0.28
mp-30033,0.33
mp-30758,0.24
mp-31168,0.31
mp-4499,0.3
mp-541,0.3
mp-560553,0.25
mp-561490,0.29
mp-567807,0.3
mp-568320,0.3
mp-569366,0.32
mp-570097,0.17
mp-570747,0.21
mp-571655,0.37
mp-603251,1.12
mp-643062,0.37
mp-708,0.25
mp-7112,0.2
mp-7434,0.32
mp-7542,0.21
mp-754698,0.36
mp-766454,0.32
mp-861658,0.31
mp-862725,0.33
mp-864788,0.3
mp-864910,0.3
mp-865117,0.24
mp-865174,0.34
mp-865871,0.45
mp-866008,0.37
mp-867147,0.47
mp-867364,1.13
mp-961647,-16.27
mp-971864,0.32
mp-973653,0.35
mp-976406,-0.41
mp-977182,0.41
mp-977354,0.31
mp-979933,0.33
mp-9827,0.28
mp-989529,0.39
mp-1001826,0.45
mp-10041,0.35
mp-10057,0.21
mp-1018140,0.35
mp-1018144,0.37
mp-12724,0.34
mp-15805,0.26
mp-1811,0.39
mp-19895,0.29
mp-20466,0.31
mp-2075,0.17
mp-20828,0.38
mp-22904,0.32
mp-2291,0.4
mp-23116,0.3
mp-2560,0.32
mp-27882,0.26
mp-28077,0.04
mp-31498,0.33
mp-328,0.42
mp-38725,0.28
mp-4368,0.34
mp-44,0.2
mp-4666,0.28
mp-510623,0.34
mp-5451,0.32
mp-569989,0.28
mp-570835,0.28
mp-5739,0.24
mp-5908,0.18
mp-626620,0.29
mp-7911,0.3
mp-8039,0.25
mp-8224,-0.32
mp-862316,0.29
mp-862376,0.31
mp-865907,0.36
mp-867786,0.28
mp-9383,0.2
mp-971950,0.46
mp-972511,0.34
mp-976261,0.01
mp-977547,0.32
mp-978271,0.17
mp-979039,0.4
mp-981207,0.21
mp-989399,0.3
mp-996981,0.41
mp-999439,0.41
mvc-11693,0.37
mp-1002081,0.29
mp-1016200,0.29
mp-1025473,0.25
mp-1029258,0.23
mp-10485,0.18
mp-10627,0.42
mp-10932,0.28
mp-11280,0.29
mp-12923,0.34
mp-1533,0.37
mp-16328,3.76
mp-1769,0.37
mp-19004,0.25
mp-19418,0.26
mp-20382,0.28
mp-20473,0.39
mp-21489,0.31
mp-21888,0.41
mp-22056,0.28
mp-22179,0.27
mp-22246,0.17
mp-22719,0.29
mp-2596,0.27
mp-2786,0.32
mp-30180,0.23
mp-3210,0.19
mp-36066,0.12
mp-514,0.28
mp-531611,0.15
mp-5407,0.28
mp-567681,0.29
mp-569567,0.07
mp-647164,0.4
mp-675045,0.3
mp-6997,0.23
mp-777595,0.35
mp-7954,0.32
mp-861628,0.31
mp-861992,0.4
mp-862832,0.31
mp-865786,0.32
mp-9035,0.23
mp-972116,0.79
mp-972965,0.49
mp-973088,0.08
mp-973750,0.34
mp-975208,0.31
mp-976122,0.41
mp-978279,0.26
mp-979073,0.23
mp-980429,0.32
mp-985282,0.37
mp-9924,-0.13
mp-999127,0.23
mp-1008681,1.02
mp-1011695,0.32
mp-1018717,0.32
mp-1025353,0.38
mp-1029374,0.24
mp-1029469,0.29
mp-10861,0.4
mp-10879,0.43
mp-11313,0.34
mp-11392,0.29
mp-11507,0.32
mp-1418,0.3
mp-15791,0.23
mp-165,0.22
mp-19237,0.41
mp-20685,0.25
mp-21253,0.04
mp-2157,0.28
mp-23,0.29
mp-23475,0.29
mp-2686,0.31
mp-30410,0.38
mp-31184,0.28
mp-35397,0.27
mp-4071,0.19
mp-5285,0.32
mp-546794,0.06
mp-567290,0.38
mp-567513,0.25
mp-569066,0.27
mp-569803,0.22
mp-628773,0.35
mp-684591,0.26
mp-768,0.19
mp-862868,0.37
mp-864747,0.46
mp-866222,0.26
mp-866296,0.49
mp-867270,0.27
mp-972058,0.3
mp-972160,0.74
mp-973627,0.18
mp-978964,0.29
mp-979294,0.32
mp-1014373,0.41
mp-1016845,0.41
mp-1018020,0.38
mp-1018050,0.21
mp-1029347,0.27
mp-11361,0.3
mp-11453,0.3
mp-12772,0.29
mp-1545,0.31
mp-19877,0.37
mp-2117,0.19
mp-23879,0.08
mp-2677,0.35
mp-27462,0.29
mp-29356,0.27
mp-30790,0.41
mp-33618,0.33
mp-3618,0.24
mp-4264,0.29
mp-541487,0.25
mp-570112,0.29
mp-5723,0.28
mp-582034,0.16
mp-631317,0.47
mp-643243,0.3
mp-753746,0.23
mp-813,0.19
mp-8540,0.28
mp-862336,0.35
mp-862887,0.32
mp-863698,0.25
mp-863739,0.33
mp-864943,0.29
mp-865021,0.3
mp-865123,0.38
mp-865341,0.37
mp-866000,0.29
mp-9577,0.21
mp-962073,0.52
mp-971914,0.31
mp-973957,0.36
mp-976284,0.28
mp-976292,0.38
mp-976793,0.27
mp-977566,0.36
mp-978917,0.47
mp-979931,0.35
mp-989555,0.65
mp-989561,0.49
mp-9937,0.28
mp-997030,0.33
mp-1013533,0.22
mp-1016650,0.25
mp-1018699,0.19
mp-10523,0.33
mp-1055,0.31
mp-10692,0.29
mp-1548,0.23
mp-15669,0.24
mp-18728,0.37
mp-19787,0.22
mp-22260,0.23
mp-22503,0.3
mp-22899,0.24
mp-22934,0.26
mp-2588,0.38
mp-27277,0.27
mp-27734,0.26
mp-2828,0.25
mp-29398,0.25
mp-30651,0.41
mp-3376,0.28
mp-4668,0.25
mp-549,0.27
mp-554089,-0.06
mp-571216,0.22
mp-604910,0.27
mp-605663,0.36
mp-6304,0.29
mp-753226,0.39
mp-753315,0.24
mp-7565,0.34
mp-7704,0.23
mp-861983,0.31
mp-865007,0.29
mp-865854,0.34
mp-865983,0.37
mp-866173,0.31
mp-867914,0.35
mp-888,0.25
mp-9588,0.23
mp-973767,0.42
mp-974842,0.39
mp-999490,0.2
mp-1018031,0.19
mp-10240,0.25
mp-1025340,-0.53
mp-11282,0.19
mp-11536,0.34
mp-12558,0.19
mp-13121,0.33
mp-15955,0.23
mp-16356,0.27
mp-18793,0.26
mp-1902,0.46
mp-1911,0.28
mp-20674,0.29
mp-22881,0.27
mp-23241,0.26
mp-27919,0.22
mp-28369,0.17
mp-30469,0.38
mp-3497,0.35
mp-3821,0.33
mp-4283,0.3
mp-4561,0.32
mp-4767,0.28
mp-5461,0.34
mp-573316,0.28
mp-756,0.2
mp-759943,0.26
mp-760539,0.27
mp-775906,0.3
mp-865187,0.3
mp-865450,0.26
mp-865791,0.27
mp-865797,0.3
mp-865812,0.39
mp-866115,0.28
mp-9200,0.24
mp-962074,0.56
mp-974337,0.3
mp-974517,0.27
mp-1008918,0.35
mp-1018067,0.29
mp-1018652,0.35
mp-1018794,0.35
mp-1019279,0.24
mp-1023208,0.26
mp-1025071,0.27
mp-1025334,0.23
mp-1111,0.36
mp-11193,0.29
mp-11236,0.39
mp-12015,0.34
mp-13434,0.29
mp-13583,0.26
mp-14254,0.2
mp-1550,0.27
mp-16245,0.31
mp-16343,0.2
mp-20119,0.45
mp-22907,0.25
mp-22917,0.2
mp-23797,0.26
mp-28698,-0.02
mp-30363,0.33
mp-505206,0.22
mp-557862,0.34
mp-568917,0.34
mp-570198,0.3
mp-570611,0.42
mp-620290,0.22
mp-672254,0.31
mp-680677,0.3
mp-8298,0.29
mp-865147,0.27
mp-865677,0.5
mp-866229,-0.7
mp-867820,0.97
mp-867873,0.26
mp-867901,0.33
mp-972352,0.38
mp-972549,0.23
mp-972742,0.2
mp-972837,0.69
mp-975055,0.07
mp-977568,0.48
mp-983123,0.36
mp-985583,0.27
mp-999076,0.36
mvc-3988,0.33
mp-1018628,0.64
mp-1025154,0.38
mp-10761,0.24
mp-1132,0.34
mp-12087,0.39
mp-12773,0.32
mp-1689,0.37
mp-20010,0.18
mp-2170,0.3
mp-23752,0.18
mp-29481,0.38
mp-30242,0.2
mp-3081,0.22
mp-30886,0.23
mp-3527,0.27
mp-4182,0.35
mp-481,0.3
mp-510376,0.39
mp-5166,0.36
mp-551101,0.26
mp-568419,0.32
mp-582736,0.22
mp-631334,0.55
mp-631566,0.54
mp-643265,0.32
mp-6625,0.3
mp-754483,0.26
mp-862546,0.35
mp-865680,0.29
mp-867803,0.24
mp-867850,0.32
mp-8742,0.27
mp-975404,0.37
mp-998913,0.34
mp-1006880,0.18
mp-1018104,0.34
mp-1025200,0.26
mp-10584,0.3
mp-10602,0.21
mp-11261,0.33
mp-11304,0.32
mp-13798,0.18
mp-15686,0.21
mp-157,0.23
mp-15922,0.3
mp-1607,0.29
mp-16305,0.25
mp-17546,0.32
mp-1798,0.19
mp-19035,0.24
mp-20023,0.34
mp-20481,0.4
mp-20601,0.42
mp-20887,0.27
mp-2104,0.34
mp-21399,0.32
mp-21894,0.22
mp-2324,0.29
mp-23533,0.37
mp-2354,0.26
mp-237,0.37
mp-29455,0.3
mp-29484,0.29
mp-30685,0.2
mp-30876,0.33
mp-3103,0.22
mp-4226,0.28
mp-5019,0.25
mp-556609,0.25
mp-567772,-0.25
mp-568171,0.41
mp-568284,0.27
mp-619461,0.16
mp-631451,0.54
mp-675172,0.26
mp-702,-0.96
mp-752947,0.22
mp-753656,0.27
mp-754086,0.32
mp-8188,0.24
mp-862617,0.24
mp-862805,0.39
mp-866026,0.32
mp-867169,0.26
mp-867254,0.43
mp-867290,0.23
mp-867342,0.1
mp-867868,0.37
mp-961660,0.28
mp-961677,0.56
mp-977561,0.32
mp-1021674,0.09
mp-1029640,0.27
mp-10824,0.26
mp-11227,0.24
mp-1146,0.33
mp-11461,0.3
mp-11765,0.27
mp-12635,0.38
mp-16220,0.25
mp-1648,0.18
mp-16513,0.26
mp-1722,0.29
mp-18695,0.32
mp-20389,0.38
mp-21296,0.36
mp-22414,0.15
mp-23194,0.22
mp-27972,0.28
mp-284,0.23
mp-29621,0.24
mp-30307,0.33
mp-3031,0.25
mp-30682,0.24
mp-30760,0.35
mp-30840,0.37
mp-31116,0.28
mp-31456,0.35
mp-3201,0.33
mp-428,0.18
mp-505824,0.32
mp-560959,0.13
mp-5618,0.3
mp-583266,0.39
mp-597,0.38
mp-672232,0.46
mp-755018,0.28
mp-755594,0.25
mp-8,0.3
mp-851,0.36
mp-862589,0.24
mp-862702,0.32
mp-8630,0.25
mp-866279,0.39
mp-9389,0.23
mp-9579,0.27
mp-972238,0.32
mp-972641,0.5
mp-973343,0.28
mp-974584,0.39
mp-997086,0.33
mp-1006878,0.24
mp-1018088,0.7
mp-1018718,0.31
mp-10527,0.26
mp-1056,0.31
mp-11365,0.44
mp-11508,0.2
mp-11568,0.35
mp-1194,0.34
mp-158,0.28
mp-1610,0.33
mp-191,0.33
mp-19102,0.26
mp-19183,0.31
mp-19974,0.5
mp-20098,0.28
mp-20145,0.32
mp-20196,0.25
mp-22617,0.3
mp-22896,0.28
mp-22925,0.38
mp-256,0.27
mp-28479,0.21
mp-34460,0.47
mp-3933,0.26
mp-4324,0.33
mp-4961,0.25
mp-5223,0.25
mp-560767,0.3
mp-5786,0.33
mp-636599,0.31
mp-776331,0.28
mp-7935,0.26
mp-818,0.29
mp-8218,0.22
mp-861872,0.37
mp-861939,0.29
mp-865262,0.31
mp-866061,0.25
mp-866107,0.38
mp-866818,0.21
mp-972062,0.3
mp-973342,0.29
mp-973681,0.43
mp-1010136,0.41
mp-1018689,0.24
mp-1018780,0.22
mp-1028,0.24
mp-1029491,0.33
mp-1038916,0.32
mp-10985,0.3
mp-1113,0.3
mp-1138,0.21
mp-13525,0.35
mp-13853,0.23
mp-15896,0.3
mp-1936,0.27
mp-2000,0.34
mp-20581,0.27
mp-20621,0.3
mp-22924,0.31
mp-23285,0.24
mp-2486,0.3
mp-30719,0.34
mp-31138,0.34
mp-3218,0.33
mp-540,0.28
mp-541785,0.22
mp-571071,0.27
mp-5714,0.26
mp-606393,0.28
mp-623024,0.0
mp-625487,0.25
mp-631379,0.56
mp-631556,0.77
mp-631565,0.44
mp-639910,0.3
mp-675755,0.36
mp-689940,0.17
mp-7366,0.25
mp-753657,0.28
mp-754128,0.26
mp-754741,0.3
mp-754954,0.29
mp-755714,0.25
mp-756638,0.33
mp-761036,0.34
mp-7818,0.38
mp-863654,0.36
mp-865255,0.31
mp-865273,0.42
mp-865757,0.33
mp-867307,0.32
mp-938,0.19
mp-961671,0.49
mp-972396,0.32
mp-972752,1.11
mp-975216,0.25
mp-975253,0.35
mp-975990,0.42
mp-979434,0.35
mp-1018684,0.26
mp-10212,0.22
mp-10417,0.65
mp-1498,0.3
mp-19033,0.11
mp-20483,0.35
mp-20840,0.3
mp-20959,0.26
mp-2119,0.34
mp-23173,0.23
mp-2700,0.2
mp-27762,0.07
mp-30684,0.25
mp-4192,0.2
mp-568014,0.32
mp-571249,0.24
mp-631368,1.07
mp-777463,0.28
mp-8044,0.23
mp-8159,0.35
mp-8187,0.38
mp-8606,0.33
mp-861880,0.37
mp-862655,0.28
mp-862723,0.34
mp-864671,0.22
mp-864794,0.4
mp-864800,0.31
mp-865145,0.39
mp-865585,0.32
mp-865602,0.23
mp-865921,0.26
mp-865974,0.42
mp-866114,0.29
mp-866117,0.44
mp-866192,0.16
mp-867149,0.29
mp-867308,0.58
mp-8786,0.29
mp-9173,0.26
mp-971700,0.49
mp-972364,0.22
mp-972970,0.18
mp-973626,0.64
mp-977123,0.32
mp-978274,0.33
mp-978493,-0.23
mp-978807,0.35
mp-979965,0.34
mp-982981,0.25
mp-998971,0.29
mvc-13972,0.34
