formula,target
S2Ta,0.06
Ge2,0.36
CRu,0.44
Ni2,0.25
H3NiYb,0.25
FeGa5Sc,0.22
CaN2Zr,0.2
Co6Nb4Si2,0.29
CGaY3,0.18
Cu4S8,0.31
ErRbSe2,0.23
Fe2N2,0.25
Co3Sn3,0.26
Nd2S4,1.91
TcV,0.29
O12Sc4Tb4,0.29
Fe2SiV,0.42
Cr4Se8Zn2,0.3
Co12Mg12,0.24
Cl4Zn2,0.27
Al8Mg4O36Si10,0.32
Ge4Se4,0.22
P4Ti4,0.23
Cu2F8Li2,0.23
FeO8V3,-0.06
Ba4Cd4O8,0.31
Au,0.45
BaF6Ti,0.31
F6HfK2,0.33
Ac2Hg6,0.38
InRh2Y,0.35
CdHg2Th,0.38
NaSnY,0.39
NbSc,0.35
K3Sn,0.44
NbTi3,0.47
O2Ru,0.23
Al2Dy2Zn2,0.19
AgPPt5,0.36
N6Sr6W2,0.27
Li4N8V4,0.26
Ca4OSb2,0.19
Ge12,0.18
Li56N32Nb8,0.19
KS2Sm,0.24
Au2Ti6,0.28
CaGe2Mn2,0.21
Co4Pr2,0.42
GdNi2Si2,0.27
Ca3OSn,0.2
Ba2Cd2Sb4,0.22
Al8Cr4Y,0.23
Al8Mn4Sc,0.2
AgCrSe2,0.34
S4Sc2U2,0.32
Li4O10Si4,0.24
DyFe5,0.2
B6Dy,0.34
InLiSn,0.14
CrCuSe2,0.32
Cu3Pd,0.36
AlGeLi,0.17
Cu4N24,0.27
Ce4La4O14,0.3
As4Nb2,0.21
Al2HgS4,0.26
Au2LiZn,0.43
B2Pt6,0.36
AlMn2Pa,0.33
Ca2Si4,0.24
ErRu2Ta,0.31
NbRe2Ti,0.3
NbRu2Yb,0.33
Au2MgNd,0.24
IrLiZn2,0.34
Au2Ge2Sc2,0.31
CaSrTl2,-0.05
Br3Se,0.45
IrRb3,0.35
NaRe3,0.35
Cd2V6,0.39
Ag2Ba2O4,0.32
Mn2NiSi,0.31
Hf2Zn,0.27
Au2Tm2,0.41
BiLaPt,0.3
CPt,0.44
Bi2Mn2Rb2,0.25
N8Na12W2,0.22
Cu3S4Ta,0.24
Li8S4,0.17
Al4Ni2Sc2,0.25
Cu4Ge2Zr3,0.27
PuRh3,0.38
MnNi,0.37
CoO6V2,0.44
O6W2,0.28
F6Rh2,0.24
Co8P4,0.35
CU,0.41
Ba2Nb4O12,0.33
Rh3Si2Y,0.26
Ca2Sn2Zn2,0.19
Cd14Sc2,0.33
S2Si2Zr2,0.22
Gd2O8Ta2,0.3
NbS2,0.27
Bi4,0.36
Pd2Si2Sr,0.3
In9KNi2,0.3
Si8,0.19
H2Al2O4,0.21
B4Ir4Sr2,0.31
Mn3NPt,0.31
BaCuO2,0.27
NSbSr3,0.18
Cd2P2Sr,0.24
GaLiRh2,0.31
Pm2SnZn,0.34
CdGePm2,0.36
GaNpRh2,0.37
Au2MgZr,0.37
MnRu2Si,0.29
Ru2SnTi,0.27
BeIr2Ti,0.28
Ca2InMg,0.25
ReRuTi2,0.29
Mg2PrSm,0.25
Mo3Zn,0.38
NTl,0.26
Ir2Te2,0.44
CCuN2O2Sr2,0.37
Cu4Er2,0.36
CaCl4Cs2,0.19
CuF4Tl2,0.33
Be4Ca2N4,0.26
Pd4S8,0.2
F6K2NaRh,0.35
Er2Ir4,0.3
C14Lu8,0.25
Al12Re2,0.24
NaNiO2,0.22
Cr4La4O12,0.28
Fe6O8,0.34
In3Yb,0.25
P4V8,0.29
Br6Zr2,0.2
H8Mg4,0.22
H6FeMg2,0.19
Ba2Si2,0.25
O24Y16,0.31
Cr2Sb4,0.33
GeLiPd2,0.4
Cs2I6Mg2,0.38
H2Si2,0.24
Ca2Zn2,0.32
Os4Pu2,0.45
KO2Pr,0.25
CaGe2,0.17
In3Zr,0.23
FeN,0.39
As2K2Zn2,0.21
HoP,0.22
HfMn6Sn6,0.24
I4Rh2,0.31
KO3Pu,0.29
B6Ca,0.26
AlPd2Ti,0.41
Pd2TlYb,0.43
Au2SnTh,0.42
CuIrSc2,0.35
AsCoTi,0.78
AlSc3,0.22
NaS2Sm,0.23
Pt8Sb8Si8,0.39
Ag2Ti2,0.36
As2Cu2,0.38
AuGeHo,0.33
Co4P8,0.2
Li4O8Rh4,0.34
TeY,0.35
O6Sr2WZn,0.32
CGaMn3,0.27
DyGe2Ni2,0.31
AgY,0.31
Al2CaZn2,0.25
Cu4InMg,0.39
Al2LiPd,0.3
O2Sm4,0.28
Al2MgSi2,0.28
Cs2F6Si,0.57
CNb2S2,0.22
CePt5,0.36
Br8Th2,0.31
CaHfZn,0.5
CuErSe2,0.31
O8Se2Zn2,0.28
LiPm2Pt,0.38
Hf2OsRe,0.3
AuMg2Pd,0.32
AgLu2Ru,0.34
AcHg2Mg,0.39
Ni2Tc6,0.28
CdS2Zn,0.31
NdY3,0.29
ErHoPd2,0.35
Mg2Nd4,0.3
NbTe,0.31
Al3Zn,0.5
NZn,0.76
Au2Sc,0.32
CDy2Fe2Si2,0.23
Ge,0.55
Ir2Si2Sm,0.24
Al,0.37
Li3Si3Y3,0.2
Cs2Ni3Se4,0.39
S4W2,0.2
B4Mo2,0.2
HSeY,0.2
Ga4Th6,0.45
Ba2Sn2Zn2,0.21
Ca6O18Si6,0.28
ErRu2Si2,0.28
Pb2Th2,-1.27
B18Li7O,0.21
Cu4O6Sr2,0.3
N2O8Ti6,0.32
MgPm2Tl,0.3
AgPbYb2,0.35
MgRh2Sc,0.3
Al2Ce2Si4,0.27
Hg2HoMg,0.33
Pd2PrYb,0.36
C2,0.19
CuO2Pd,0.42
Si4,0.69
FeInTi2,0.48
B2Ir3Lu,0.28
CB4Ho2,0.19
CFe3Zn,0.29
Hf4Mg4N8,0.29
CRh3Sc,0.32
B2Fe2Tb,0.25
Al3Mg3Y3,0.2
CuN,0.44
O8Ti4,0.32
AsSm,0.23
O8W2Zn2,0.33
CoO2Pd,0.39
GaNi,0.37
AlPr3,0.33
Au2Nb3,0.34
Pb3Th,0.37
In16O24,0.32
Co5Er,0.38
Br6PdSe2,0.1
InNSc3,0.19
Fe2Zr6,0.34
Ba2FeO6Re,0.25
Al22Na2O34,0.31
Dy2Li2Se4,0.23
Mn2P8,0.18
Al23B50,0.23
Cr4Nb2,0.37
In3Lu3Pt3,0.35
Au4Bi2,0.4
SiV3,0.77
Al2Si2Tm2,0.21
Pd4Se6Tl2,0.26
AgNaO2,0.3
AlLiRh2,0.31
Ca2InLi,0.47
HfLiPt2,0.44
Er4F12,0.25
PdSnV,0.39
O2Pr2Sb2Zn2,0.35
Mg3Mo,0.17
N3PTi,0.31
Ho3In3Pd3,0.34
B4Ta3,0.22
AgIn2Se4,0.3
Cu2Sn2,0.31
Ba2Cd4,0.35
Cd2Hg,0.34
Ni3Se3,0.31
Ga2Gd,0.22
InNNd3,0.19
Pt3Sn3Yb3,0.31
Cl2F2Pb2,0.2
HgY,0.32
Pd4Se8,0.24
AgLi,0.39
Si4Ti2,0.19
Ge4N4Sr6,0.25
Li5O5Sb,0.23
Au2I8Li2,0.25
Ag2ErIn,0.39
AgLi2Pb,0.36
Cd2Ti2,0.39
B2NdRh3,0.32
Li14Sn6,0.2
YZn5,0.25
Fe2P2Sr,0.24
Si5Yb3,0.18
Ni2SnTi,0.38
Pt2Si2Th,0.34
O6Sr2Ti2,0.25
HgO2Rb2,0.29
CN2Na2,0.31
Cl2N2Zr2,0.29
B8F24,0.34
Cs2O12Os4,0.24
K8P12,0.27
Ni5Sc,0.29
Cu2P2Zr8,0.32
FeScV,-0.0
BrMoPt2,0.39
Mn4N,0.66
F6InK2Na,0.46
Cu2NaO3,5.61
Cu2F6Li2,0.41
NaO2Sc,0.22
Al2O,1.39
Ca2Cu2P2,0.22
CdOsTm2,0.36
Au2InLi,0.28
Au2CdLi,0.53
NdPrTl2,0.35
Hf3Tl,0.26
MoTa2Tc,0.26
LiTbTl2,0.34
N2Re,0.33
Ba3BiP,0.29
CAlLa3,0.27
Be8Mn4,0.13
Mg3Pd3Y3,0.37
F6SnZn,0.13
Ag2As4Ce2,0.28
Be2Cl4,0.28
PdYb,0.37
Be2Hf,0.18
O8Te4,-0.54
I2Ni,0.3
Br6K2Os,0.38
Cl6Tl2W,0.36
Ge8Ni4,0.32
Ga3Ni3Ti3,0.3
Pt4Sn6,0.36
Nd2O2S,0.28
Mg4N8Si4,0.25
Ba2S6V2,0.43
Br2Zr2,0.36
F8Li2Mn2,0.28
Cl8Th2,0.32
Rh8Si10,0.29
Bi4Sn4,0.34
Al12Mo4,0.21
H4K2Pd,0.27
H22Ca4Fe3Mg4,0.21
Li4O12V6,0.54
Ni2Sb2,0.31
CdHg2Pm,0.35
HoMg2Pm,0.28
AgPm2Pt,0.38
CdPd2Zr,0.39
AgAu2Nd,0.45
HfMgRh2,0.3
Fe2SiTi,0.24
PdRuSm2,0.37
F6NbRb2,0.3
GaPtV,0.44
Sb3Zn,0.94
H8Al2Li2,0.23
AsEr3,0.36
Cs2F6LiTl,0.16
Au2Li2O4,0.29
IrLi2Sn,0.33
Al2Ge2Lu2,0.24
N2Se3Y4,0.27
Sb4Sr2,0.18
B6K,0.19
Mg3Zn3,0.39
ErGa4V2,0.26
MgSe,0.34
Ni4Sc2Si6,0.28
Al3Ho,0.19
Ba2Mo2O8,0.32
B2Cr2O6,0.25
Nb2Sb4,0.21
Cu4Sc4Si4,0.27
Cr3Ge3Nb3,0.29
PbSe,0.26
Ni4Zr2,0.31
Cl2V,0.23
Ca2Cl2F2,0.3
Al2Ge2Y2,0.22
Rh4Tm2,0.33
HoNiSb,0.2
Ag2Ge2Nd,0.25
CeIr2Si2,0.24
Ga3Lu,0.28
Cu2Fe2Se4,0.29
Pd3V,0.3
Br6Rb2Ti2,0.32
As2K4Zn,0.26
B2Fe2Ho,0.19
Ba16Li8N8,0.33
As8O40Rb8Ti8,0.26
C2CaMgO6,0.29
Al2Th,0.23
Co2EuSi2,0.17
Mg20Zn35,0.28
Pd2Tc6,0.26
CdPmRh2,0.34
Hg6Yb2,0.33
LiPd2Sc,-1.52
Mn2TiW,0.29
Fe2GaTa,0.27
LiTl2Y,0.21
Rh2ScTl,0.31
Y,0.26
Au2Rb2S2,0.32
CdY,0.31
B6V4,0.17
Cs2F6Pt,0.32
Au2GaSm,0.57
MoSi,0.28
HMo3,1.18
Au2MgPd,0.52
Mg3Os,0.35
GaSm2Zn,0.26
InSnYb2,0.62
Pd2Ta2,0.34
Al8F48Pb12,0.21
C2B2U2,0.27
Ca3Sb2,0.23
La2Pd2Sb2,0.31
Ce2CuN2O2,0.32
CaMg6Zr,0.29
Al4ErMo2,0.23
STl,0.26
Ag2P2Sr2,0.24
Cd2O2,0.4
Co4U2,0.33
Hg2Ti2,0.3
Cu2O6Si2,0.19
Ba2Ge2,0.25
KO2,0.32
EuN,0.25
Cl6K2Sn,0.28
AuCd,0.43
Na16O28P8,0.28
Li16O12Si2,0.21
Cl4O4W2,0.35
BaGa4,0.19
BHf,0.3
CoCuO2,0.44
Al2Na6P4,0.27
Cu6S6,0.36
F6NiSn,0.16
CdCl3Cs,0.31
BrCuIr,0.96
BSeSn2,-2.32
CB2Ni2Tm,0.33
O6W2,0.28
CuO6Ta2,0.25
Cl2Er2O2,0.27
FeLi3O4,0.27
LiPt2Zr,0.44
Al8Ca20N32Si8,0.25
Ag4Cs4O4,0.33
SmTl2Tm,0.35
LiLuPd2,0.45
Lu6Pr2,0.25
Li2Sb2Zn2,0.26
BiIn,0.31
AlTi2,0.54
LaNi3Rh2,0.34
FeSe4V2,0.24
Al2MnTe4,0.29
Au2O4Sc2,0.36
Ba2Hg2Sn2,0.21
PrTl,0.35
Cd2Y,0.26
ScSe2Tl,0.25
Ir3Sn3Zr3,0.32
In8Pt2Sr2,0.29
Br2Hg2,0.3
Al2Au,0.36
Cs2CuF6,0.11
P4Si2Zn2,0.24
Os2,0.23
AuBiCa,0.3
B2DyFe2,0.23
F6KRb2Ti,-0.11
H2Li2Pd,0.22
O6Sc4,0.26
Nb10Si2Sn4,0.28
I2ORb4,0.15
MgPd3,0.38
O16Zr8,0.3
B2Ca2Ni8,0.3
CGaSc3,0.17
Pm2Zn6,0.41
Au2CdPm,-1.44
Hg2NaPr,0.35
AlMgPd2,0.37
CdLi2Pd,0.38
Mn2TiV,0.31
PdRuY2,0.33
DyPaTc2,0.34
CaCdSi,0.31
KLa3,0.36
NaTm3,0.26
BeLiO3,0.48
Pa3Zn,0.36
B2Mo2Ni,0.25
HoP,-1.57
Te2TlTm,0.22
B2Be,0.35
N2Y2,0.25
Au2Hf,0.48
CaMg6Y,0.24
CoNi2Se4,0.34
Rh2Si4Sm2,0.35
PPtSm,0.32
Ga4Sc2,0.22
Se6,0.4
Cu4S6Si2,0.3
K4O12Sb4,0.23
Te4Zr12,0.33
Rh4Sc4Si4,0.29
Mn4Ni4Si4,0.28
Cl6Cs2Mg2,0.33
AsRh2,0.36
MoNiO6Sr2,0.32
As2Pd10,0.37
Si2Ta4,0.28
NNaO2,0.25
Ni2Zn2,0.31
Cu3O4V,0.47
Bi2BrO4Pr,0.29
F6NaRb2V,0.31
Ga2Th4,0.37
NdNi2P2,0.24
C4Cs8O12,0.34
Rh4Te8,0.29
Al8O12,0.3
Al2O6Y2,0.27
CaCd3O4,0.34
O2Pd2Ti6,0.38
LiMnPd2,0.36
CdHo2In,0.28
HgLiMg2,0.27
CdTlYb2,0.32
AcLiTe2,0.55
Be2IrPd,0.28
PdPm2Si,0.38
OsReTi2,0.3
Mn2SiTi,0.28
NiReTi2,0.32
Au2Si2Y2,0.3
B2K6P4,0.32
K2,0.33
Ru3Sc,0.39
Li2Mg4,0.3
CaLiO3,0.42
Si10V12,0.23
Ge3Sb,0.5
Hg2LiLu,0.1
ErIn2Sm,0.33
DyLaMg2,0.27
HoMg2Tm,0.28
DyIn2Pm,0.33
AsCl6Cs2Na,0.32
BaLiSi,0.23
CaGe2Ni2,0.28
C2Os,0.27
Be2Si,0.35
O3SnTi,0.29
LiMg6Mo,0.21
CB2Ni2U,0.31
Ge4Li8N8,0.3
BeNi,0.56
CdMg,0.26
BiMg,0.5
N2Sr,0.25
CTa,0.23
Ag2F,0.36
Mn6O8,0.33
As2FeLiO7,0.29
As2Au2Eu2,0.28
Fe4S8,0.15
Cu2InMn,0.36
InYb,0.31
As8Zr4,0.24
NaS2Sn,0.29
Be68Ru12,0.19
Ir2Mg6,0.34
Mo6Sn2,0.3
ClNaO4,0.15
Mg4N12Ta8,0.21
CCaN2,0.35
Na2Nb2O6,0.2
Ag2Ga2Se4,0.34
Mn4U2,0.38
Pt2U2,0.4
Ca4Li8,0.26
I6Nb2,0.24
LiPdW2,0.61
BBeGe,0.55
Pb4Te4,0.28
Au2CaSi2,0.33
N4O2Zr4,0.31
Ag4,0.36
Pd2Re6,0.26
Ni2Sn4Sr2,0.3
Ca2S4Sn,0.29
AgCdPd2,0.42
Au2MgSm,-0.79
Si4Zr4,0.23
Se2Sn2,-0.06
C2B2Li2,0.16
Au2Na2Te2,0.42
N2SrZr,0.21
MgThZn2,0.32
Be3N2,0.49
Sb2Se2Th2,0.3
CrSe4V2,0.23
Ca8Cr4N12,0.35
LaMg,0.25
Ho3Rh3Sn3,0.32
Cu6S4Tl2,0.35
Ca2Si2Zn2,0.19
MgTb,0.27
Pd2Zn2,0.33
BaCoNd2O5,0.3
GaMnPt,0.45
Ga2U,0.18
MnNiSb,0.47
As4Cl12,0.28
F4In4O4,0.29
O2Ti4Zr2,0.36
CAuN,0.29
Ge4N8Zn4,0.26
C2B3Y2,0.31
Br2ORb4,0.31
Cd2Tb,0.26
Al4Er2Ni2,0.25
C2Y,0.34
Ba2S4Zr,0.28
Ti2,0.32
NbRuSb,0.33
Ni4Sc4Sn4,0.33
Cr2Si2Th,0.38
Br4I2PdRb2,0.02
C2Ag2O6,0.35
Hf3N4,0.36
O6ReSr2Y,0.33
B2Tm,0.14
Ga2In2O6,0.31
Pd2ScSi,0.45
BeOs2Si,0.29
CuN2Ta,0.36
AuSiU,0.33
BaKP,0.76
Hg3Zn,0.49
Re6Ru2,0.27
CdRh2Zr,0.33
BrMg3,0.29
BeTh3,0.32
BeCo2Ga,0.29
AsCdPt5,0.37
Al3Zr4,0.21
Be2N4Si2,0.2
PtSn2,0.38
CaF6Pb,0.37
FeGa2S4,0.25
Ge2Mn2Pr2,0.29
Cl4,0.25
Br6K2Re,0.29
H2Sc,0.23
As8Co4,0.22
BrLi3O,0.12
Cu4Te6Zr2,0.27
Pd5Th3,0.39
F6K2Ti,0.32
ErGe2Ni2,0.28
C2S2Zr4,0.22
Li56Mn8N32,0.17
I8Zr4,0.17
Co18Nb6,0.31
BeBrCu,0.41
Hg3S3,0.14
Ni2O6Sr2,0.29
Ag2BaSn2,0.38
Al4Dy2,0.2
B2Ca3Ni7,0.28
Pa3Sb,0.3
LiMg2Pt,0.31
OsReV2,0.29
CaDyHg2,0.29
Fe4Si4,0.23
Co4Zr2,0.3
NaRb3,0.32
NTi3,0.27
Cs2F6MgNa,0.42
Au2,0.42
HFe,0.28
AgCu4Tm,0.38
C3N6Rb6,0.33
C2AuRb,0.24
Er,2.25
AlRe2,0.27
Lu7Ni2Te2,0.27
DyNi5,0.29
C2Sm,0.34
Al2Pt,0.36
Ca2Ge2Zn2,0.19
AlCr2,0.27
MnO6Pt3,0.34
F8Pd4,0.68
AgInO2,0.37
H2Sm,0.24
Ba2Ge4,0.24
PSc,0.24
Mo2S4,0.22
Nd,0.37
Cl36N12,0.36
Ga3Mg3Y3,0.18
Sn8Ta4,0.29
BiK3,0.24
C2B18,0.25
H,0.59
C4B4Sm2,0.21
Ca4Cl8O24,0.25
F6KRu,0.38
Cu2O7P2,0.25
Li3Pt,0.41
PbPtZr,0.44
Pr2Tm6,0.25
Li3Nd,0.59
Li3Pd,0.25
InK3,0.66
HgK3,0.32
Se6Ta4,0.27
Mo2N2,0.4
CrNi3,0.66
CuNNi3,0.35
Si2Te2Th2,0.39
C2AuK,0.3
AsTm,0.22
Au2Ga2O4,0.32
Au4Mg8,0.33
Au2Mn,0.39
Er2Ni2Si4,0.27
AuMn,0.37
CInY3,0.18
BaO3Ti,0.44
DyGa2,0.19
CHo3Tl,0.37
I4Sb4Se4,0.38
B2I6,0.33
AgBr,0.39
Sr2Tl4,0.32
Ir4Sn16,0.29
Ge2Te2Zr2,0.2
LiMgP,0.19
Cu2La4O8,0.31
B2Co8Nd2,0.31
Se4Ta2,0.25
Ru2Sn4,0.28
P2,1.67
B2CeRh3,0.27
SrZn5,0.26
Cu2Te16Y8,0.29
CaHgO2,0.4
O16Sc8Sr4,0.26
AlHo2Zn,0.26
Hg2TbYb,0.3
CdHg2Yb,0.44
MgRuSc2,0.41
Ni6Ta2,0.33
Ba2HfS4,0.28
Nd3Pd,0.49
Al2LiTc,0.3
H2W2,0.27
CRu,0.39
MgP2Si,0.58
C4Re2,0.26
InPPt5,0.38
MnNb2S4,0.37
N8Sr8Ti2,0.3
TlYb,0.25
CoCu2Se4Sn,0.33
Lu2O8Ta2,0.3
Cd2Pd2,0.33
Pd8Sn4,0.42
Ni2Te2,0.35
FeSbZn,0.84
CMn3Sn,0.27
SeTh,0.38
Ag4F8,0.34
Bi8Se12,-0.02
H2Se,-11.06
F8O4Se4,0.24
B12P2,0.14
Pd2Se4Tl4,0.39
Ca16Ge8N16,0.22
Au6Cd10,0.37
O3U,0.32
F12Na4Zn4,0.33
B2Co4,0.31
Ga6Te6,0.22
Cl6K2W,0.35
Br6Rb2Sn,-0.76
C4,0.19
Cl6Ti2,0.28
CdEu,0.21
CB2ErNi2,0.3
CuIrTl,0.31
AsCu3Se4,0.34
Ta,0.23
La2O7Th2,0.3
LiO2Tm,0.32
Co2Te2,0.3
F8O8S4,0.24
MgPrZn2,0.24
AcCaZn2,0.27
IrLiNd2,0.34
CaLi2Sn,0.07
As2Ca4O,0.2
Ga2P2,0.23
MgTlY,0.04
Rb3Sn,-0.62
Pb2Se4,0.12
Ag2Cd2O4,0.38
C2Nb4S2,0.28
NZn,0.35
CAlEr3,0.31
MgTe,0.25
B4Mn3,0.21
Ba3BiN,0.21
K2Sn,-0.21
Al3Yb,0.15
Mo2Rh2,0.28
Ba2Li2P2,0.2
Be2Pd6,0.39
Ce2Zn4,0.29
Co2GeLi,0.24
B2Y,0.15
Cu2Se,0.46
Ca2Cu2In4,0.24
Cu4Si4Ti4,0.28
Sn4Y4Zn4,0.23
Al12La3,0.32
CNd3Tl,0.39
In2Pt,0.36
IrTe2,0.32
Br2Nd2O2,0.18
H4K2Mg,0.2
AlI2Pd5,0.23
Al16Te24,0.2
Hg4K2,0.54
Cu2Si2Y,0.24
K2O4U,0.29
Ge2Ni2Y,0.29
Te3,0.22
B4V3,0.17
Co2DySi2,0.23
Rb4,0.34
Co46,0.51
Cd2Ge2O6,-0.15
Cu2O2,0.42
H2Dy2O4,0.37
Er4Ge4Mg2,0.21
Os2Tc6,0.27
AuMg2Rh,-2.92
InRh2Ti,0.87
GeSe8V4,0.23
O3SbTe,0.44
SbSc3,0.25
AlFeTi2,0.37
N2Pr2,0.34
AsB,0.13
H2MgNi,0.24
N4Ta2,0.26
Cu4InTm,0.27
Mo4S6Se2,0.22
Ca4N8Si4,0.31
Cd2La,0.28
Cd2Te2,0.33
Li6Sn6,0.3
As6Rb4,0.17
Al12Ru2,0.28
Mg3Pt3Sm3,0.37
SnTe,0.22
Fe2O6Sr3,0.28
NiO,0.35
Mn2Ni2O6,0.28
Al2O8W2,0.26
O2Pu,0.32
Cd2EuSb2,0.29
Pt4Sn4Sr4,0.32
As2Nb2,0.27
Ni4Sb4Zr4,0.32
As2Fe2Li2,0.25
Se2Sn2,0.28
As4Co4Rh4,0.35
Al6Hf10,0.31
H2Zr,0.4
Ga4S4Te2,0.21
GaN,0.23
C6Mg4,0.28
Au2K2Se4,-0.05
AuLi2Sn,0.32
AlFe2Mn,0.24
Be4Ca2Ge4,0.17
AlSiSr,0.2
C2NiTm,0.24
AlF4Rb,0.28
Cs2F6TlV,0.42
Lu4Os8,0.37
Bi2Te3,-4.13
B6Tm,0.37
Al16Cu36,0.27
Cu6Ti4,0.31
AgCrTi,0.52
CoLaTc2,0.28
Ba4Si8,0.23
CdHo2Tl,0.32
NiRuSc2,0.3
Ir3Rh,0.24
HfRh2Yb,0.36
OsRuTi2,0.28
GeZn3,0.47
Ag2Ge2Sm,0.26
NdTl2Tm,0.35
Mg5Sr,0.35
ClCs2F6Se,0.53
Cs2F6KN,-0.14
LiS2Sc,0.17
NNa,0.17
Na2,0.32
CdHfO3,0.29
CrTe4V2,0.26
CoGa5Np,0.19
Ce4Mg2,0.48
Al7Ca3Cu2,0.21
Se2,-2.79
Cu2O8Pr4,0.32
Pt4Tb2,0.3
Co4In8,0.36
P8Si4,0.15
P4V4Zr4,0.25
Na2O2Pt,0.33
F24U4,0.24
Bi2In2,0.29
Ba4N8O16,0.31
CuSe2Tm,0.31
N8O8P8,0.11
Gd16O24,0.32
Mg18Si10,0.23
Br4Cs2I2Pd,0.31
Cd3Y,0.35
In12Se18,0.25
H6Ba2Os,0.3
O2PrY,0.22
Cs2Ho2O4,0.29
PbRh2Sc,0.24
Au2LiSc,0.46
Mg6Tl2,0.34
MnRh2Si,0.44
Ru2TaYb,0.33
Ac2CuSn,0.37
Rh2ScYb,0.33
Cl4Rh2,0.35
Li2NaPb,0.48
CrFe2Sb,-2.56
Ca4,1.2
Mn3Sn,0.37
CCr2HoSi2,0.22
CEr3Ga,0.32
Mg4N6Sb2,0.28
CSm3Sn,0.38
GaNi2Sc,0.33
Pt4Sc2Si2,0.32
SSc,0.28
NaO2V,0.31
Li2Mn2O8,0.26
In2Sc6,0.24
BaF6Pb,0.32
Ge4Pd4Ti4,0.3
Ni4Si4Y4,0.27
Sb2Ti2,0.28
CRu3Ta,0.29
H2Mn2,0.67
GeTe,0.14
Mg8Ni16,0.29
Cl6PdS2,0.22
Ba4S6,0.32
C4Li4N4,0.36
Al4O12Sc4,0.26
Au5O2Rb7,0.33
Li2Nb2O6,0.24
Bi6Pt3,0.37
Sb4Zr4,0.26
Ag2HgI4,0.32
Ni2SnYb,0.29
ClCs,0.28
O12Os4Pb4,0.3
H6Na2Pt,0.23
F2Mg4N2,0.22
C2Ba2O6,0.32
N2Ti4,0.26
O16Si8,0.06
Pm2SiZn,0.31
O6Re2,0.26
CaNa3,0.3
CuIrZn2,0.7
Cu2Na2O4,0.31
NTi,0.37
FeGaTi2,0.55
Fe3Nb,0.34
CoMnS,0.44
HgO3Ti,0.41
HfPt3,0.29
As4Co2,0.25
Mn3NPd,0.3
BCuMg6,0.31
F6Ru,0.43
Cr3Si6,0.17
PdZr,0.49
Al4Nd,0.39
Ge4La2,0.36
Dy2Ge2,0.16
N4Rh2,0.27
Co4Nb4P4,0.29
Ga2Pt,0.41
Fe4Ge4,0.27
CMo,0.31
Cu4N12,0.29
RuSc,0.34
AgSe,0.51
CuNd2O4,0.31
H2Ce,0.29
Mn20,0.36
SmZn5,0.28
EuP2Pd2,0.28
Fe8Re12,0.32
Mg4Th2,0.56
Np2O2S2,0.32
Ir2Mn6,0.3
InIr2Mg,0.3
AlRh2Zn,0.29
CaS3Sn,-6.28
CsF6Sb,0.34
Co3Zn,0.35
YZr,0.24
PTm3,0.35
NaRb3,0.41
FeO3Rb,0.46
HgLi2Sn,0.42
Ge2Ir2Sr,0.25
Ga4Ho2Pd2,0.28
DyHg2Pm,0.43
CeYZn2,0.16
O4Os2,0.34
CIr,-102.89
CB2N,0.25
CoMnSe,0.33
CTc,0.41
Nd2Sb2Te2,0.32
Ga4ScTi2,0.25
Nb4Rh4Si4,0.28
AgF6Ti,0.14
C2Yb,0.44
Ni4ZnZr,0.31
Cr2Ge6Pr2,0.21
Ba2MgO6U,0.28
Co4O8Pt4,0.35
In16S24,0.33
ClRb,0.28
Cd6Sc2,0.31
Al20O48Y12,0.25
Er2Li2S4,0.22
O2Te2Th2,0.33
Ga4Te6,0.22
Cd8Ge4O16,0.35
AuMgSn,0.34
CsF3Fe,0.2
O8Sc2Ta2,0.32
O12W4,0.32
Cl6Cs2Cu2,0.65
Ni9Y3,0.33
Pd30Ta10,0.33
Co8S8Sb8,0.22
BTeZr,0.53
O4Rh2,0.32
CuLiS2,0.32
Ga2Lu2O6,0.29
BaCd2P2,0.24
F6PdPt,0.26
AsLiRh2,0.31
Ac4,0.25
Cr,0.69
GaMgPm2,0.29
Cu2S2Tl,0.33
NbScTc2,0.34
Ca2O4Si,0.23
Au3RbSe2,0.12
Sr,0.27
CaO3Rb,0.84
AsNaO3,0.04
H3Np,0.55
Na3PS4,0.39
AgBr3Cs,0.32
BiHo,0.81
S2W2,0.31
N3OTa2,0.33
Sb2Te2Th2,0.3
Se4Tb2,0.32
Ba2Co4N4,0.35
Be5Zr,0.16
Cr4Sb4Se12,0.25
CuSb3Zr2,0.29
O16Ti8,0.32
La2O3,0.35
C2In2Nb4,0.25
Bi4K2,0.46
H6Li2Mg2,0.18
Ag2Er,0.33
BiCuMg,0.31
AlCo2Ta,0.29
Cl2Eu2O2,0.31
Mn2P2Sr,0.25
As4Mn4,0.16
C4Co2Sc2,0.28
CdCsN3O6,0.31
I2O2Y2,0.26
As16Mg4,0.26
NiP2S6,0.24
Ge3Li3Pr3,0.15
AuHo2Os,0.33
Ru2SiV,0.3
Ru2TaY,0.34
IrRhY2,0.33
AgScZn2,0.31
Os2TaTi,0.33
AuCd2Li,0.41
AgLa2Sn,0.62
N2Sr2Zn,0.27
BaMg2Sb2,0.23
CZn3,0.59
MoZn6,0.21
MoV3,0.4
Ag2ErY,0.31
P3Sm,2.6
Hg2,0.3
GaRh2Zn,0.32
AgInPr2,0.37
Hg2TbY,0.33
NbO8Rb3,0.3
AcMg3,0.25
Au2Ba2O4,0.34
MnNi2Si,0.44
AlCo2Si2,0.27
NNi,0.36
CSn,0.22
CdNNi3,0.33
Er2Ga2Zn2,0.22
CaMg6Y,0.2
Ge4Re2,0.24
CB4Tb2,0.2
CePd7,0.35
CdMg3,-0.33
Ag2Dy2Sb4,0.28
AgNbO3,0.32
Ce2Ir6Si4,0.27
C4BLiN4,0.39
Mg2,0.29
As4MgRh6,0.36
Ir4U2,0.42
Al2Ti6,0.27
Cr2Na4O8,0.29
Ce2Si4,0.28
NTm,0.2
Fe3Ge,0.38
In8Zr4,0.27
Nb8Ni2Si2,0.28
Bi8Pt4,0.37
C2Nd,0.34
Cu2HgI4,0.24
H2Zr,0.7
Cu8Na6S8,0.3
Nd4Tl2,0.33
Bi2F8Li2,0.33
Ag2Bi2Sr2,0.25
Na4P20,0.27
K2Sb2Sn2,0.35
Sc,0.32
B2Co2Sm,0.32
Gd4O14Ru4,0.29
K4O14S4,0.29
Cu20Sn6,0.34
Si6V10,0.24
O12Rh4Tb4,0.34
BaLi2Mg2Si2,0.18
AsGa,0.3
Al2Si2Sr,0.23
Ac2GeLi,0.26
AgAuSc2,0.37
PaRu2Zn,0.41
HfIr2Mg,0.27
CoLu2Ru,0.3
LiMgP,0.56
CuInO3,0.36
As6Sr2,0.23
C2Cd2Ti4,0.29
N4,0.16
BPd3Tm,0.47
Cr3N2,0.25
C2Al2V4,0.19
Ca4Zn2,0.35
Ca5Mg,0.38
Os4U2,0.5
CdCu2GeSe4,0.32
Cr3P3Ti3,0.25
BaF6Ge,0.31
SnTe,0.46
Al12Tc,0.19
AsNiSm,0.31
Ni3V,0.3
Ru4Te8,0.24
Na4O8W2,0.27
NdSn3,0.41
CInSm3,0.37
GdIn,0.46
Cl4Cs4O16,0.34
Mg20Rh8,0.3
Ga2Sm,0.19
B2O6Yb2,0.32
C6N8,0.29
Au2InNd,0.41
Fe8O22Sr8,0.26
F2O2Ti2,0.19
CoIrTi2,0.35
CdInPd2,0.4
I6Mo2,0.25
AcNaTl2,0.34
Mg3Y,0.3
SiTc2V,0.32
LiMg2,0.2
As2CaMg2,0.21
Au2CdTb,0.39
LiMgPd2,0.31
DyHg2Sm,0.39
Ca2Mo2N6,0.31
As2Cu2Si2Zr2,0.26
Mo2Ti2,0.39
Bi2EuMg2,0.23
CrFe2Sn,0.47
MnSb,0.48
CaSe2Zn,0.33
BPt3Y,0.56
GaPPd5,0.31
Ca28N24Si4,0.22
CdHg2Ti,0.33
EuHg,0.27
Pd3Tl3Y3,0.34
YbZn,0.37
Se6Sm2Yb2,0.36
Cu2F2S2Sr2,0.28
TeZr,0.25
PuTe,0.33
Nd,0.26
Be12Cr,0.09
CrO3Sm,0.25
Nb6Os2,0.32
Fe2Sb4,0.22
Pb2Pd4Y4,0.34
Au2Pb4,0.4
BrNa,0.31
InMg,0.33
P4Pd2,0.27
Fe2Pd2,0.3
Cl16Si4,0.49
Si6W10,0.3
Al2Si2Te6,0.24
Sb4Se12Tl12,0.31
AlCo2Hf,0.28
F6K2Mn2,0.3
F6NiSr,0.34
Al67Mg41,0.32
F6K2Ni,0.24
BaBe2Te,0.8
BBaTa,-0.05
C2BaMgO6,0.31
In3Ni3Y3,0.32
LaO4U,0.42
O8Zr4,0.33
MoSe2,0.21
Cu4F4O2,0.43
Al2O6Y2,0.34
Ac2IrNi,0.39
HfInRh2,0.17
AuPm2Sn,0.39
LuPd2Zn,0.45
MgRh3,0.3
GaMn2Ti,0.29
Hf2Zn6,0.53
LiOsSm2,0.32
NV,0.28
GeHfPt,0.65
Hg3Ir,0.41
ClLi6PS5,0.72
DySi2,0.77
CrTe,0.44
CFeMg6,0.28
Al3Hf4,0.22
Ga4ScV2,0.23
AuTi3,0.44
Al18Co6Y4,0.22
Cu4Nb5Si4,0.27
CuO2Rh,0.38
GeLiNi2,0.37
O4Sr2V,0.27
HoPd3,0.33
Sm,0.24
Cu2In2S4,0.32
Cl6K2Pd,0.26
H4K2O8P2,0.24
NbRh3,0.25
Br8O4,0.27
Al2B2Ru3,0.31
CeRu3Si2,0.28
Br12Ga4,0.24
B4Li4O8,0.29
C2Ag4O6,0.36
C2Cu2N2S2,0.34
CaCu2Sn2,0.31
Tm2Zn4,0.25
N16Si12,0.25
H3BaLi,0.33
Bi4Fe4O12,0.31
O7Sc2Ti2,0.34
N2Ti4,0.26
Al7Cu2Y3,0.21
Al2CoIr,0.29
Au2CdTh,0.4
Ir2LiV,0.29
C4Ca2,0.35
Pt4Te6Tl2,0.23
LiNaPt,0.7
AgRhSm2,0.37
AuGaSc2,0.28
Li2Rh4Si4,0.31
Mo2Ru6,0.27
AuPd2Zn,0.51
RuTa3,0.36
Na3Tl,-0.4
Te4V5,0.25
MoP,0.64
As3Mn3Ru3,0.32
COs,0.42
BaCa3O4,0.23
Se8W4,0.21
Mg4N6Ta2,0.31
Al2Ge2Y,0.29
Ca6Hg4,0.33
O4Re2,0.32
P4Re3,0.21
DyMg3,0.19
Ga2Te4Zn,0.23
Pt6Sc6Sn6,0.3
K4Mn4O6,0.33
In2Ni3S2,0.3
Nb5Sb4,0.26
BaP4Pd2,0.33
AuHf2,0.31
Pt4Yb2,0.31
Li8O16S4,0.3
EuF2,0.31
C2H10N2O4,0.34
Cu3DyGa2,0.27
Cu2O3Sr,0.3
B4O6,0.19
La8S12,0.3
Li8O6Zr,0.22
Al2O8Ta2,0.27
Cu2Lu2Si2,0.16
LiRhY2,0.3
Er2InZn,0.29
AcInLi2,0.28
BeFe2V,0.29
Ag2NdTl,0.38
HfTc2Zr,0.29
Ag2TbTl,0.42
Mn6Sm2,0.32
GaHgYb2,0.2
C8H8,0.29
NNa3,0.22
CoCr,0.29
N12Sb4Zn8,0.29
Fe2Li12N8,0.17
Ca6Ga2N6,0.23
C12,0.19
P8Th6,0.27
Ge2Tb2,0.19
Fe4Rb2Se6,0.31
La4Si4,0.25
CInPt3,0.51
C2Co2Ho2,0.32
In4Rb,0.08
Fe3Ge3Hf3,0.3
AgZr2,0.32
Ag2Eu2Sb2,0.25
MnPdTe,0.39
Lu4Rh4Si4,0.29
Bi4Cl12,0.14
INa,0.27
CaF6Ti,0.29
Mn3Pt,0.26
B2Co2Y,0.21
B2CeCo3,0.29
O4Sn4,0.24
Au2Sn2Y2,0.27
Cu2KSe2,0.33
Mg5Si6,0.35
Au2Cs2Se2,0.48
F12Sm4,0.31
F4Li8O8V4,0.23
PdSe6Ta2,0.28
Hf2IrRe,0.29
AuSbYb2,0.24
AlMnRu2,0.26
MgYZn2,0.25
Ag2PrYb,0.3
Er2IrRu,0.3
Se2Ta4,0.23
Cd2,0.33
O3PdSc,0.42
Al3Na,0.31
Hf2OsPd,0.38
Ag2CdTb,0.44
Al2B2BaO7,0.34
Ag2O4Sr2,0.3
C2Nb4P2,0.24
NOs,0.62
NZr,0.28
Se4Tl3V,0.37
Hg6,0.27
CePt3,0.34
NiSbZn,0.35
Ag3Ca3P3,0.22
Pr3Rh3Sn3,0.34
Al14Mg13,0.53
NPt,0.41
O6Sn2Zn2,0.31
Rh4Si4,0.33
CaTe,0.23
DyPtSb,0.29
Ca12Ga2N10,0.32
InLi2Pd,0.36
OZn,0.33
Ag2Th4,0.42
BiTb,0.25
I2Na4O,0.25
BiNiZr,0.34
Ho2Sb2Zr2,0.29
CaP2Ru2,0.19
CoMnSb,0.29
Ca2O2,0.32
C4Cd2O8,0.28
Cu2HgI4,0.29
BaGe2Li2Mg2,0.16
I2Li2,0.34
BBiSr,6.02
Al8Ni4O16,0.32
Sb2Sc4,0.27
Co4O12Rb8,0.3
ErKO2,0.26
F6HfK2,0.3
Al2As4Na6,0.27
Mg2PmSm,0.24
AcTe2Tl,0.29
Hg4Pt,0.3
AlPtV,0.42
Bi4S8,0.28
Sb6Si2,0.42
Li4Mg2,0.29
Ca6Tl2,0.19
B2Nb2Ni2,0.25
BTc,0.25
Bi2O3,0.38
AsBaLi,0.23
Al6W3,0.51
AgCs2F4,0.33
La,0.24
Co3Si3Ti3,0.27
Li8Mn4O12,0.22
PtSnTh,0.33
Ge4Hf4Pt4,0.31
Ce2O2P2Ru2,0.27
Ba4Ge4Pt4,0.35
Ir4Sc2,0.3
ClNa,0.41
Cl4Li4,0.23
BeTe,0.21
Li12P28,0.29
B2Na2Pt6,0.39
Pt2ScSn,0.45
Au2Ba2Bi2,1.89
Al2CdSe4,0.26
Ca6O10Si2,0.3
La2O8Ta2,0.27
DyRu2Si2,0.27
Na2Nb2O6,0.31
Ag2O6Sb2,0.48
Fe2MnSi,0.32
Nb8O16,0.33
Cu4Yb2,0.3
O4Pt3,0.53
Cu4Dy4Pb4Se12,0.36
HgO6Sb2,0.38
CuF7Li4,0.37
CInSc3,0.17
AlReTi2,0.32
Cl4I2,0.25
RhZn3,0.34
AgEr2In,0.35
Ir4Pr2,0.31
AsCaNa,0.23
PbRe3,0.47
Hf2LiTc,0.35
Ag6Cu2,0.42
FeRh2Sn,0.34
F2O2Y2,0.33
CPrRh3,0.34
Ir2Mo6,0.33
Mg2Ni3Si,0.26
ErS,0.34
Cr4O16Pb4,0.28
P8Ti4,0.22
Cu2Te2,0.25
AgI,-0.65
Cl12P4,0.26
HCl,0.13
H2Ho,0.29
Bi4Mn2Sr2,0.27
K2Pt4S6,0.3
Pt4Ta2,0.35
NbS4Ti,0.21
GeMg2,0.17
Cs2F5ORbZr,0.17
C2CoY,0.26
CoN,0.41
C4Ca4O12,0.3
Cu2Si2Tm,0.24
Co2Si4Tb2,0.28
Cu2InLu,0.33
Br6Cd2Cs2,0.23
EuTe,0.22
CdO4U,0.33
Ag2N2O6,0.38
Bi2IO4Sm,0.27
Al4Ca2O8,0.25
F6NiPt,0.22
NdP2Ru2,0.21
Au60Mg20,0.37
Br4Ca2,0.32
Nb4O14Pb4,0.27
AsLiPd2,0.37
Ta8Zn16,0.25
CdSr2Tl,0.32
Re,0.28
CaLi2Si,0.19
Rb6Se6,0.28
Cu3Si,0.34
ErHoTl2,0.34
Ge3Pr,0.04
Al7La8MgO24,0.27
As4Ce4Rh4,0.31
Pr2,0.3
CoGa5Tm,0.28
Nb2Se4Ti,0.24
Ca2CoN2,0.27
Au2Ca2P2,0.3
N3TaTh,0.27
Li8O8Si2,0.23
CoCu2S4Sn,0.33
Au2Cu2Zn4,0.39
Si2Sr4,0.32
CuF6K2Na,0.17
Ca4Li4Si8,0.21
Ir4Yb2,0.35
O3SrV,0.4
In2Rb2Te4,0.35
Mg4O16Sb8,0.32
Sb4V6,0.41
Ga6Zr4,0.25
BLuPd3,0.47
Cu2Ge2Y,0.27
CuO2Sc,0.35
CaF2,0.21
Br8Sr4,0.3
As2Ni2Sm,0.32
Bi2Ca4,0.21
Al2O8P2,0.07
C2B13,0.21
CuNaO2,0.17
NiSbTi,0.5
Os2PrSi2,0.25
BaO3Ti,0.23
Cl2N2Zr2,0.28
H4Cl2Hg2N2,0.36
CoCu2GeS4,0.3
C2,0.07
Cd2Te2,0.33
In4SbTe3,0.3
HoKO2,0.24
LiMgPdSn,0.36
Al2Nb6,0.45
K2N6,0.26
Au2V6,0.33
AlCa2Li,0.22
Be2CuRh,0.32
LiRuSm2,0.33
AlBeIr2,0.28
Ac2GePd,0.37
InRh2Sc,0.29
BCaO3,0.34
Ir3Se8,0.23
Ge2Se4,0.09
B2Ca,0.16
BPbSc3,0.18
CdPPt5,0.35
TcTi,0.34
Cu2GeTe4Zn,0.3
Co5Sm,0.37
RbS2Ti,0.25
PY,0.13
Co2O2,0.42
Cu2MnSe4Sn,0.34
Er2Ge2,0.23
I6U2,0.23
Rh4Sb8,0.26
Ce,0.13
Cu6N10Sr12,0.31
B12Li4O20,0.26
Li10N8Re2,0.24
ErOs2Si2,0.29
CaCo2Ge2,0.24
N4Na4O12,0.29
Co2GeTi,0.31
CNNaO,0.37
O8Pd6Tl2,0.38
Mg4O8Si2,0.23
Li8,0.28
Cl6Cs2LiY,0.3
CrNaS2,0.25
C4N8Pb4,0.48
Ba4K4O16P4,0.29
Ag2Sn2Tm2,0.25
Ge2Ho2O7,0.34
LiO2Zn,0.3
BaO3Ta,0.27
Cu4O16Sb8,0.36
Mn11Pd21,0.33
Li6S2Sb,0.18
P2SrZn2,0.22
F10P2,0.29
LiLuPt2,0.24
AlCrRu2,0.29
DyRh2Zn,0.35
HfRu2Sn,0.27
PdSnTi,0.23
PtSiV,0.39
HTc3,0.54
Bi2Te2U2,0.26
Al3Ga,0.71
N8Si6,0.28
CuO2Pt,0.45
Ag2Ca2O4,0.28
Al8Tb8,0.37
U,0.36
Hf6N2Zn2,0.25
K4N4Zn4,0.38
CdMg3,0.33
Ca4Cd8,0.26
DyTl,0.35
Co2KS2,0.21
B2Er2Ni8,0.29
Nb6Sn2,0.44
NiZn,0.44
Al6Pd10,0.36
Ir4Lu2,0.3
Nb4Pd4Si4,0.32
Hf2Mo4,0.35
NiP3Si2,0.27
CSc2,0.41
Ag6Sr9,0.3
Ga8Li24N16,0.16
Cr6Os2,0.34
Ge3Pd6,0.38
BRh3Sm,0.3
Ga2Li2Te4,0.3
N2SbU2,0.29
Cu4Te6Ti2,0.24
Cl2Mg,0.26
Br12Cu4K8,0.26
As4Rb4Si2,0.32
Si2Tm,0.59
K2Nb2S4,0.25
Na2Nb2Se4,0.24
As3Ru3Zr3,0.31
EuP2Rh2,0.27
Mg2PrY,0.26
Ni2Re6,0.27
Cd3Pr,0.33
FeSiTc2,0.32
Al6Pa2,0.29
AgIrPm2,0.39
AgPm2Si,0.33
NbOsTa2,0.31
InNa3,0.39
MnOsTa2,0.38
HgPm2Si,0.35
N3U2,0.3
AlCu2Pa,0.37
Br2Re2,0.32
IrO3Rb,0.16
Ir2LiNb,0.34
O3PbSn,0.31
CoSiTi2,0.31
NbNi3,0.44
Lu2Si2,0.21
N2Sr3,0.05
PSbSr3,0.41
HfHgO3,0.36
Fe2Ho2Si2,0.24
Cl2Nd2Te2,0.29
LuPtSb,0.29
KMg6Nb,0.24
Ca2Zn6,0.34
Cu2ZnZr,0.34
Au2Ca2,0.33
Se6Zr2,0.26
Ba2Ni2O4,0.35
As2Mn2V2,0.28
Li2Ru2Sn8,0.22
ErSi2,1.04
Sb12Ti20,0.32
SiTi,0.36
C4O8Pb2,0.26
Nb6Pt2,0.33
I6Li2Sc2,0.22
Cl2Ho2O2,0.29
BaPtSn3,0.3
Co3Sn3Zr3,0.29
F2Pb,0.36
NbRu,0.4
Al2N2Ti4,0.2
Ir2Pb2,0.29
GdP,0.22
Co2,0.29
O8Zr4,0.29
BrTl,0.33
Ga2Zr4,0.31
Cu6Sn2,0.34
Cu4Sn2Te6,0.31
Ge6Ta3,0.21
Ag2Si2Sr,0.21
F6Pu2,0.37
LiPr2Ru,0.37
Ac2GaLi,0.25
Au2PmSn,0.4
LuRh2Yb,0.32
CdPd2Tm,0.39
GaO3Zn,0.41
AgHo2Ir,0.35
AgSi3,0.51
Hg2SmTm,0.37
Ge4Ni2Sm2,0.3
AuGa3,0.72
Ga3Mg3Nd3,0.32
LiS2Ti,0.21
CrCu2In,0.21
NPr,0.86
Br4CaCs2,0.32
CrTe4Ti2,0.19
Mn4N8Sr4,0.36
CaZn,-1.61
S2Zr,0.21
Cu3N,1.81
HgMg,0.5
O6Sn2Zn2,0.39
S12Sn8,0.23
Au2Sn2,0.38
NU,0.34
Fe3O7P,0.34
Cd2O8W2,0.34
Mn2Sn4,0.2
Hf4Sn4,0.42
Fe2Si2Tb2,0.25
Bi2Mn2,0.38
H8Ga2Na2,0.29
Bi4Pd4Te4,0.34
NaO6W2,0.28
Mn4Te4,0.29
Bi2ClEuO4,0.34
FeS4V2,0.18
CTi,0.22
BrIrOs2,0.68
Bi4O14Tb4,0.42
Ca2MgTl,0.26
AuRhZn2,-0.83
GeTc2V,0.33
GePtV,0.47
IrTi2W,0.3
ErNdTl2,0.33
Co2LuTm,0.28
Na4,0.41
Cl6FRb2S,0.06
Co2Te4,0.27
CoGaTi2,0.32
B2Tc2,0.25
MnSc2Sn,0.22
N2W,0.24
Ag17Mg54,0.18
CoNa3,-0.06
C2Re,0.44
CrN2,0.55
Ir4P8,0.23
Co3V,0.27
CFe2Lu2Si2,0.25
Li2N6Sn4,0.26
N2Na2Zn2,0.29
Cr2Li2N4,0.26
Nd2Rb2Te8,0.25
CdCu2Zr,0.31
Mg2Pd6,0.36
MgNd,0.24
As16Ge8,0.19
B2Co3Dy,0.26
MoP,0.25
La4Lu4O12,0.29
InS2Tl,0.29
Cd4O8,0.34
Hg2Pd2,0.36
Ba2NbO,-0.15
Ba2F8Ni2,0.3
F6FeNaRb2,0.27
Cl2Mg,0.18
Li2Pd,0.31
LiS2V,0.48
H,0.25
Au2Tl4,0.37
CoTi,0.33
HoPd,0.35
AgDy2Ir,0.36
Al6Sm2,0.24
F6KRb2Sc,0.22
FeTe2Zr6,0.28
Hf2IrRu,-0.27
F2Sr,0.29
Nb2S4,0.24
LiMn3O6,0.27
AlCu3,0.5
CeSe,0.21
Ca3N2,0.2
Fe2GeMn,0.39
LuP,0.21
Mg,0.47
Cu2Ga2O4,0.33
Nb3Si6,0.18
AuCrTe4,0.17
Cu2Sc2Sn2,0.23
O2Pd2,0.4
BaS,0.25
Pd6Sc6Sn6,0.29
Fe4Ho2,0.35
Ru4S8,0.15
Co4S8,0.25
CuNd2O4,0.47
B6Y,0.3
CuGaI4,0.13
P2Pd3S8,0.2
In10Sb9Te,0.35
Al4O12Y4,0.25
As2Mn2Sr,0.26
Pd2ScSn,0.38
Ir4O16Sr8,0.34
O24Si12,0.28
Ag3As3Ca3,0.23
Er4Ni4,0.37
C6Al2V8,0.2
N3Rb,0.32
C3Al4,0.24
Ga2Pr,0.19
Bi2O8Zr2,0.31
Pd8S2,0.38
HgPbPr2,0.35
O3Pa,0.39
C2B2Nd4,0.25
Pt6Th2,0.39
I6V2,0.3
Li2PbYb,0.17
BeCo2V,0.37
Ge3Ru3Sc3,0.27
Pt3Tc,0.29
In2,0.54
Pt3Rh,0.34
LuMg2Nd,0.25
HfPt2Zn,0.43
CFe2Ho2Si2,0.23
IrTi,0.34
Mn8Ta4,0.34
Mg4Pt2Si2,0.25
CHo2,0.29
TiU2,0.15
C4B4Dy2,0.24
Co2GaMn,0.32
Ho3In3Pt3,0.35
Cu2Se,0.53
Al16O24,0.28
Cl6Nd2,0.28
Ti2Zn32,0.34
Mg2O10Ti4,0.31
HgNa4P2,0.18
CeMn2Si2,0.25
NdRh3Si2,0.26
Be2Br4,-0.16
Ca4Pd4Sn4,0.33
NiSn3Sr,0.3
PdSn3Sr,0.36
O6ThTi2,0.32
C4Ba4O12,0.31
I2Np2O2,0.13
Co2RbS2,0.24
C16Si16,0.16
C4B24Mg2,0.14
GaIrLi2,0.47
IrSe2Sn,0.7
Co4Tm2,0.37
P2Ti2,0.38
Co4Sb8,0.23
Ag2F4Li2,0.39
Li4O6Pd2,0.27
GePdPm2,0.39
Mg2PdPt,0.48
MgSc2Tl,0.31
PbPm3,0.29
S2Sn2,0.26
BeO3Ta,0.27
Al2ErHo,0.27
GaLiLu2,0.28
NTi3,1.81
NiTi3,0.47
Cu2HgZr,0.3
Ba2Cu2O4,0.31
O2Sn2,0.26
B6S12Sr3,0.26
Se2Si2U2,0.21
Ni2Si6Y2,0.21
Cu4S6Sn2,0.32
SeZn,0.3
MgTe,0.33
Ge2Hf2Te2,0.23
As2GeTe4,0.23
Li4S6U2,0.26
Rh2Te2,0.38
PtSbTm,0.29
Mn6P3,0.28
NbS2,1.27
AlIr,0.28
MgO6Sr2W,0.26
Ba2Co2S4,0.27
B2Hf,0.13
C2Na4O6,-1.31
Cu2Pb2Y2,0.23
Al3Er,0.18
In4Se4,0.23
Cr8Te12,0.24
AuGa2,0.42
Al15Cu18Mg6,0.26
Cd2Mg6,0.28
Co2GaTa,0.31
Ga4Zr2,0.24
RhSc6Te2,0.5
CoSbTa,0.33
O8Tc4,0.31
Ba4Ni2O12W2,0.27
Cr2Ge2Te6,0.22
Pd3Ti,0.29
H4CaCs2,-0.47
B2Ni8Y2,0.29
Fe2LiP2,0.29
O20Zr10,0.28
Ag2S4Yb2,0.35
NbRu2Zn,0.34
CrMnV2,0.31
AuPm2Si,0.38
Cd3Sm,0.32
BeOs2V,0.32
CoRuSc2,0.3
Mg2SmY,0.27
Ca6N6V2,0.26
MoOsV2,0.28
K3Tl,0.46
CaRb3,0.34
Mn3S,0.36
Dy4Ge4Mg2,0.17
AgSm2Zn,0.31
PmRh2Tb,0.39
Cu8Se4,0.34
HoInPt4,0.35
Ca2Mg6,0.35
CRu3Zr,0.25
As2Te2Ti2,0.18
NY,0.78
Ag4Ca2,0.36
Pd4Sr2,0.32
Ge2Ho2,0.23
As3Mn3Rh3,0.37
F8Pb2Pd2,0.37
In3U,0.26
Pd2Sn8,0.32
Cl8Zn4,0.21
BiLi3,0.2
Mg20Pd8,0.33
H2Dy,0.25
H4,0.29
Bi4K12Se12,0.27
Al4Ca12N12,0.28
BiNiSc,0.25
Ag4S2,0.26
InPd2Sc,0.36
Ge2Se2U2,0.22
Ag2Er2S4,0.33
Al8Ni4O16,0.27
Ba4Bi4O12,0.31
CeNi2P2,0.25
SiW3,1.04
NiTi,0.42
FeI2,0.27
K2Mg2Sb2,0.24
F2Gd2O2,0.28
AuCuO2,0.43
N4Nb4O4,0.35
Ca8O16Si4,0.31
CoMnO4,0.29
LaLi3P2,0.19
Be26Mg2,0.13
DyGaRh2,0.37
Pd3Pm,0.3
W,0.7
AgMg2Rh,0.38
HfTaTc2,0.31
Cd2PtRh,0.36
InIr2Sc,0.31
Al3Tc,0.25
AlOs,0.29
InRh,-1.55
BiO3Zn,0.33
Pt6Ti2,0.33
Ag3Na,0.35
I4InLiO12,0.22
Rh6Se2,-8.24
La3Li,0.43
Cu2O4Pd2,0.42
BErRh3,0.36
As2Te2U2,0.3
CdGeO3,0.29
IrO3Zn,0.39
B2Co8Y2,0.34
SeTl,0.48
Cu5Nd,0.38
CuHg2Ti,0.42
Ca2Ir2Sn4,0.29
HoMg,0.34
Rb,-0.24
Cu2GeHgSe4,0.28
HgTe,0.52
CeRh3,0.3
AuZn,0.42
Al4Ba,0.22
Ag2Dy2Sn2,0.25
F4Sn,0.17
AgCe,0.21
F4K2Mg,0.27
As2Cu6S8,0.3
Ba2O6Te2,0.28
Bi2ClNdO4,0.31
Ag2Nd,0.36
Br6K2Sn,0.25
Br2Hf2N2,0.3
Se2Ti2,0.24
As2CaCo2,0.26
Bi2Pd,0.39
Ru4Th2,0.48
BClSe2,0.55
Nb2S2,0.27
Ga2Nb2O8,0.34
Cu2P2Zr,0.3
O4Ru2,0.34
Au2LaPb,0.4
CdSc2Tc,0.37
Ho2LiPt,0.32
Li12Sb6,0.21
AlLiLu2,0.26
Cd2HoLu,0.36
C3Lu2Mo2,0.27
AlLa2Li,0.28
O3ReSb,0.46
Au6O2,0.5
CsO3Sn,0.39
O12Ta4,0.33
CeP12Ru4,0.23
DySb,0.25
SnTi2,-0.66
MgO,0.52
Ba3BiSb,0.27
Cl4Cu2F4K4,0.26
CaF6Zr,0.32
Mg4N8Sn4,0.28
AgGa,0.57
Cs2,0.33
S2V2,0.25
Cr4Ti2,0.33
B6Ni3Yb2,0.2
Cd3Te3,0.29
Ge2Ni4,0.39
Hg3Zr,0.43
Al2Pd,0.38
Ag2NiO2,0.39
Be,0.22
As2EuMn2,0.23
Ga2Gd2,0.25
Co2FeIn,0.41
NiSnU,0.3
Co2FeGe,0.32
In4Pd8,0.38
Cl4MnRb2,0.28
ITl,0.52
I2Mg,0.28
Ca8Si4,0.25
Fe2Sb2,0.26
O8Ti4,0.28
H8O8Sr4,0.27
AsHo,0.21
Mg2P4Si2,0.29
In3Nd3Rh3,0.35
Si,0.27
O14Sm4Zr4,0.27
Ge4Mg4Yb4,0.16
Ag2Br2O2Pb2,0.4
Be12W,0.1
CoSbTi,0.27
B8Mn8,0.35
TiVW,0.61
Cl3LiTi,0.3
N2O2P2,0.12
Mn2O6Ti,0.2
O18Ti12,0.32
Ac2AgIr,0.42
PdPm2Sn,0.4
BiTeTh2,0.26
Hg2PrYb,0.3
Br6Lu2,0.24
GaHo2Li,0.27
Ir6Re2,0.31
Pt2Zn2,0.34
RuTa2V,0.34
Ag2O4Pt2,0.37
BaTe,0.24
GeMgO3,0.25
BaO3Ru,0.26
Pd2Ti,0.15
Bi2K2Mg2,0.27
C12Li,0.19
Mo2N6Zn4,0.27
Al3Cu2,0.31
AlCu2Hf,0.33
Rh2V2,0.32
CoCu2Sn,0.4
DyLiSe2,0.23
Al9BaFe2,0.26
In3Pt3Y3,0.35
Ge4Mn4Zr4,0.21
Ga2MnSe4,0.3
Co6Se8,0.32
O4Pb2,0.33
Ba2CaIrO6,0.28
Ru2Sb4,0.23
CRh3Y,0.32
Dy3In3Pt3,0.35
H2Li2O2,0.25
DyIr3,0.31
CeRe4Si2,0.25
AuGeLi2,0.17
H16B4Li4,0.32
Ca2Cu2Ga,0.29
Cu4O6Sr2,0.3
Ba2Nb2S6,0.38
F2Gd2S2,0.26
Cu3NbSe4,0.22
CoGa2S4,0.24
BaCu2S2,0.31
Na12P44,0.3
Si16Ti20,0.23
Al2F8Rb2,0.22
As2O2Y2Zn2,0.3
Lu2O8Ta2,0.31
Ga4O8Ti,0.3
F6K2Mn,-0.03
Co5Nd,0.38
Al4Au8,0.37
Al6Pt4,0.46
Si2Ti,0.2
Ca2CuO3,0.27
Cl2Co,0.31
CuNa2O2,0.34
Ba3O7Ti2,0.27
Cd2P8,0.29
InMnRh2,0.38
Cd3Na,0.43
LiPt2Sc,0.24
LiSc2Tc,0.32
FeP4Si4,0.19
GaPd2Zr,0.59
Al2Lu6,0.26
NaO3Pd,0.26
MgSm5,0.3
Br3CsIn,0.33
CY,0.65
B2Sm,0.18
Ba2BrN,0.29
Ce2Ga2Ge2,0.26
CEr2Fe2Si2,0.25
CoGa5Y,0.19
As4Cd6,0.42
Ir4Te8,0.32
Rh3Ti,0.26
Ge3Mn3Tm3,0.19
Ge4Pr2,0.4
F8Pd2,0.29
Cd2Li2,0.31
Mg16Pd8,0.32
BInSc3,0.22
Nb2Pb2S4,0.33
Ce2Ni2,0.41
Br6Pr2,0.28
Co5Y,0.36
Ba4O16S4,0.34
O16Pb4S4,0.3
B2O6Tl6,0.28
Be12F24,-0.04
Te2Ti2,0.25
Al3Zr,0.24
Al12Fe2,0.28
BrPbTa,0.63
H2K2S2,0.28
Li8O24Ti10,0.27
Sb2SrZn2,0.31
CrS2,0.25
Na4O6Sn4,0.31
O3U,0.39
Na12S8Zn2,0.3
Sc2Zn6,0.36
OsTa2W,0.29
MgPd2Zr,0.37
LiReZr2,0.36
AgCa2Sn,0.42
ReTcTi2,0.32
SmTmZn2,0.34
Co6Na2,-14.91
Au2Ni6,0.38
NaS2Sc,0.24
B12W,0.29
AsSm,-0.11
As2Ca4,0.17
HfKMg6,0.28
Cr2Mg4N6,0.33
CaTe,0.52
Ho2Si2,0.21
Co9S8,0.29
Ga2HgTe4,0.24
Si8,0.19
Y2Zn17,0.24
Al4Sm,0.42
Fe2SnTi,0.26
Cl4K2Pd,0.28
Cl4I4Pb4,0.28
H8Mg4,0.31
Al4La2,0.19
CdCl4Rb2,0.34
GeLi2Pd,0.54
AgInLi2,0.26
Co2Er2Si4,0.29
O3Pm2,0.35
Ga4S4,0.24
Cl7Cs3Mg2,0.29
Al10Mo2,0.21
GeInRe,0.36
BaO3Ti,0.28
Eu6O9,0.32
Li10P6Si2,0.2
Cd2Sb2Sr,0.28
F4O4Ti4,0.32
O4Zr2,0.4
LiLuO2,0.29
Ca3CdO4,0.25
BiPd2Sm,0.52
PdPm2Ru,0.38
Ho2I6,0.25
LiRh2Sn,0.29
MgPd2Sn,0.39
Co6Pt2,0.31
Pr2Ru2Si2,0.26
Si6W3,0.23
GeLi2Mg,0.34
BrCl6Rb2S,0.54
CBa,0.36
Mn2O2,0.34
CdO3Rh,0.95
NbSe2,0.24
Hg2Se4Sn,0.12
Li2SnZn,0.28
Ge4Sm2,0.34
SY,0.34
C4Ca2,0.37
LaLi2O7Ta2,0.24
Co2Si2Sm,0.24
Ag3Al2La,0.37
Ce2Ge4Pt4,0.35
Ge3Pu,0.21
In3Mg3Y3,0.2
O20P8,0.17
Rh4Sc4Si8,0.25
DyS,0.33
K4O4,0.29
Cl6K2Ti,0.31
CuHf2,0.3
AlMg4Si6,0.49
Pd2Si2Yb,0.32
C4Ca16N16,0.29
AlLaO3,0.23
Ge8K8Na16O28,0.29
C3W6,0.29
Be12Ta,0.11
Na4O12U4,0.24
K4,0.33
C12,0.19
HfKNi,-4.24
BeBiOs2,0.55
C2H2K2O4,0.3
Cu2Ge2Li4,0.21
RhZn,0.32
KNbO3,0.33
Li2O4Ti2,0.36
Ag2F4Li2,0.42
Li4O5U,0.21
F6La2,0.4
AcAu2In,0.41
GePa3,0.29
Hg2LiPm,0.4
AgPm2Sn,0.34
AlNbOs2,0.29
GaRu2Ti,0.32
CdPt2Y,0.42
HfIr2Yb,0.37
Bi3Pa,0.33
GeHgYb2,0.12
Hg2MgTb,0.32
DyPaRu2,0.51
FeSiW,0.3
Si23,0.25
GeSi3,-0.21
HgLa2Tl,0.31
NRe3,0.27
H3Pr,0.29
O3RbTm,0.46
C4Fe11Mo,0.32
AsCa3Sb,0.19
Li2Mn2Sb2,0.26
Cu2Ge2Mg2,2.24
AgPt5Si,0.37
Hf2V4,0.43
Se2Tb2,0.5
S4V3,0.21
Ba2Ge2Zn2,0.21
CaSe,0.22
Mo4S6,0.24
Mn2Pt2,0.31
CPbPt3,0.43
As4Rh4,0.33
Fe3Sn,0.29
Ni2P2U,0.37
GaRh,0.34
Sb4Ta5,0.26
Fe6P24,0.18
Cl2NSc2,0.24
Ba2Zn4,0.36
Co2Se2Tl,0.31
Ag4O8S2,0.4
Dy3In3Rh3,0.36
Fe8Ta4,0.32
Ag2Pr,0.36
CAlNd3,0.25
Ge2Na4O6,0.28
CB2NdNi2,0.32
O8Pb2W2,0.33
H8BaFeMg2,0.21
Rh3Si2Tb,0.26
Au2LiPd,0.47
MgPd2Zn,0.5
NiRuY2,0.32
Rh2SnTi,0.33
PtReTi2,0.33
SmYbZn2,0.26
Pd3V,0.31
B2K2O6Zr,0.29
Cs2F4Hg,0.23
AuClTi,0.55
AlO3Zr,0.29
CdHgNa2,0.67
P3Re,0.38
Mg2NdTm,0.27
MgPd5,0.36
AgAu2Pa,0.92
HgMg3,0.34
AuRuSm2,0.37
Mg2Yb4,0.27
BeLaO3,0.46
B2Cu2Se4,0.24
CrGa3P4,0.34
Cd2Sb4Sn2,0.29
CRe,0.33
NTa,0.26
MgO3V,1.06
CoRh2Sn,0.33
Ca2Hg2Sn2,0.37
Ga4Ti2Zr,0.24
C2BSc2,0.28
BaLiP,0.23
AgMn3N,0.27
Sn4Y2,0.24
Fe2S4,0.17
Co2CrIn,0.33
Ga2Y,0.2
In2Li2,0.43
Cl6K2Re,0.3
IRb,0.4
Cl6K2Ru,0.39
F6Ti2,0.31
Mg3Sb2,0.32
Sn2Ta6,0.43
Fe8Hf4Si8,0.29
Al2Bi2O6,0.27
N8O24Tl8,0.35
Ag2Be4,0.23
KNbZr2,0.67
CuMgY,1.17
CaTaTc,0.59
CTa2,0.27
S6Sc2U2,0.3
Ag2K4Sb2,0.24
O4Zr2,0.3
Hg2LaLi,0.42
ErPbRh2,0.99
OsTi3,0.36
Au3K2,0.31
InNbPt,0.47
KSnY,0.43
Au2Rb2Se2,0.24
HoO3Sn,0.35
MgNdO3,0.61
HoIn2Sm,0.32
Ag4Al2,0.36
Au2Ce2,0.37
Ag2Sc,0.3
MoS2,0.24
Al3CePt2,0.29
Te4TiV2,0.24
Mo3S6,0.23
Cu4In2,0.43
Ir3Zr,0.26
As2Ge2Te5,0.2
YZn,0.43
BaMn2O5Y,0.29
Pb3U,0.45
In2Sm4,0.31
Mn2Na2P2,0.22
Al3CeNi2,0.25
Rh4Yb2,0.34
Cd2EuP2,0.24
CeN,0.28
AsGa,0.23
Ni4S4Sb4,0.27
Cs8O16S4,0.3
S18Y12,0.3
Os2Si2Y,0.28
Cu2Si2Sr,0.22
DySe,0.34
Er2InMg,0.29
N4Yb6,0.31
F8Na3Zr,0.32
BeCo2Ti,0.28
Cu2Dy2O2Se2,0.31
GeNbRh,0.56
GaMg3,0.3
Cr3Nb3Si3,0.26
AgLiO2,0.44
HNiO2,0.21
CSc,0.29
Ir2N2,0.29
BGaN2,0.17
FeMnTe,0.19
HNa,0.32
NNp,0.47
As2K2Mg2,0.25
AlCrNi2,0.4
Rb2Se,0.29
CaPd5,0.31
LuNi2Si2,0.26
O2Pr2Te,0.29
Ag3Er3Pb3,0.3
Fe4O14P4,0.3
AuMnSn,0.38
In2Se4Zn,0.24
Cl6Cs2V2,0.34
OSr,0.24
Os2Sb4,0.22
IrLi,0.3
Cl2O2Pr2,0.29
Na6P2S8,0.31
Er2Si2,0.21
Ge2Pr2Sc2,0.24
CuSb3Ti2,0.27
As4Cu4S4,0.31
C2Dy,0.33
Cr16Ti8,0.33
C2Ho2Ru4Si2,0.31
Au8Ca10,0.33
Ba4Cu4O8,0.35
Sb4Th2,0.32
Ag4Cl4O12,0.39
AcGaTe2,0.35
PtSc2Zn,0.33
MgPm2Sn,0.35
Tc2TiV,0.32
GaHfIr2,0.37
Sm2Te6,-0.05
PtSnZr,0.23
InRb3,0.69
RbTl3,0.12
Li2PtTl,0.23
AgKO3,0.34
CeLi2P2,0.24
Ag2Au2O4,0.41
Au2O4Sr2,0.32
CdO3V,0.44
Al2Ni4,0.4
Cs2NpO4,0.22
Cr2Li12N8,0.17
Au2Li2Sn2,0.38
AgSbTe2,0.34
Au2Be,0.4
FeNiPt2,0.31
Ca2FeO6W,0.4
As4Fe2,0.18
In4Se4,0.23
Ho4In2,0.3
Ge2Mn2Ni2,0.3
Ni4P12,0.23
AuGaLi2,0.19
Cu3S4V,0.23
FOY,0.3
HgSr,0.4
Bi2ClO4Sm,0.31
O6P2Rb2,0.03
NiZn,0.62
Au5Ca,0.38
C8,0.21
Er2Sb2Zr2,0.28
Ca4Mg2O14Si4,0.33
Rh4Zr4,0.36
CaCsF3,0.34
CeO8Th3,0.31
K6P2,0.3
GaN,0.25
CdPr2Tl,0.35
CsS2Tb,0.25
PtTaTl,0.21
Cd2NdYb,0.29
Rb3Ru,0.45
MgMnO3,0.3
As3Sm,0.45
Al16Pt7Ti6,0.32
CsGdO3,0.32
Cl6NaRb2Tl,0.24
N2Nb2,0.42
Al2Zr2,0.38
AlBN2,0.22
CrFeTe,0.24
Ba4Br4Cl4,0.31
Ir2O4,0.32
HfRhSb,0.49
Ba2Be4N4,0.24
MgNi4Pr,0.33
Li6O8P2,0.25
Au2Nb,0.34
Ni4O14P4,0.3
Fe2Te2,0.25
B2Pt2,0.42
AlCe3,0.22
Hg4Na4,0.34
Cl2Ni,0.24
Br4Cd2,0.34
Ba4Br4Cl4,0.32
CaGe2Ni2,0.31
Ga2Ti6,0.3
Al3Si2Tb2,0.2
F6HfV,0.31
C4N16Sr16,0.31
Cu2Si2Th,0.26
Au4Sb8,0.35
CeLi2O3,0.3
Bi2Cd2O6,0.35
Li2Ni2O4,0.23
Rh2SbSc,0.66
NdRh2Yb,0.36
AlFe2Nb,0.26
Co2GeV,0.34
BeNi2Si,0.36
CaHg2Sm,0.29
Bi3BrO4,0.29
MgSrTl2,0.35
Al2RhRu,0.24
Dy2Mg2Sn2,0.23
GaRh2Sc,0.29
Na2Rb2S2,0.15
FeNbSb,0.29
C4,0.22
NNi,0.49
Ca3P2,0.23
BHfRh3,0.3
Cu2Mg2O4,0.23
Ba2O4Ru,0.23
Au6Lu2,0.37
S6W3,0.46
FeSc6Te2,0.29
Ni4Y4,0.36
Ag4Cs4Se16,0.23
C4Mn20Si4,0.28
Ba2Mn2O6,0.41
Fe2O4Yb,0.35
Hg2Zr2,0.39
I5Pr4Ru,0.24
Fe2Se2Tl,0.29
Co2GaHf,0.31
Mn4O8Sn2,0.33
Zr,0.47
F8Sr2Zn2,0.34
Li2O3Pr,0.33
O12Si6,0.21
F4Mg2,0.39
Ru8Sc4,0.38
Au2Ba2Sb2,0.26
Te10Zr2,0.29
NiTcW,0.44
B6Sm,0.26
O2TlY,0.31
AsGe,0.25
O16Ti4V4,0.29
Mn3NiO4,-0.09
CaRh2Sn,0.3
Cu6Pm2,0.37
Hf2IrRh,0.46
CeHg2Yb,-0.04
OsV3,0.31
Hg4Pd4,0.52
CuNi2Zn,0.38
Ag3Fe,0.47
Ge4Hf6,0.23
AuNa3,0.37
InMgSc2,0.16
InMg3,0.1
Ru2ScTm,0.33
Li6Re2,0.3
Au2F2O4,0.27
AsB2P,0.14
O2,0.41
N2ZnZr,0.31
Np2O2Se2,0.28
Pr2Sb2Te2,0.34
PPd5Sn,0.37
F3Sc,0.3
Rh5Y,0.31
O3RbU,0.29
Mg2Rh,0.25
MoN,0.79
F4Nb,0.16
B4Fe2Mo,0.26
S4Si2,0.24
Ga3Tm,0.29
Rb2Te4Y2,0.26
Cr8Zr4,0.37
DyP,0.21
InLi2Pt,0.39
InPu,0.1
I6Ti2,0.23
H2Al2O4,0.17
O2Tb,0.26
B6Co2W6,0.25
AuScSn,0.3
BiPd2Y,0.48
GaIrLi2,0.38
AlLiSi,0.16
Hf4N3,0.3
Ho2Li2Se4,0.23
MgNi4Y,0.3
GaNbNi2,0.42
Ca4O12Sn4,0.27
Ni2ScSn,0.33
As2O8Sc2,0.3
FKNb4O5,0.25
N2SZr2,0.29
Cl6NS2Sb,0.32
NdPt3,0.34
Cr8Ta4,0.34
BaO3Ti,0.26
Mg20Pd8,0.6
CrRh2Sr,0.55
FNa,0.24
Cu2Li2S2,0.38
AlSn,0.29
Al2Te4Zn,0.23
RuSc2Zn,0.36
CdHg2Y,0.36
AcTe3,0.31
MgOs2Ta,0.31
GaOs2Ta,0.3
NaS2Tm,0.23
LiS2Ti,0.21
FeSeZr,0.26
PdSiZr,0.3
HgInYb2,0.27
Bi6Na2,0.39
AlMn3,0.32
F6NaRb2Sb,0.32
HgP2Si,0.48
CrCu2Si,0.42
S2Ti,0.28
NTc3,0.26
AgLuO2,0.36
FeGaNi2,0.41
CoGa5Sc,0.27
As4Pd4Se4,0.33
HgS,0.36
N5P3,0.17
Co2GeMn,0.3
Ca3Li3Pb3,0.66
Dy3Ga2Mn3Si,0.28
Lu2Ni4,0.32
SeU,0.78
Pd4Sb4Zr4,0.37
Ru6Sn14,0.34
B4Co4W4,0.26
ClNa,0.24
Bi4O6,0.41
Br2O2Ti2,0.13
HNa,0.16
LiPd,0.33
ErPd3,0.35
BaNi2P4,0.52
Br4Li2Mg,0.26
I2N6Rb4,0.2
BiTl,0.25
Au7Rb3,0.37
HfTe2,0.18
Ca2O6Ti2,0.24
Li2Nd2S4,0.24
ErNi2Si2,0.27
Co2S2Sb2,0.23
O6Sr2Zr2,0.25
Au2F8K2,0.38
Rh2Si2U,0.28
F4Mn2,0.34
S10Zn10,0.29
C6N8,0.18
Br2Hg2I2,-0.76
BrK,0.43
AgTi3,0.41
N14Si8Sr2Y2,0.25
F6Mn2,0.2
O4Pt2,0.22
PtSbSr,0.32
NiOsSc2,0.3
CdInNd2,0.3
ErNbRu2,0.33
ErHoZn2,0.33
NaO3Re,0.38
NaO3Te,0.26
DyLaRu2,0.36
DyIn2Sm,0.33
ReYb3,0.4
CeDyZn2,0.34
Nb3Ni,0.05
AsZr,0.28
CoCrTe,0.31
CRe,0.26
RhSi,4.65
STi,0.21
BiCo2Cr,0.29
B2Be2Li2,0.1
CeS,0.25
Mg2Sb2Yb,0.22
NbPt2,0.31
O2Rb,0.32
As8Rh4,0.25
C2Ba,0.52
Mo8O24,0.1
N4Os2,0.24
Cr4Fe4P4,0.25
Cl6Zr2,0.28
Al2Cl6,0.24
Rh2Ti2,0.38
Ag2Cl6Cs2,0.28
Ge2Ni2Pt4,0.36
Pd20Sb7,0.41
AlLi2Pd,0.31
Pu2Zn4,0.21
Ho2Nb2O8,0.33
B4Ir4Li4,0.33
CdHo2S4,0.29
Ca4O16Sc8,0.26
C4O12Rb8,0.32
BeO4S,0.13
O4Sn2,0.29
Cs2Nd2O4,0.28
F6MoNaTl2,0.33
I2Li2,0.27
BaCl2,0.32
Ba2Ni2S4,0.29
O6Y4,0.3
O2SmTl,0.3
Ga2Ge2Te2,0.2
AgInSc2,0.31
HgNaPd2,0.4
AlOs2Ti,0.31
RuTcV2,0.31
AgInLu2,0.34
Cu6Ga2,0.34
DyMg2Sm,0.24
Os6Tc2,0.23
AsTc3,0.39
Mn3Zn,0.35
CoRb3,0.59
CrLi3,0.35
Sm2TlZn,0.32
S2W,0.21
Ag3Hg,0.49
Co2Nb8Si2,0.28
MgPtSb,0.32
Nb4Pt4Si4,0.33
Hf4La4O14,0.27
ScTe2Tl,0.25
Mn4Si4,0.22
As4Co4S4,0.18
Al2Au2O4,0.32
Cu6Se4,0.41
I2N2Zr2,0.19
Na6O6,0.25
Co2Hf4P2,0.28
BaLaMgO6Ta,0.36
CAlSc3,0.18
Ag2BaS4Sn,0.32
H12As2F12Li2O6,0.28
Rh4Zr4,0.35
Li2N6Si4,0.2
CsI,0.28
Co2Zr4,0.41
ScTl2W,1.24
Ag2BBr,1.56
As4Cu4Zn4,0.36
Dy2Se2,0.43
Fe16O24,0.31
Au2Si2Sr,0.32
B2Co3Hf,0.24
AlAsO4,0.18
In2LiTm,0.29
CdPaPt2,0.53
AlLiPt2,0.17
InMgNd2,0.27
N4Zr6,0.25
Ge12N8,0.27
Bi3Zn,0.4
PaU3,0.47
DyLa3,0.3
HfLa3,0.27
HgLu2Tl,0.39
AlO3Rb,0.24
IrNiPr2,0.42
O3RbTb,0.45
N2Os,0.41
BeSe,0.14
Ag,0.38
Mn8Nb4,0.36
Ir2N4,0.24
Dy2Rh4,0.33
O6Ti2Zn2,0.36
Al9Co2Sr,0.21
Fe2O8W2,0.33
CuHo,0.28
Ag2In2O4,0.37
Cl3CsPb,0.31
H2Cu2,0.36
Au2InSc,0.39
CAlTi3,0.23
FNdO,0.3
K2Mn2Sb2,0.26
O12Pr4Rh4,0.34
Ru16Si12,0.31
AlNNd2O3,0.24
F6NiRb2,0.23
As2BaFe2,0.27
Ge12N16,0.27
Mg3Tb,0.18
Cu2Li2O2,0.28
Cr4Si4,0.24
F6Sn2,0.43
GeP,1.34
AlBeRh2,0.28
CuGeRh2,0.35
Be2Na2Sb2,0.22
AsCaLi,0.3
CoMnSi,0.33
Pt3Rh,0.35
K3Tl,0.47
Ge2Y2,0.23
CY,0.3
AlTi3,0.37
Ge4,0.19
CrTe,0.34
NPSr3,0.18
CB2Rh2U,0.31
CFe2Si2Y2,0.23
CEr3In,0.37
Ba12N48Nb24,0.15
Cr3NPt,0.25
Al2FeZr6,0.3
Al4O6,0.24
NbNi3,0.31
ErTe,0.37
O14Pt4Tl4,0.29
Gd2,0.24
Ba4Mg8,0.25
Co4Mn4Si4,0.27
Ge4Mn4Ni4,0.32
InNi2Sc,0.32
Cs4O6Pb2,0.35
Cu12N12Sr12,0.29
Co6Hf6Sn6,0.28
Fe8Ti4,0.27
La4,0.23
I2N2Ti2,0.2
Cl12K4Mg4,0.28
CdTe,0.33
C2S6Tl4,0.26
Er20Si16,0.34
Al5Ba5Pb,0.25
Fe2Mn2O8,0.33
CrCuSe2,0.64
Hf4Ni2,0.43
CoReTi2,0.29
LiMg2Zn,0.23
CdNpPt2,0.28
LiSmTl2,0.36
P6U2,0.19
AgAuLi2,0.37
BeIr2Si,0.34
CaGeLi2,0.2
Ru2YZr,0.31
La2O4Pd,0.38
Pt2Tc6,0.24
Cd2Cu2F8,0.34
Si2,0.24
Cd2Te4Zn2,0.29
C2Ge6,0.41
HgLu2Mg,0.44
InRb3,0.46
LuNdTl2,0.36
CHf3,0.35
Au2LiMg,0.42
AcMg2Yb,0.23
Rh2Zn6,0.35
Na3Tl,0.09
Au2Cd2O4,0.37
BSb,0.17
CNb,0.45
CPd,0.45
Ba3BiN,0.33
Eu2Ge2Zn2,0.38
Sm2Te4,0.32
Rh3Ta,0.25
KMg6V,0.27
AgCu4Ho,0.38
Ga2I2Tb2,-0.42
PPd5Zn,0.33
O4Sr2Zr,0.28
Co2Cr6,0.66
Ga2N2Ti4,0.22
Li4N4Ru4,0.27
BeTi,0.25
Ni4ScSn,0.34
O10Te4,0.17
Pr4Tl2,0.33
Co2S2,0.36
Co4Sb12,0.22
Te2Zr2,0.29
As4Ti4,0.25
Mn2O6Ti2,0.32
S4Ta2,0.26
InNTi3,0.54
AuIn2,0.35
P4Ru4Zr4,0.28
BiEr,0.25
I2N2Th2,0.19
Ca4P4Pt4,0.3
Au2Tl4,0.35
Fe2NdSi2,0.24
Li3O4Ta,0.15
Ag2Bi2I8,1.0
F4O4Sc4,0.31
Al3Ti,0.18
H4AgNS4W,0.11
O2SmY,0.29
NbSe2,0.25
Cd2O8S2,0.31
AcAgAu2,0.56
ErPd2Yb,0.37
CdHg2Pr,0.36
Cu3Sc,0.49
CaO3Sr,0.87
ErRu3,0.44
Cl6Cs2NaSb,0.27
Cs2F6NNa,0.57
Er2,0.23
B4Mn4,0.36
ClCsIK,-0.06
BTc,0.42
FeMn,0.23
NRu,0.41
HLiPd,0.31
Pr2Se4,0.32
Mg6NaZr,0.5
O6,0.33
C3U2W2,0.28
CuO4Pr2,0.38
Ho3,0.23
P16Zn8,0.24
Be5Sc,0.14
RhTb,0.35
RuTa,0.31
Ag2Lu2Sn2,0.28
Mg4Pt2,0.27
SnTe,0.41
C2Mg2N4,0.25
Mn2O2,0.3
Cu2Sb4Y2,0.31
CSnTb3,0.39
GdNi2P2,0.26
Cs2I6V2,0.36
ClK,0.26
Pd3Yb,0.35
CdHg2,0.41
Ag2Th,0.29
Cr2Si2Te6,0.21
Ba2S6Ta2,0.41
CrKS2,0.21
Co2Se2,0.39
Br2CuO2Sr2,0.23
H3Ag2IO6,0.36
Cl6Co2Tl2,0.45
CaCu4In,0.31
Au2HfIn,0.41
CNb2S2,0.2
NaPmTe2,0.37
CeLi2Pb,0.44
LuRu2Ta,0.28
Rh6V2,0.28
SiTl3,0.48
Al3Li,0.27
HoIn2Nd,0.33
Li3Mg,0.32
Al2Cu,0.3
CoNi,0.87
H2Cr2,0.26
MnN,0.39
NTa,0.51
NbPd3,0.32
As2Na6,0.24
O16Si8,0.26
OsSc6Te2,0.31
Si2Zr4,0.22
C2Al2Ti4,0.18
B6Cr10,0.23
As4Rh6Sr,0.34
CaS,0.22
As4Zr4,0.27
B6Th,0.24
CoGe3La,0.27
NY,0.2
Ni5Y,0.29
GaNi2Zr,0.41
Ca2Cl2CuO2,0.27
H4Ca4O16P4,0.27
InTe,0.42
Br4K2Pd,0.24
Br2Ti,0.2
BiO2,0.35
DyPd2Si2,0.32
AgAsMg,0.43
AgNd5Se8,0.3
Pd36Si8,0.39
Ca4In2N2,0.2
B13N2,0.23
Au2InTb,0.41
Bi4I4,0.24
InMg3,0.33
Co2Li2S4,0.31
Mg2O8S2,0.22
Nb8O20,0.31
CuGePm2,0.31
Ir2MgSn,0.48
Lu2MgTc,0.34
LiOsZr2,0.34
Al2FeNi,0.26
CdLiPd2,0.39
HoN,0.19
Ag2Cu2S2,0.35
Ba6S14Zr4,0.28
P2Zn2,0.6
Si2U,0.29
BiKO3,0.2
C2Nb2,0.27
Au2Ho2,0.41
Bi2Pd2,0.38
CW,0.48
HoSb,0.49
P2Se2Th2,0.32
CaMg6Mo,0.24
DyGa4Ti2,0.24
Pt4Tm4,0.36
Ga4Lu2Ni2,0.24
CdLiP,0.29
Hg2Pt,0.36
Mg8Y4,0.27
As2BaCu4,0.42
AgTi,0.33
AuCeGe,0.36
InNi4Tm,0.33
Ce2Os4,0.47
In3Tm,0.34
Cr2Sb4,0.28
In2Se2,0.26
H32N16O24,0.3
Al2Zr4,0.28
Si3U,0.46
Ca4I2N2,0.14
O12P8,0.23
AlBBe,0.15
STh,0.36
Al12Mo,0.24
Al4B4O16Pb4,0.25
RuTi,0.28
BiKTi2,0.31
O4RhSb,0.29
FeLiS2,0.35
KO3Ti,0.31
O4Pa2,0.35
Tc2TmW,0.32
PaTc2Tm,0.35
NiO3Rb,0.42
Os2ScZr,0.31
B12Si3,0.21
HgPm2Zn,0.35
CoFeSbTi,0.31
Ga20Nd12O48,0.47
MnP,0.49
SiSn,0.23
CCoMg6,0.3
Ca2Zn2,0.57
Al2Si2Yb,0.23
Li3,0.3
RhTm,0.33
Ga4Se6,0.22
Mg2Si,0.17
CaCs2F4,0.35
PPtY,0.33
Al4Ho2Ni2,0.25
Er8O20Si4,0.31
Nb24Si8,0.32
Fe4Na4O16P4,0.29
PU,0.3
Ca2In4Pt2,0.32
Br2F2Sr2,0.23
Dy16O24,0.31
Be8Cr4,0.16
Al2Cu2O4,0.31
Br4OW,0.16
AlSc,0.28
Li2O6Ta2,0.22
MnN3Th2,0.28
C4,0.19
MnRh2Sn,0.4
In6O18Te3,0.32
Al9Ni6Y3,0.25
Al20Li4O32,0.24
Os2Si2Tb,0.29
O8Si4,0.32
Cr2F6,0.11
Se2V2,0.62
H2FeO2,0.25
BBeRe,1.47
CH2Y2,0.22
CuS,0.4
Nb2S4,0.28
HfInPd2,0.4
HoMgRh2,0.31
IrMoTi2,0.32
Ag2AlCe,0.41
LuO3U,0.29
Re3W,0.33
AgPr2Zn,0.31
H6Cs2GaTl,0.36
Co3Cr,0.26
HgO3Ru,0.34
CoGa4Hf,0.21
Hg2Sn2Sr2,-0.09
Ni2,0.33
CK2N2,0.31
Pd4Sb4Te4,0.33
Fe3Pt,0.36
CMnN2,0.35
CaGe2Pd2,0.36
As2CoO6,0.28
As4V4,0.25
Fe3Sn3,0.27
Br2Cu2,0.34
Nb4Se6,0.25
Be44W2,0.09
Er2Pt4Sn2,0.34
DyRh5,0.33
Au2Li4Sn4,0.31
CuGeLi2,0.24
C4N4Zn2,0.46
Fe4O16P4,0.01
Ge2W,0.19
Mn32O48,0.35
F6Ni2,0.2
Cd2S2,0.35
O26Sb12,0.25
O4Sn2,0.34
Bi4Hf4O16,0.3
F8Ge4,0.22
B2Nd2Ni8,0.3
Hf2LiRe,0.34
Ir2MnZn,0.34
Au2LiY,0.43
GaNbPt,0.49
AlRh2Zr,0.29
AgPdYb2,0.31
O6Sn2Sr2,0.59
NdOs4Sb12,0.52
AsCo2Cr,0.34
NNd,0.97
HfMgO3,0.29
GeO3Pb,-0.38
Al2Sb2,0.26
Co3Cu2Ho,0.32
O8Re2Zn,0.2
Al4Pt4,0.32
Nb2Rh2,0.26
Rh3Sn3Tm3,0.34
N2Zr2,0.33
Nb10Si6,0.24
Ir2Nb6,0.3
F6RhZn,0.21
F6HgRh,-0.4
KNa2Sb,0.24
Al8Li40O32,0.23
GeNi2Zn,0.38
Ir4Ta4Te16,0.21
CaCu5,0.32
O3PbTi,0.27
C2In2Sc4,0.23
In3Tb,0.28
O2Zn2,0.36
CeGa2,0.17
Fe3Ge3,0.28
Ca2ClN,0.22
C8,0.05
GaP,0.22
B2Nb2,0.2
Al12S18,0.23
IK3O,0.22
Cu2NdSi2,0.21
C4B4Dy2,0.22
Cs2,1.82
CoFe2Ge,0.57
Cu2O4Sc2,0.35
HoRh2Si2,0.27
Al2Ce2O6,0.29
MnRh,0.31
Na2Sb2Zn2,0.31
Fe2S2,0.24
O3SrTi,0.24
Ba6Bi2N2,0.29
CdSm,0.35
AsYb,0.65
Cu2HfIn,0.32
CaO7Si2Zr,0.29
As2Cu4,0.39
C2Ni6,0.35
BeRh2Ti,0.3
CaHg2Y,0.3
I2Li12P2S10,0.28
SmYZn2,0.32
CuPd2Sc,0.23
Cd2Sm6,0.29
As4Co4Hf4,0.28
Er2MgTl,0.34
CAlPt3,0.52
FeLiP,0.04
B2Ir3Th,0.29
MnO3Zn,0.16
Al6Mg2,0.39
KO3W,0.23
B4Ru2,0.25
Cr2Ge6Nd2,0.22
La8Te16,0.3
Ba2O6SbY,0.47
Ca2Cd4,0.3
Cr8Ti4,0.34
Ge4Th2,0.26
Fe4O8Si2,0.32
Te6Zr2,0.29
Be4Ta2,0.22
Cs4I12Sn4,0.28
Ni4O32Re8,0.15
F4Pb,0.2
BO4P,0.12
N8Si6,0.31
Al4U2,0.46
Li2Mn2P2,0.3
Er2Nb2O8,0.33
ClCsO4,0.35
CB2LaNi2,0.12
Al2Pt2Ti2,0.36
Cl6MnRb2,0.33
O20V12,0.3
Fe2GaNi,1.27
AlTaTi,0.59
Fe2GaTi,0.28
Rh8Sn4,0.36
MnPtSb,0.52
In6Sb2Te4,0.27
CuS2Sc,0.31
P8Pt4,0.23
Cs2O4Tm2,0.28
Ba3OSi,0.22
NaS2Ti,0.21
Ca2F8Pd2,0.32
B4Ca2Rh4,0.33
Pd4Sb4Sr2,0.39
Cl4Pb2,0.37
HgOsTm2,0.37
Os2SiV,0.3
Cu2O2Se2Sm2,0.29
CoSi3Sm,0.24
PtRh3,0.3
Li4,0.48
Cr3Nb,0.31
C2Re,0.24
Os3Zr,0.33
Mo2S4,0.22
Bi2Te2Th2,0.31
BiMg3,0.41
CdNd,0.33
Pa,0.3
Ca2Ga4,0.16
C4O8,0.33
PTe2Ti2,0.22
Ni3Pr3Zn3,0.33
FeSb2Zr6,0.28
F12Ge2K4,0.29
Pt3Tb,0.33
C4Al8Mo12,0.34
ErN,0.19
AlNNd3,0.37
O16Sb8,0.26
Bi2Ho6Mn,0.24
I2K2O8,0.27
HLiNd2O3,0.22
P4W4,0.28
H2S,-4.35
H6U2,0.27
Os4Si4,0.33
Ga2Ti2,0.24
Cl6Y4,0.2
Li4Si2,0.19
Fe5Ho,0.23
Cu2DySi2,0.21
Ag8Hg4O8,0.36
C4N8Si2,0.49
Au4V2,0.39
Er8Pt4,0.35
C4O12Sr4,0.29
Ca8O16Si4,0.29
F4NiRb2,0.29
PPr,0.23
C16,0.07
S12Ti24,0.26
Be2CdP,3.34
Sm4,0.24
B6Si,0.41
NiP4Si3,0.26
NTh,0.29
Br6Hf2,0.41
LiPaRu2,0.53
AuBe2Rh,0.4
As2CaZn2,0.24
O8Si4,0.28
ScZn3,0.33
Ce2LiRu,0.46
Hf2OsTc,0.32
I4Sn2,0.38
Na8O12Zr4,0.24
Au2Bi2O4,0.35
C2AgK,0.31
AsBiSr3,0.49
AsCoMn2,0.36
BaCu2Se2,0.33
Ni8Si4,0.35
B6Pr,0.23
Ni3Tb3Zn3,0.31
Mn8Ti4,0.37
O2Pb2,0.31
In2Se4Tl2,0.29
CoInMn2,0.41
Mn6Sn2,0.25
Fe4Hf4P4,0.25
AuCu3,0.35
Al4Br12,0.21
C8B8Sc4,0.19
BrK3O,0.23
As4Cd2Si2,0.28
Nb8Zn16,0.26
Ga2La2O6,0.31
BNi6Si2,0.34
Ce2Fe12P7,0.24
Al6Na8O24Si6,0.12
Ho2Rh4,0.33
CaO3Sn,2.14
F6FeK2Na,0.36
As4Ge3,0.25
Ce2Cl6,0.27
AlNi2Ta,0.37
Ge4Ni4Sc4,0.28
As2Cd2Sr,0.25
Ge2O6Zn2,0.36
Cd2ErMg,0.3
AgLu2Tl,0.36
Dy2,0.24
Ag2KS4Sb,0.34
Al6La2,0.27
CdHg2Na,0.42
AgO3Pa,0.36
NNa3,0.36
AsCdLi,0.44
Ag2Te4Tm2,0.29
F2Ho2S2,0.27
Pd2V,0.32
CdTe,0.35
F6TiTl3,0.52
Mo2Se4,0.18
CrO,0.2
Fe2Se2,0.22
Fe3Ge,0.33
Co2Nd2Si2,0.3
Cl6Rb2Ti,0.29
O12Sn4Sr4,0.27
CuRh2Sn,0.34
Sb2Zr4,0.36
CSc3Tl,0.17
Bi2BrErO4,0.27
F24Mo4,0.26
Ga3Nd,0.27
Fe2Ge,-0.26
C2B48Mg4,0.14
CrIrRu,0.48
BIr2K,0.49
CK4O6,0.32
CB2LaRh2,0.38
H4Na2Pt,0.27
Ga2N6Sr6,0.24
CuLi2O4Zr,0.26
KO2Y,0.24
F2O6V4,0.3
Au2GaLi,0.37
Lu2PdRu,0.31
ScTc3,0.31
NbS2,0.26
DySmZn2,0.3
Lu2O5Ta2,0.31
NbO3Tl,0.28
CdIrSm2,0.38
Fe2SbTi,0.41
Si4,0.26
Ga2N2,0.3
Al8Ca4O24Si4,0.27
Bi2CeO4Se,0.37
Au4Na2,0.34
Ga2Se2,0.24
OPt,0.5
O5Ti5,0.27
CaSi2,0.01
Cu4Ge2S6,0.3
Co4La4O12,0.52
C2Cr4Ga2,0.24
B6Eu,0.23
Mn4Zr2,0.38
As2Fe2Na2,0.23
Al4Sm2,0.23
SeSn,0.26
AuKO2,0.32
Br3CsHg,-0.12
Cl2N2Ti2,0.22
Br6Cs2Pt,0.24
CdTi2,0.34
LuPd2Si2,0.33
Mn2Sb2Yb,0.3
F12Pb2Sr2,0.22
ClGdO5Te2,0.32
Ba2BrCuO2,0.34
Co2Cs4S4,0.31
FeSbV,0.33
Cd3I6,0.27
Au2Si2Y,0.33
O2SeTm2,0.38
CdGaRh2,0.33
AgPaTe2,0.38
Au2NaNd,0.35
AlDy2Zn,0.24
Au2LiSn,0.52
Cl4Yb2,0.32
LuPaTc2,0.34
InLi2Pr,0.19
IrLiY2,0.31
PdSiTi,0.3
Cl6Cs2FS,0.48
F6InLiTl2,0.46
AgORb,-0.96
MgO3Os,0.49
Co2Si2Sm2,0.3
Ge4Li2N6,0.22
Ge2Mo,0.16
Al2Si2Y,0.28
AlMnPt2,0.59
Ac2O3,0.35
CeN2Sr,0.27
B2Ni2,0.31
B4Ir4Y2,0.49
Al4Pt8,0.37
Co4K12O14,0.28
Cr2K6O8,0.34
La2Ru4,0.74
In5LaRh,-0.81
Co4N2,0.34
H2Y,0.17
F2Ti,0.28
Co2P2Zr4,0.28
BCa3N3,0.32
CTi3Tl,0.26
Al2F6,0.03
Cs2N6,0.3
Ca4OP2,0.2
Ba3Br2In2O5,0.22
Co3Ga2Tb,0.26
B2Fe,0.29
GaO6SbSr2,0.27
NaS4V2,0.32
Sb,0.38
AgAlS2,0.34
Co5Th,0.36
BaPt5,0.31
BaF6Sn,0.31
AgSc2Tl,0.31
AlIr2Zn,0.29
PaSiTc2,0.41
AcAg2Sn,0.42
Ca2CdPb,0.39
CaCdHg2,0.4
AlFe2Ta,0.24
Ru2ScSn,0.3
CuIrSm2,0.37
AlMgSm2,0.25
Te2Zn2,0.28
Rh4Y2,0.32
Au4S2,0.41
Cr3Zn,0.23
BZn3,0.53
MgRh2Tb,0.32
GaO3Sm,0.27
BeNi3,0.06
NTi3Tl,0.36
Cs,0.38
BTc,0.69
H2Mg,0.4
CdO3Ru,0.34
CdMnO3,0.08
InNbS2,0.28
Ni2Ta,0.34
Sb4Ta2,0.21
Se,-0.08
Al4Ni2Yb2,0.2
Ge8,0.2
CGaYb3,-0.28
Cl6Sc2,0.26
AlSb,0.25
Mn4P4,0.22
Cl2Mn,0.25
Ni2P2Zr4,0.27
C4Mg2,0.33
GeLiMg2,0.45
Cu2K2O4,0.28
NdRu2Si2,0.26
Cd4P8,0.28
CAlY3,0.19
Ni2Si2Tb,0.23
SbTe2Tl,0.25
InPd3,0.39
Br6Rb2V2,0.44
Nb4Se8,0.25
Co5Fe11,0.28
KSiTc2,0.55
AuNa2Ti,12.73
Al13Pd13,0.31
Ge2Li20P4S24,0.34
C2Si2,0.16
Se,0.14
K2PtTe2,0.3
LaMgZn2,0.25
Be3Ir,-0.32
IrNd2Rh,0.4
Al2DyY,0.27
GaIrSc2,0.34
LaMgTl2,0.0
AlHo2Li,0.26
CoLi3,0.31
PbYb2Zn,0.21
Fe2Se4Tl2,0.34
FeS4Ti2,0.15
Eu3Li6O12Si3,0.22
O2Si,0.56
B4K12N8,0.33
Mo3P3Zr3,0.26
Li2NNa,0.67
Si6Ta3,0.19
Cu2F4,0.34
Pt12Si4,0.4
BrNSr2,0.24
H2Ti,0.55
H2V,0.28
Ga2Nb6,0.38
Cl6Cr2,0.12
Cl6K2Tc,0.15
Ru2Si2U,0.27
C4K8O12,0.32
F6VZr,0.31
Ca3Cd3Sn3,0.25
Au6Yb2,0.39
MnRhSb,0.54
Cl6K2Te,0.04
BRh3Sc,0.29
MgTaZn,0.31
H4V8,0.37
O8Ti4,0.34
N4Nb4O4,0.3
As2Lu2O8,0.3
AuBa2Sb,0.27
Al6Dy2,0.26
AlMn2Nb,0.28
GaHfRh2,0.3
IrLu2Ru,0.31
F4MgRb2,0.28
Al2P2,0.27
N4Sr2Ti2,0.32
O3RbZn,0.58
NdPrZn2,0.29
Hg2TbTm,0.36
Cu3SbSe4,0.34
GeHoO3,0.31
AsPa,0.24
AgMgSb,0.4
Mg2Ni2,0.43
Ba3BiSb,0.28
As2Bi2Fe2O2,0.34
P3Ru3Ti3,0.3
Tc2,0.3
NdS,0.32
HgIn2Te4,0.25
As16Mg24,0.27
GeNi3,0.29
Te8W4,0.23
Cl2O2Ti2,0.24
HLi,0.08
CrPt3,0.32
Al2Nb2O8,0.31
CdK4P2,0.3
Pt3Yb,0.32
Al3Ni2Pr,0.31
CeHg2,0.28
Pt6Ta2,0.35
InMnPd2,0.4
O4S4Zr4,0.33
BaCu3O4,0.32
Ca4O12Ti4,0.25
Ge2Ni2Tm,0.32
Na4Nb4O12,0.22
H16Cl4Na4O8,0.32
ErRh2Si2,0.27
As4S4Sm4,0.23
O24Si12,0.19
DyP2Ru2,0.24
Fe3NPt,0.3
Al2DySi2,0.28
Na4O16V8,0.31
Mg6P4,0.22
Au2HgLa,0.36
Au2PaSn,0.43
CdPm2Sn,0.35
HfRh2Sc,-1.24
ReTc2Ti,0.3
Rh2SnYb,0.31
AgRuSm2,0.36
As2Mn2Yb,0.26
CaSnSr,0.19
Hg5Mg,0.54
AsNiO3,0.3
CNa3,0.42
AgEr2Ir,0.36
O3PbSi,0.28
Al3Sc,0.22
AsLiMn,0.19
Fe2Si2Sm2,0.24
ClIKLi,0.1
Er,0.24
F2S2Tb2,0.28
B2Ta,0.23
AlMn,0.61
Al2NiZr6,0.29
As8O12,0.18
Mn4O16Sb8,0.35
Ba2Pb2,0.27
Al2Dy4Ge4,0.26
CeP,0.23
Br2O24P6Sr10,0.27
Br4,0.21
NiTe2,0.3
Cl6PdRb2,0.28
Cl2Li5N,0.2
BiErPt,0.3
Mn2O3Ta,0.36
Fe5LiO8,0.32
B6Yb,0.26
Al4S8Zn2,0.27
Cs2Na2Te2,0.3
As3Mn3Rh3,0.32
Cs4I16,0.32
Ag2S6Ta2,0.3
Ga2O4Rb2,0.46
Li2O2Pd,0.29
Li2O4Ti2,0.23
Ge4O8,0.1
BaO3Os,0.31
AlRu2Ta,0.27
AcHg2Na,0.38
OsTcV2,0.3
Au2LiZr,0.45
Ac2Se6,0.36
Ru2ScTa,0.29
HoSmTl2,0.33
CdK3,0.11
Fe2K2Se4,0.31
NbS2,0.18
MnSc2Si,0.38
Co2Ge2Ho,0.36
O8P2Tm2,0.31
NRe,1.51
Al3BN4,0.22
Ge4Ni4,0.3
MnPt3,0.32
C2Gd,0.33
SeTb,0.34
Li8N4Sr2,0.27
Al2Cu4Re4,0.31
Ca8N12V4,0.28
F6O2Rh,0.2
PbTe,0.38
PbPr3,0.28
Ge4S4,0.18
H2Cl2O2Sr2,0.28
Br2K4O,0.27
As2CoZr6,0.27
C2AuLi,0.29
B2ErFe2,0.22
Ge2Mg2O6,0.26
CuGd2O4,0.32
Cu4Li4O4,0.3
CaNi2Si2,0.27
O6Pd2Se2,0.25
Ta2V4,0.41
Au2Br6Cs2,0.4
Ba3O9Ru3,0.33
Co2Se2,0.24
BeCdZr,0.62
H2Yb,0.22
Ba2CaCu2HgO6,0.31
B2BaRh2,0.26
O4Se2Tb4,0.36
Dy2Ge2O7,0.32
HfLi2O3,0.32
CeLi2N2,0.25
O2S2Zr2,0.29
AuIrPm2,0.38
MgTl2Yb,0.27
AcAu2Tl,0.49
Hg2InLa,0.43
GeHfNi,0.71
Br6Ho2,0.26
Ag2K4P2,0.29
GeLi2Pm,0.29
Ca3Cs,0.1
ClLi3O,0.21
AgMnO2,0.31
Ca7Ge,0.78
Cr3Ni,0.15
LaSe,0.14
CNb,0.32
CeSe2,0.22
GaMg6Sr,0.27
H3MgNi,0.37
Dy2Se4,0.33
BaF3Li,0.25
LuPd3,0.33
K6N2,0.21
FeV,0.36
Co4Ge2,0.38
Ni8Ti16,0.38
Li6O8V2,0.28
LaTl3,0.32
As2K2Mn2,0.3
InNi2Ti,0.37
Cu3Ti2,0.34
Al2Si2Y2,0.21
Co2Si4Zr4,0.24
GeMnRh2,0.46
O7V2Zn2,0.41
HSnTi3,0.4
B4N4,0.21
Ag2F4Li2,0.35
Li2Na2O2,0.23
Cu4Na2O6,0.38
O2S2Th2,0.3
CdRh2Th,0.44
H3Th,0.36
BeSc2Tc,0.32
BiKNa2,0.24
HfSbTc2,0.3
Co2MnTi,0.3
CdHg2Sm,0.36
Be2CuIr,0.33
Au2CeTl,0.37
InRh2Sm,0.36
Cs2F6Nb,0.31
Cr4Zr2,0.36
LiScSi,0.58
GaTi3,0.27
ErYZn2,0.29
InK3,0.11
Dy2P10,0.23
Al28Sr32,0.3
Ga4Te4,0.26
HfRu3,0.31
CPd3Sc,0.44
Ho2Se4,0.32
Cs2O4Pu,0.23
Mg4N8Zr4,0.3
Al8Cu4Y,0.25
Hf3P3Ru3,0.31
Ca2Zn4,0.27
CsF,0.3
Be24N16,0.16
Mo2Na4O8,0.27
As2NiO6,0.27
InNSm3,0.19
Ga2MnS4,0.21
HfNiSn,0.19
InSm3,0.27
H2Hf,0.4
CuLi2Sn,0.26
InLi2Rh,0.5
Fe2S4Tl2,0.34
Li4O6Zr2,0.26
F6V2,0.06
Rh2Sn4,0.31
BaSn2,0.27
Al3Dy,0.18
Gd4O12Sc4,0.29
N4Pt2,0.25
Pr3Sn,0.27
Cu2Se2,0.45
H8Ni4O8,0.36
Mn4O32Re8,0.2
Al12Li12O48Si12,0.32
C4H4K4O12,0.31
Al4O6,-0.01
BaNdO3,0.26
Cu2Si2Y2,0.23
K2P2S6,0.45
CdPd2Pm,0.45
Mn,0.3
C3B2N6,0.46
B2Li2,0.4
CrNi3,0.28
AlCoFeV,0.33
GaTi2,0.64
CZr,1.1
Au6Tb2,0.37
AlNTi3,0.37
Al3Pd2Sm,0.28
C2Sc4Tl2,0.23
AlCo2Dy2,0.35
Cu2HgSe4Sn,0.33
BeO,0.12
C2Fe4,0.3
O7V2Zn2,0.41
Mg2Ru2Sn8,0.23
Be5Hf,0.15
Co2Ge2La2,0.26
InPS4,0.24
Nb4Ni4P4,0.3
CEr3Tl,0.36
Ga3LaPd2,0.31
BaGe3Pt,0.28
Cu2FeS4Sn,0.33
Cl12Sb4,0.24
Cl2O4Pb2Sb2,0.32
HRh,0.36
Ga3Ho,0.26
Cl6Ir2,0.43
CuHfHg2,0.46
BaO3Sn,0.23
F3KMg,0.23
Cu4O2,0.46
BaO3Zr,0.24
ErGa3,0.34
PtSbY,0.29
Ga4S6,0.2
Al5Ba5Sn,0.25
As4Co4,0.28
Ca8O16Si4,0.29
S,0.78
COs,0.41
Hf2O8Zr2,0.3
Mg2Ni4Y4,0.33
O8Zr4,0.37
PdS6Ta2,-0.4
Ca4Pt4Sb4,0.31
IrNiSc2,0.35
Be2MnRh,0.28
LiPd2Si,0.38
LuRu2Zr,0.3
CdHg2Sc,0.39
FSi3,0.55
O3RbSm,0.34
MnO3Rb,0.26
MgRe3,0.34
CdInRh2,0.39
Ag2MgSc,0.35
NPd3,0.4
LaTe,0.27
PSc,0.38
Si6V3,0.17
CdGa2Te4,0.26
Pd3Pr,0.3
MoN,0.54
PTe2Zr2,0.22
SSn,0.47
GaMnNi2,0.43
In2Tb4,0.31
Cu4Si4Zr4,0.26
Br12P4,0.33
Al10W2,0.19
Ag2Tb,0.33
Au24Mg8,0.37
Nb5Te4,0.29
Ga2SrTe4,0.3
O4SrU,0.34
FOSm,0.3
Co2Nd2Si4,0.28
Cs3I9Sb2,0.29
I4Nb2O2,0.23
AgClO4,-0.05
La4O10Pd4,0.33
Hg3,0.3
Al4Ca4Pd4,0.31
Li4,1.22
I6PdRb2,0.3
PtRe2Rh,0.21
AlBIn,0.04
N2TeTh2,0.3
Li2Nb2S4,0.22
Se8Th4,0.34
Al6Hf4,0.25
NiSc2Tc,0.3
Ir2LiTi,0.32
MnNbRu2,0.32
Hf2IrMn,0.31
LiNiZn2,0.32
Au2PbSm,0.39
As2Ce2Pd2,0.3
C2Al2Mg,0.22
AlPtTa,0.5
As4B2K6,0.32
Si3Zn,1.4
Lu2Ni2Si4,0.29
Hg2ScTm,0.36
AuO2Pb,0.42
Au4Cs4O4,0.33
RbSb,0.64
CAg,0.45
Ag2La2Si4,0.24
O6Sm2,0.34
Zr6,0.31
Nb2O8Tb2,0.32
AgBe12,0.37
Pt6Sb4,0.41
Fe5Sm,0.26
Rh10Ti6,0.34
F8Mg4,0.27
O4V2,0.28
HoPt3,0.32
CuHf2Sb3,0.29
InSm,0.33
C4Mn10,0.28
H12N4,0.27
BiMgNi,0.29
Ho2O8P2,0.31
CoGa5U,0.22
Ba2O6ReZn,0.33
F4K2Ni,0.28
Ba2Bi4Pd4,0.35
Si4Ti4,0.22
PtSbSc,0.29
F8Sn4,0.25
OSb2Yb4,0.22
Bi12O44Sc12,0.35
EuO3Zr,0.28
AgHo2Tl,0.35
AlPaRu2,0.41
GaRu2Si,0.3
BeNbRu2,0.36
BeCrRu2,0.33
NiSnZr,0.29
Na2Sb2Sn2,0.27
NbTaTc2,0.27
Dy3Li,0.78
KSr3,0.33
Cu4Pr3Sn4,0.24
Au3Li,0.38
Na3Tl,-0.23
Co2HfTm,0.35
Ac6Pr2,0.29
K4Mn4O8,0.31
DySb,0.3
RbSb,0.43
ScSn,0.91
Er2Ga2Zn2,0.18
GeRh3Y2,0.35
MgP4Rh6,0.37
RhSbTh,0.33
MgSe,0.22
LuRbSe2,0.23
Co6Mo2,0.28
LuZn,0.28
AgF3Zn,0.36
Mn2O6Ti2,0.31
B4Mn2W4,0.25
NpSi3,0.19
Ta2Te8,-0.1
I4K4O12,0.24
CInLa3,0.02
Ag4Na2,0.36
N4Nb2Ti2,0.28
Mg2N4Ta2,0.21
Li2Se4Y2,0.25
Mn2Si2Y,0.25
Co2Ge2Ho,0.27
Ga2LiRh,0.4
HoOs2Si2,0.29
BiLiMg,0.22
Sb8Zn8,0.25
CuO4Sr2,0.28
Cs2Gd2O4,0.27
PtS2,0.23
AlB2Cr2,0.19
Li4O8V4,0.22
B4Ti4,0.15
P2Sn2Sr2,-0.26
AuSc2Tc,0.32
CdInSc2,0.3
Mo,0.56
IrLiSm2,0.34
La2RuZn,0.61
Au2SmSn,0.39
CrRuTa2,0.34
Na3Re,0.56
InPd3,0.4
CeTe,-0.14
CMo,0.47
Al2Na2Te4,0.4
Ca8N8Zr2,0.3
Ba2Hf2N4,0.32
Ag2,0.36
C4B4Tm2,0.23
CuNa5O2S,0.34
Ag2CeGe2,0.29
Mo,0.3
Cs4Pt2,0.33
Ni2O8Se2,0.25
Ga2Pu,-0.28
O4Pb2Pd2,0.38
F24Os4,0.27
H4Mg2,0.22
C2Sr,0.42
CdSe,0.35
Na2Nb2O4,0.23
Ge4Pt4,0.33
O8Si4,0.05
F4V2,0.33
HoP2Ru2,0.24
Bi2I6,0.31
Br6Cs2NaY,0.35
Cu21Pd7,0.34
Fe4Ga8O16,0.31
BaP2Zn2,0.28
EuHfO3,0.28
Mo3Ni3P3,0.33
ErLiTl2,0.33
AlLiY2,0.23
CuRhY2,0.32
HgLi2Pd,0.39
Cd2Ce,0.25
CdNa4P2,0.18
Li12Mo2N8,0.18
F3PdRb,0.35
Al2Te5,0.21
AlF5K2,0.27
AgLiTe,0.53
LuRh2Sc,0.34
Al3Pa,0.25
HoRu2Sc,0.34
GaMn2W,0.28
ErPrZn2,0.3
Ba2Pd2Sb4,0.31
O3Tm,0.41
C8B16Y8,0.19
Ca6FNSn2,-0.55
CTlY3,0.17
C2U,0.28
Ni4Y2,0.33
NiS4Ti2,0.23
CdCu4Er,0.26
CB2Co2Pr,0.34
Ag2Al2Te4,0.33
O12Rh8,0.31
EuSi2,0.34
Al4Ce4,0.2
Co6Si10Y4,0.31
CoGa5Yb,0.19
BCePt3,0.34
Pr2Ru4,0.46
Br3CsSn,0.31
Br6Sm2,0.27
OsTi,0.27
Mn4U2,0.37
Li4O6Ru2,0.31
I4N12,0.24
Al2Ba3Sn2,0.24
Li3S4Sb,0.28
Fe4Li8O12,0.24
LiRu2Ta,0.34
SiTc2Ti,0.33
CdInYb2,0.33
AlCdSc2,0.33
Hg3Li,0.27
CuO3Rb,0.35
LiMg2Pd,0.25
Mo2Pt4Si6,0.29
Mg2Mn3O6,0.26
Al2Ru,0.19
S2V,0.17
Ba8Cu6O18Pb2,0.3
AsInPd5,0.32
Cd2Mg2,0.53
AlHo2Si2,0.22
Cu2Sb2Sr2,0.21
B2Ir3Pr,0.31
Cu4Se6Sn2,0.32
Cd2Th,0.27
Be12Pd,0.24
AgTe2Tm,0.33
Ca6Mn2N6,0.26
N4Nb4,0.27
Cu2HfP2,0.29
Al4Ni2Tb2,0.23
CoZr,0.35
Mo4N2,0.37
Ba3OSn,0.2
Ge2Ni2Tb,0.33
LiMgN,0.17
O16Sn4Sr8,0.3
Mg4O12Si4,0.21
Ni4Si4Ti4,0.25
Al4Ca4O14Si2,0.28
Ni2P2Y,0.25
B24Si8,0.18
I2Yb,0.23
Mg12Ru8,0.29
Cl2OsTe,-0.32
BeBiIn,0.65
O6Si3,-0.0
AgPr2Ru,0.38
CuGaSc2,0.27
LiRuY2,0.32
GeIr2Mg,0.31
MgRuY2,0.37
LiRuSc2,0.33
Al3Cr,0.19
DyHg2Y,0.34
La2TlZn,1.01
NaNi3,0.34
CH3F3I3NPb,0.29
ErMg2Sm,0.28
PdPtZn2,0.93
NaS2Tb,0.22
HgPt3,0.4
GeTi2,0.6
Cd2Sm2Tl2,0.27
SmTe,0.24
SSr,0.22
Cu2GeHgS4,0.31
In3Rh2Ti3,0.3
NiSbY,0.25
PuRu,0.47
Hg2Rh,0.31
O8P2Yb2,0.29
Fe4Mn2O8,0.33
CeIn3,0.22
Hf10Sn6,0.32
Ba3F2In2O5,0.32
CdO3Ti,0.47
As4Br12,0.16
Ir2O4,0.33
BiF6Rb,0.27
AuCuF5,0.31
As2CdK4,0.29
GaNi2V,0.42
Ge2Ni2Sr,0.29
RuSi,0.31
Ru2Si2Sm,0.26
GdSb,0.19
Fe2Rb2S4,0.31
B2Rh2,0.34
Sn10Ti12,0.27
Ge4N24Sr28,0.24
C19Si19,0.16
Ag6Ga3,0.38
NaO2Ru,0.41
Cr6Si2,0.24
Ni2Si2Zr,0.29
N2P6V10,0.31
O8Te4,0.19
AcAu2Sn,0.42
LiO4Ti3,0.3
FeSeV,0.35
Ga3Zn,0.93
BeKO3,0.74
Sm2Tm6,0.24
Al2PmY,0.27
RbSmTe2,0.25
CdN,0.49
Cl2La2Te2,0.3
Co4N4Rb4,0.28
Cu4Ge2Hf3,0.28
CeRbSe2,0.25
ScZn,0.27
Ag2Te4Y2,0.29
B6Er,0.36
Si2Tb,0.68
NaO3W,0.32
Ce3Sn,0.23
DyMg,0.31
CEr3Sn,0.4
Be2O2,0.2
Sb6Zr10,0.48
AgHg2Ti,0.32
Ge2Mg2O6,0.51
Rh4Sn4,0.33
F8Li2Y2,0.32
Ta30,0.36
Co2GaNb,0.32
C4Cr2Sc2,0.24
Mo4O8,0.32
BaO3Pb,0.37
Ga20,0.38
Al6Hf2,0.2
CuTh2,0.39
CeCu2Zn3,0.29
Cr2P8,0.18
Al4Dy4O12,0.25
Hf4N4O2,0.3
AgCd2Rh,0.43
CdDyHg2,0.36
Hg2MgNd,0.32
Mn2PtRh,0.31
Au2LaNa,0.39
AgIrY2,0.35
Ag2SmTl,0.38
Er4In2,0.3
GeRhTa,0.56
Sc2TcTl,0.26
GaYb2Zn,0.24
Bi2Cu2O4,0.31
Al8Cd12O48Si12,0.18
Ge2Tb2Ti2,0.32
Cr3Fe,-0.13
Co3Ni,0.28
O2Zn2,0.39
AgO2Rh,0.37
AsGaPd5,0.32
Fe5Y,0.23
MnNi3,0.27
Ba4Na8,0.21
OTi2,0.26
In2LiRh,0.26
F6PdZn,0.22
Fe2Li2P2,0.24
Fe4P4Zr4,0.25
Mn4Sn2,0.29
Co2GaV,0.31
Bi4F12,0.26
Br6K2Te,-1.13
C2H2Na2O4,0.3
Cl4O2Pd4,0.38
AgAuZn2,0.38
Cl6K2Ta,0.34
Al3Dy2Si2,0.19
CuO2Sr,0.26
Li2O4Ti2,0.21
CaO6Ta2,0.24
Co2Si2Yb,0.17
Ba2,0.29
C5Al4Hf2,0.22
Co8Ta4,0.31
Cu2Si2Yb,0.21
N4Ru2,0.28
Li5NbO5,0.23
Cu2Li2O4,0.33
Hf2S2Si2,0.22
Cs2O,0.32
BaMg2P2,0.2
F3MgRb,0.24
Hg2LiTm,0.56
Ga6Pr2,0.22
Au2PmZn,0.65
HfOs2Tm,0.3
I6Lu2,0.25
CaCd2Pr,0.29
FeTeV,0.27
Ag2SmY,0.32
LaSmZn2,0.29
Cd4Mg2,0.33
AuIrPr2,0.38
Au2O5Sm2,0.31
BiGa3,0.57
Cd2Na6,0.32
AuEr2Pd,0.35
AcF3,0.37
NTc,0.62
FLi,0.54
BNdPd3,0.54
NNb,0.46
Ge4Y2,0.3
Al6Ru2Sc4,0.25
NbRu3,0.3
CdSc,0.3
F4Mg2,0.27
Sr4Zn8,0.27
Au2Sn8,0.4
SeSm,0.34
Fe6N2,0.3
BInLa3,0.37
Ni4Se8,0.29
Ge4Pt4Sr4,0.37
CaPd,0.33
NiSnTi,0.67
Cl18W3,0.29
AsBr3Ca3,-0.15
Ac2Cl6,0.28
H6O4Rb2,0.33
C2Na4S6,0.32
Ga3Pd7,0.35
BaFe2P2,0.24
Co3F9,0.29
Au6In2,0.43
N8Pb4S8,0.29
LiReTi,0.68
CrMnRe,0.42
BeInSi2,0.96
BeClW2,0.41
I,0.86
Hf4O8,0.28
H12Ca4Rh3,0.28
FLi2O2V,0.21
Cu2GaLi,0.33
LiPt3,0.3
GaPd2Yb,0.52
CdPd3,0.36
Cd2MgSm,0.29
HgLu2Zn,0.34
AuHgRb2,0.36
MgNbRu2,0.34
GaMg3,0.28
HoTl2Tm,0.35
Ag3Ge,0.42
Hf2S6,0.23
AuPd3,0.39
Sc2Te2,0.27
AsBa3Sb,0.28
CdO3Si,0.31
Mg6RbZr,0.2
Ga4LuTi2,0.25
N6Nb2Zn4,0.33
AlAu,0.57
FeSb2Y6,0.25
Ga4Nb6,0.26
Nb4Pt12,0.32
PtSb2Zr6,0.29
Lu3Ni3Pb3,0.29
AlGeSr,0.2
Fe2,0.24
CdF6Sn,0.06
CaGe2Zn2,0.35
Tm2,0.22
Nb2Ni6,0.34
BP,0.12
Cu3Sc3Si3,0.22
Ce2Ni4,0.35
Ag5Ba,0.38
C6Fe14,0.33
In2K2Te4,0.21
Ba3In2O6,0.31
In8Ni2Sr2,0.26
B4Co4Mo4,0.26
CdIn2Se4,0.26
SmSn3,0.42
BrO3Rb,0.24
Ag2LiSn,0.45
Cl4PdTl2,0.31
Al5Ni2Zr,0.22
CuNi2Sn,0.43
CeGa3Pd2,0.33
Ni3S2,0.31
AlCo2Mn,0.27
As4Cd2Sn2,0.29
Ir4N8,0.25
HoSe,0.36
Cu2GeSe3,0.31
As2CaNi2,0.29
PrRu2Si2,0.26
O6Re2,0.28
Er2O8Ta2,0.3
CsO8P2Sb,0.16
Co2CsSe2,0.24
CuZr3,0.39
As2LaNi2,0.31
CsF3Li2,0.35
NbO,0.28
Al10Ta20,0.35
Nb2O4,0.29
Co9Ta3,0.28
Li2N2O6,0.24
Hf4N2,0.21
NiRhZn2,0.34
IrReTi2,0.29
MgRh2Y,0.31
GeNiTi,0.61
MgSnSr,-0.09
CdTlTm2,0.32
C2LaNi,0.24
Au2Ti,0.57
C3Cr2Y2,0.3
RhTi,0.02
Be4N4Sr2,0.18
P8Zr4,0.24
Mn3Si,0.29
Mg2Pb,0.26
SbY,0.24
AsSn,0.37
AuZr2,0.33
HfRu,0.29
AuLi2Pb,0.21
DyRh3Si2,0.26
Fe4Hf2,0.28
Bi2Li2S4,0.23
AlCu2Mn,0.34
C2O6Sr2,0.34
Pd2Si2U,0.46
Li4O6Si2,0.23
O24W8,0.19
Cr2O6,0.24
S12Sr4Zr4,0.28
Au2Cu2,0.4
P2Sb2Ti4,0.24
C2Mg2O6,0.25
O6Sr2Ti2,0.25
Pr6,0.27
B6Ho,0.35
F2O24P6Sr10,0.28
GeTe,0.61
Bi2Se7Sn4,0.26
LuO2Rb,0.26
O6Sc4,0.3
As2Cu2O6,0.41
Ca10Si6,0.22
BaP2Pd2,0.28
AgAu2Pm,0.46
CoCrMn2,0.24
AlMn2W,0.27
HfIr2Sc,0.14
Cu2Ge2Tb2,0.23
Cu2Te4Y2,0.29
Ag2Al2O4,0.33
CU3,0.31
Hg3Pd,0.56
MgRh5,0.31
Au3Pb,0.46
CaCl6Cs2Sn,0.27
Cu2O4Tl2,0.29
Pr2Pt2Sb2,0.32
CB4Er2,0.2
CRe,0.91
Ni4Sb4Se4,0.28
CuGeU,0.39
Rh3V,0.24
AuMn,0.38
Cu2Lu2Sn2,0.19
Ga4Mg2Sc4,0.23
BeO,0.14
Ag2Fe2O4,0.36
Rh8Si4,0.35
C4N4Pb2S4,0.3
Rh4Sb4,0.31
Pb2,0.39
As8Ni4,0.29
BaIn4,0.25
BiPr,0.26
Fe4Lu2,0.25
Os6Sn14,0.34
Be4O7Te,0.25
Dy2I2S2,0.36
Ba2Bi4Cd2,0.23
O7Sr3Ti2,0.25
Ba9Nb10O30,0.27
Ir4Si4Y2,0.34
CoSbV,0.33
Nd8S12,0.29
Fe10Si6,0.26
Fe2O2P2Sm2,0.27
La4O12Rh4,0.35
F3KV,0.29
CrF6Rb2,0.27
HfNi5,0.28
As4Si3,0.23
AlNi2Y2,0.33
CaRe2Si,0.45
Ba4O12Si4,0.27
La2MgO4,0.26
Cd2Cu4O6,0.35
LiNi2S2,0.37
Co4Na12O12,0.35
Co2Y2,0.31
Sc2Si2Sm2,0.24
S2V,0.18
Ag2BaS2,0.32
MgRh2Tm,0.3
InNiTa,1.61
Al4Yb2,0.2
In2LuNd,0.33
Cl2F2Sn2,0.12
Br2Cl2Pb2,0.58
AlCrTi2,0.3
B4Mn,0.15
Si,0.32
N2Zr4,0.28
GeO3Zn,0.3
CCo3Sc,0.3
Ni3Sn,0.47
AsPd5Tl,0.34
AsSc,0.13
F6HoNaRb2,0.25
BeSe,0.16
AsPa,0.29
Al2Au2Ti2,0.3
Mg2O8W2,0.28
As4Ni2,0.29
C8Cr12,0.28
CuEu2O4,0.3
I6Zr2,0.17
Br2Lu2S2,0.34
AsCe,0.21
Ca3Cl3P,0.24
LaMgNi4,0.32
As4Si2Zn2,0.24
As4Pd2U2,0.3
O8Si2Zr2,0.3
CuO4P,0.15
Co2FeSi,0.31
CuF6Zr,0.12
Cu2GeLi,0.32
Ga8Ti4,0.23
Cl2In2,0.28
Cu6P2Se8,0.31
C3Al6N2,0.24
NiSnTi,0.51
BaScY,0.14
Na4O16V8,0.29
Ge6V2,0.44
In2LiRu,0.33
Bi2F7K,0.33
As64Zn96,0.29
AsF6K,0.35
LiNZn,0.21
LiRh2Sb,0.37
AlAu2Pa,0.42
MgRu2Ta,0.31
GaLiNd2,0.23
AgCdSc2,0.35
AuOsSc2,0.36
Ag2LiPb,0.29
RbSr3,0.5
Ag2N2O4,0.32
H2NaRb,-0.67
P4W2,0.25
Al9CaCo2,0.23
CuGa2,0.29
As2Ti6,0.33
Ca2Mn2Sn2,0.4
O6Te2,0.11
Cl6Y2,0.33
Ca4Ir4Si2,0.32
Al2SrTe4,0.25
K2Li2Te2,0.31
Mg2O7P2,0.27
CsLaNb2O7,0.26
Rh3Si2Sm,0.25
Si6Ta10,0.27
Ge2S4,0.23
Li3O6V2,0.24
In2O6Sc2,0.33
Cu4Si2Zr3,0.27
Be2PdPt,0.45
CaRh2Y,0.34
LiPtSc2,0.32
OsSc2Zn,0.33
Mn2N6Sr6,0.25
Ru2ScTi,0.35
BaRb3,-0.84
NaNi3,0.29
As3Np,0.2
OsYb3,0.44
Pd2SmYb,0.34
Au2Ba2P2,0.26
Al4Cu2,0.32
CPt,0.66
N8Ti4Zn4,0.34
MgO3Zr,0.33
Mo3Se6,0.28
Mg2Te2,0.34
Ca8Cu4,0.29
Fe2,0.32
Ge2Mg4,0.36
Cl6K2Mn,0.23
Br6K2Pt,0.26
AlCaSi,0.22
ErNi2P2,0.25
Al4O10Ti2,0.28
Ca2F8Zn2,0.35
GdSe,0.32
In2Pt4Y2,0.36
Bi2Ca4O,0.23
F6K3Mo,0.32
Co2CrGa,0.32
Cl6Cu2Rb2,0.36
Al2CdS4,0.26
O2V2,0.26
Pd3Sn,0.34
F2Nb2O4,0.32
C6Si6,0.16
Hf2O6Sn2,0.24
Ag4Au4O12,0.31
Sb2V2,0.29
S2Zr2,0.34
Hg2LiPd,0.41
AcLiTl2,0.47
Au2BiPr,0.44
LiRh2Ti,0.32
Au2SnTb,0.4
AlMgNd2,0.27
MoOsTa2,0.25
MgNaPb2,0.47
GaMgRh2,0.28
NbRu2Tm,0.32
Re2TiW,0.28
MgRh2Sn,0.34
Ir2MgTa,0.17
Ce2Rh4,0.39
Lu3,0.25
MoO3Rb,0.24
Ca3Rb,0.3
HfN,0.31
MnSn,0.86
AsNSr3,0.21
FeTe4V2,0.23
B2Ta4,0.21
Cd2S8Sc4,0.35
B2Fe2Lu,0.29
Al8Hf4,0.21
Cu2SnTe3,0.31
Au6Mg18,0.28
Fe6Si2Zr4,0.26
PuTe,0.28
In2LiPd,0.52
Mn2P2Rb2,0.27
Co4Lu2,0.38
Cl8Li4Zn2,0.29
Bi4Rb2,0.47
BiF3,0.55
Ni5U,0.31
Cu2Ga2Se4,0.29
Pt2Si2Yb,0.46
O14Y4Zr4,0.23
C3As4,0.22
Cu4F4O2,0.32
LiNi2P2,0.34
K2Se,0.28
Al2LiNi,0.26
Al3Cu3Tm3,0.28
AgBr,0.44
Al2NiRu,0.29
Mn2TaTi,0.32
Ac2Au6,-0.16
K4O6Te2,0.27
CuLiO2,0.29
K3Sr,0.14
GaLu2Zn,0.26
LuRu3,0.38
N2Pb2,0.52
O3PtRb,0.11
HoTh3,0.23
In3Lu,0.36
Li3Tc,0.35
Li3Th,0.4
ErHg2Y,0.35
CZn3,0.56
Ga6Ho2,0.23
As2Er2O2Zn2,0.3
Ac6Nd2,0.28
Eu2Ge2Zn2,0.17
NPd3,0.35
Eu2Ge2Zn2,0.26
F4Pd2,0.41
CCdN2,0.37
AuTi,0.37
EuZn,0.25
Ga2Yb,0.11
Hf10Si6,0.24
Pd,0.38
C2Co2Dy2,0.32
InP,-0.81
Al3Ce3Pd3,0.31
Fe6N3,0.34
Rh3Th,0.31
LiPd,0.31
Cu4O8Rb12,0.33
Sb8Sm4,0.28
Ba3O6Zn3,0.32
Sb4Sn2Zn2,0.26
Ge2Se2Zr2,0.23
C2Li4O6,0.27
O8Si4,-0.01
CrF6NaRb2,0.2
Ba3I6,0.34
BiIn2,0.18
As2BaCr2,0.25
Dy2O8P2,0.31
H8B2Li2,0.26
Li5N3Ni3,0.25
Ca4S12Zr4,0.27
Ge2Hf2Se2,0.23
Ho16O24,0.3
Ni2TiZn,0.37
Au2DySn,0.41
IrRhSm2,0.39
Ga4O6,0.31
Re3Sb,0.4
GeNdO3,0.3
Mg2Zr6,0.31
AgHgTm2,0.35
O3OsY,0.6
Ag2O4Sr2,0.34
NTi,0.33
AsFe2Ti,-0.52
HfPd3,0.31
CMg6Nb,0.22
La2S4,0.33
Ir4Si4,0.32
PdTi,1.0
Te6V3,0.23
Ga,0.44
Al2MgS4,0.25
Fe8W4,0.28
BrKO3,0.23
Cl6Mg3,0.25
Br2F6,0.29
Pd2Sm2,0.35
Ba8O16Ti4,0.3
P4S12Sn4,0.22
C6Al6Sc2,0.17
Hf10Sn8,0.26
Cu2Ga2S4,0.29
O8Os2,0.24
ClNdO5Te2,0.34
Nb3Rh3,0.38
Al4Dy2Ni2,0.26
Ba2HfO4,0.27
BaSi2,0.2
Cd2Ge2Sr,0.37
N4W3,0.36
CsF3Mg,0.26
MgNd2Tl,0.29
F3Tm,0.38
PaRu2Y,0.35
AlRu2V,0.28
Au2CeSn,0.32
Mg2Ni3P,0.27
Ge2Sb2Zr2,0.2
B2Mo,0.28
BZn3,0.59
PrSm3,0.25
BeNaO3,0.33
LiO3Y,0.51
CdMg3,0.33
Al4P8Sr6,0.26
Ge2Hf4,0.22
As4Hf4,0.28
CCd,0.44
Ti2Zr,0.3
Li14N6O3P2,0.18
N8Sr8Zr2,0.32
AgB2,0.44
Ho2S4,4.61
Au9Cd9,0.39
ErPt3,0.31
In3Mg3Tm3,0.2
In2Y4,0.29
B2Sc,0.12
Bi2,0.41
Bi8Ge6O24,0.18
H8Al2Na2,0.24
Al4Ca2,0.21
Cu,0.34
C2N8Si4,0.39
In2Sc4,0.25
Li2S4Y2,0.22
C2Al2Zr4,0.21
Al12Ni4Y4,0.24
LaPd2Si2,0.31
K4Li4O4,0.21
Cr8Hf4,0.34
F2Hg2,0.32
BiLiS2,0.26
La2Na2O4,0.33
FNb3O7,0.33
AlNaO2,0.22
Mn2O8Ti2,0.32
O8V4,0.27
BeMnTi2,0.34
Be2IrLi,0.29
CuOsZr2,0.37
AlY2Zn,0.23
LuReTc2,0.33
Bi2Ti6,0.63
Hg2MgSm,0.32
PrYZn2,0.32
Cr3Cu,0.34
Cl3CuTl,0.31
Pd3Tl3Yb3,0.3
CdS,0.29
Pd5SeTl,0.37
AlZr3,0.27
Co2Na8O6,0.32
CdO6Sr2W,0.32
In3Y,0.37
CoSnTi,0.61
P16Zn24,0.27
GaMn2V,0.31
Ge4Ru2Sm4,0.28
IrMn,0.22
Cl8S2W2,0.27
P2Rh3,0.37
La4O7Pd,0.31
Au4Cl4,0.27
InNaO2,0.24
C2NdNi,0.29
CuF3Tl,0.34
C4Ca4O12,0.31
P2S10Ti2Tl2,0.31
BaN8Si6,0.22
P2V2,0.3
Cl4Os,0.39
B2Pu,0.11
Fe6Ge4Li,0.29
LiTaW2,0.6
H2Mg3O12Si4,0.28
Ge2Sr,0.2
Cu2LiSi,0.31
Cs2F6Zr,0.31
As2OSr4,0.22
As2Cu4K,0.34
Ni2PaSn,0.37
GeMn2Ti,0.3
AlAu2Cu,0.4
AuGeSc,0.37
NiRhSc2,0.34
Dy6Nd2,0.24
PbRb3,0.2
Li3Mg,0.47
CuRh2V,0.43
AcLa3,0.29
Ag3P,0.4
Nb3Ni,0.5
NaSe2Sm,0.19
NZr,0.38
B4Re2Ti4,0.2
MgO3Ru,0.42
BiU,0.38
N6Re2Zn4,0.34
Cu4Mg2,0.32
AgCe,0.27
Cu2GeTe3,0.3
Ba2Sn4Zn4,0.28
As4Mo5,0.26
HfPtSn,1.08
AsNp,0.32
CePd3,0.31
Fe4Ge4,0.27
Cl6Mo2,0.28
Cl6Rb2Te,0.13
H2F4K2,0.29
Lu4S6,0.32
Au2DyIn,0.41
Pt3Zn,0.36
Nb4O12Rb4,0.3
O12Sr4Zr4,0.25
Al2Li2Te4,0.29
PSn,0.12
F6MnPt,0.19
Ni8Ti6,0.39
BiSe,0.55
F6O18Re6,0.24
K,0.44
KPtTa,0.47
Be5Pd,0.15
Ag2As2Ba2,0.23
O14Pb4Y4,0.29
Ca2Pd4,0.33
CGaPr3,0.33
F6S,0.34
O5Rb2Zr2,0.3
AuCa2Pd,0.31
AgPd2Yb,0.42
ErOs2Ta,0.32
Ca2N2Zn,0.26
Si46,0.25
H3Sc,0.3
CRe3,0.48
BiNi3,0.37
CoZn3,0.34
N6Sr2W2,0.3
Fe2InTi,0.39
Sb2Sm2Te2,0.29
CuF2O2Sr2,0.26
N4Na4Ni4,0.21
Cr4Ga2N2,0.3
Dy4,0.24
Nd2Sn4,0.27
NSc,1.02
Zr2,0.34
CY2,0.28
Sc10Sn6,0.21
Ce2Li2Sn4,0.26
Ba4Cu6O13Y2,0.29
Fe2Si2U,0.29
Mn2S4Sn,-0.06
Gd2O4,0.27
La2Mg6,0.22
AlFe,0.27
Br2N2Ti2,0.27
ScSi2,1.05
Ce2Ge2Li4,0.33
Cl6Cs2W,0.31
MgNi2Sb,0.35
Co2Si2Tb,0.25
Na2O8Re2,0.32
CrF6KRb2,0.21
Mn3NRh,0.33
HfMoSe,0.6
CaTa2Tl,0.38
AlO4Sb,0.25
Mo4O8,0.26
Al2O3,0.28
HoLiTl2,0.33
HfSnTc2,0.4
As2Be2Mg,0.25
LiScTl2,0.27
Pd2TmZn,0.45
Rh2SmYb,0.35
AlRh2Ti,0.51
CuLi6S4,0.3
Cr2,0.29
Ge2Hf2O8,0.33
Au3Os,0.43
Cl6LiRb2Tl,0.28
NY,0.53
PTl,0.02
C4Ca,0.26
Ni2Ti2,0.38
FeSbV,0.48
C2Na2,0.32
CdCu4Ho,0.3
CFe4,0.61
AlCu3,0.34
C2Hf4S2,0.22
C2Fe6,0.3
PdTi2,0.31
Ir8Se16,0.28
Hf2Se2Si2,0.22
P4RuSi4,0.21
As8Ga8,0.21
O2U,0.31
Ge3Pd3Ti3,0.32
Al30Mg23,0.35
Al28Co4Cu8,0.26
Cr2La2O6,0.27
InMgNi2,0.33
Ce3Mg3Pt3,0.34
I2Se4Tl10,0.28
Cl14Nb6Te2,0.25
Te4Zr5,0.27
Al4Mg2O8,0.27
CeSb,0.27
NdNi2Si2,0.26
GaS8V4,0.24
As12Co4,0.21
B2Co3Sc,0.26
AlPd2Zr,0.45
C2Br2Pr4,0.25
BLaRe,1.63
Hf4Ni4Sn2,0.3
Au2Sc2Sn2,0.3
H6Ba2Ru,0.27
Ag2F6Li,0.38
O2RbTl,0.35
Sc2TcZn,0.34
AcNaTe2,0.37
FeHf2Os,0.29
IrNiY2,0.33
AuBiYb2,0.25
As8Se12,0.25
K3Sm,-0.12
NPd,0.49
HfIr,0.47
B2Fe2,0.24
CdN,0.58
Ca2Ge,0.12
CTa,0.41
CoGa5Tb,0.23
CaHfN2,0.19
Ge2Ti2Y2,0.24
SZn,0.29
Fe2Se2,0.25
AlRe,0.37
AuBe5,0.16
As4Ta2,0.21
Te2Ti,0.21
B2Mn4,0.27
Co2GaNi,0.36
CuInO2,0.36
CEuRh3,0.33
CeP,0.42
Co2SnV,0.32
AsNp,0.31
NaO3,0.19
FePt,0.3
PdSnZr,0.48
Cl2CuO2Sr2,0.28
Ag2HgI4,0.29
Pt4Y2,0.3
Ir4Tb2,0.29
Br3Li7O2,0.23
Al3Ni2U,0.22
HoNi2Si2,0.29
B2Co2La,0.26
Al12W3,0.23
BiDyPt,0.3
AgCd2Ce,0.37
Na8Nb8O24,0.26
Ba2Ce2N4,0.31
Ca2Ge4O10,0.3
F9Y3,0.33
I2Zn,0.85
Si8,0.94
Cu2F6K2,0.34
NiS6V3,0.28
CHo3Sn,0.4
NaO2Tm,0.22
AgF,0.5
Li3S4V,0.28
RhRuSc2,0.32
Nb,0.72
Ir2TiZn,0.3
Br4Y2,0.06
Mg3Pa,0.16
N6W2Y2,0.37
H2KNa,0.2
N2Zr2,0.31
CLaPt3,0.21
B2Ir3Tb,0.29
Cr2S4V,0.22
NiSe4Ti2,0.27
Cd2Dy,0.27
Ni3Sb2Zn,-0.11
Ga2Ho,0.21
Cd2Ga2Sr,0.25
Mn8O16Si4,0.31
H2,0.5
F4K2Pd,0.34
Mn2N4W2,0.33
Li2N2Sr2,0.28
BPd3Tb,0.48
Cl2Cu,0.26
Cl4Cu4Se8,0.24
Ca4Li4N4,0.26
Pt3V,0.3
GaLi2Pt,0.34
EuNi2P2,0.24
Ge2S2Zr2,0.23
Ag2Ca2,0.28
Nb2O8Y2,0.33
IO3Tl,0.25
Bi2BrO4Y,0.27
Rb2Sb4,0.28
Lu4Ru8,0.38
Cl16Ga8,0.25
Pt5Sr,0.31
Au2Cs2Te2,0.35
Mg2Na2Sb2,0.26
Cu3K3P2,0.31
Bi4O16Zr4,0.32
BaO3Pa,0.31
Pt2TiZn,0.71
Ag3Pm,0.66
LuMg2Tm,0.25
Gd2MgTl,0.36
AuCdLi2,0.3
IrTcTi2,0.28
AlCu2Li,0.3
Cu2S4W,0.24
Ho6In2,0.29
LiRb3,-2.95
Dy3Y,0.25
Pt2Ti2,0.46
GaTi3,0.38
Sb2SeTe2,0.29
BiI3,0.49
MnTe,0.19
O2Zr6,0.32
Np8,0.23
BaSe,0.25
Si4Y2,0.36
F6GaKRb2,0.28
Hg2U,0.29
O3PbTi,0.24
N8O24Pb4,0.37
Ni2SnV,0.6
CPbSc3,0.19
Mn3NRh,0.52
Fe3Si,0.31
B2Ho,0.15
Cl2Hg2,0.31
AgMg,0.3
Al2Na2Si2,0.27
I8Pd4,0.23
AgBiS2,0.38
Au5Sn,0.42
ClO4Tl,0.43
Li2N2Zr,0.17
CeCo2Si2,0.24
AlCu2Zr,0.33
Nb10Si6,0.27
Ni2P2Pr,0.21
Al3Pr,0.18
Rh3Sc,0.3
CaHo2Se4,0.23
Cu4Ge2Se6,0.31
As2O6Pd,0.28
Co2Mg2O6,0.3
Pa3Te,0.22
AgHg2Pm,0.39
HgPd3,0.39
I6Nd2,0.27
CuPd2Zn,0.34
Dy2IrRu,0.31
IrMnTi2,0.3
GaNiRh2,0.37
Hf2RuTc,0.3
AcAg2Cd,0.65
AlGeRu2,0.31
F3KPd,0.36
NpO3Rb,0.27
Au2CdHo,0.37
MgYb3,0.32
Si2Y2,0.21
Er2Se4,0.33
TbTe2Tl,0.25
C2BN,0.09
CaGeO3,0.2
CoFeGeMn,0.27
Mo2S4Se2Te2W2,0.22
Li2N2Sn,0.2
Ge2V2Zr2,0.29
Al2Ba3Ge2,0.24
RbSe2Tb,0.22
Si6V3,0.17
Pt3Ti,0.29
RuTa,0.39
NPu,0.25
Fe2Sn2,0.21
Pt4Sn4Y4,0.33
P8Zr24,0.28
Br4K2Pt,0.27
LaPd5,0.34
Mg18Sn10,0.25
Mg18Rh6,0.32
AgLi2Sn,0.25
F6K2NaSc,-0.05
H2Cs2O2,0.29
Al4O6,0.29
Fe6LiP4,0.29
Fe2Si2Th,0.26
Al16O24,0.25
Al2CdTe4,0.24
HfNiSn,0.19
As2Be2Li2,0.22
Lu2Mg6,0.58
BGa3,0.85
LiO3,0.26
HgInSm2,0.36
As4Be2Si2,0.19
O3OsZn,0.43
ClCsINa,0.29
Cd2Mg2,0.33
C4B4Er2,0.22
Si4,0.26
AuSc,0.34
Ru6Si6Ti6,0.28
P2Ru2Sm,0.22
Al2O4Tl2,0.35
LiS2Y,0.26
Cr6Ir2,0.33
Ag3Pb3Tm3,0.3
Sb8Se12,0.51
Au2Se2,0.25
Cu16Pd4,0.35
Al2CeZn2,0.26
Al6Zr2,0.18
F5KOTl2Zr,0.35
CuMn3N,0.22
CrFe2Se4,0.28
Pt21Ti7,0.3
CuInPt2,0.34
Ge2Mg6,0.45
F6PTl,-0.05
PSm,0.22
BeCs2O2,0.07
BiNa5O5,0.22
Nb8O16Sr4,0.29
K2Nb2Se4,0.24
Sm3,0.24
GaTc2V,0.35
CrTcV2,0.31
AuHgLi2,0.4
As2Ga2,0.23
Li8O8Ti2,0.27
H30B30Li6,0.28
As3Zn,0.75
MnSe,0.19
BN3Ta2,0.33
CH6Br3NPb,0.33
NaO3Sr,0.24
AgPr2Tl,0.38
O3ScSn,0.32
AgCa2Ge,1.05
Ac6Ca2,0.26
F6RhSr,0.23
Ag2Au2O4,0.38
Br,1.21
C8B16Ho8,0.38
AsTe,0.4
CTa,0.34
MgO3Sn,0.13
Cu4HoPd,0.36
Al2Ca3Ge2,0.21
MgSc,0.26
LiNi2Sn,0.38
La20Si16,0.29
Mg4O8,0.23
Al8Mo3,0.2
Br6Pu2,0.32
C2Ce,0.35
Ce8O28Y8,0.31
O4Ti2,0.36
As3Cr3Ni3,0.3
F24Pt4,0.36
Fe12P7Zr2,0.25
B2LuRu3,0.29
F6Ti2,0.32
GeLi2Zn,0.46
Ga24Ni24Zn8,0.29
GdTe,0.35
Ca2N12,0.29
Mo4O8,0.28
OTi,0.21
F6Rb3Tl,-0.85
Li2Ni3O6,0.28
IrRhSc2,0.31
CdPbSr2,0.41
DyMg2Pm,0.24
CuPm2Ru,0.34
Gd2InMg,0.25
Au2NaSm,0.37
Cd2PdRh,0.34
CdInLu2,0.32
Al3Si2Y2,0.2
GaMgSc,0.23
H6Re2,8.34
PtRhZn2,0.35
O3PdTe,0.53
ErMg2Y,0.28
C2Al2Nb4,0.23
AgLiO2,0.31
AsGa,0.32
BTi,0.51
C2N4,0.09
Li2Nb4O2,0.42
Ca8Hf2N8,0.3
Bi2Mg6,0.51
AlAu2Hf,0.44
Al3Li,0.22
LuOs2Si2,0.31
P4Pt4Sc4,0.3
Mg24N16,0.22
Mg4Pr4Rh4,0.33
O2Pb,0.44
C4V8,0.29
Cl6K2Pt,0.29
Ba2S6,0.26
S12Sb8,0.27
H2MgO2,0.2
Ba2Bi4Zn2,0.25
Ni2Si2Y,0.28
CaO3Zr,0.37
N2NaTa,0.22
O8Te4,0.14
Br12O4P4,0.13
Cu3NbS4,0.24
Pt4Tm2,0.31
C4Fe12,0.33
F4,0.24
Co3O8Te,0.7
Ag2O,0.37
Li8O12V4,0.23
Li3S4Sb,0.26
GaOsSc2,0.33
InLiRh2,0.37
Hf2IrMo,0.32
CuDy2Os,0.32
ReV3,0.36
CaHg2Pr,0.3
Cu2ScZn,0.36
KNbO3,0.28
LuTh3,0.21
OsRb3,0.75
CuZn,0.37
Ca4Sb2,0.17
Hf4P4,0.26
Ni2Tb2,0.32
C2Ru2,0.23
Ho2Te4,0.32
NaS2V,-4.87
Cl4PdRb2,0.38
F4Rb2Zn,0.35
AuLu,0.34
P24,0.31
Pt2V,0.3
Ca2Ge4Ni2,0.3
O2PTi3,0.33
Ir6Mg26,0.3
N12Nb4Sr8,0.28
Ga2Sr,0.26
B4Mo4,0.24
C2Fe2O6,0.52
Ir2Sn2,0.34
CeO2,0.32
Pb2Te6Tl8,0.28
Al2Ge2Mn2,0.26
In2Te4Zn,0.24
CPbPd3,0.49
Ir4Lu4Si4,0.27
BrCu,0.37
CNb2,0.33
CuLiO2,0.27
Na2O4Pd3,0.33
Cl6PtTl2,0.29
Cd2Sm,0.31
Sm4Tl2,0.32
Er2Pt4,0.32
Ga2LiPd,0.48
IrYb,0.36
Ag2F8K2,0.33
F8Fe2Li2,0.23
Ru2TaTi,0.35
AcAu2Hg,0.41
CdEr2In,0.29
Ir6Mn2,0.28
DyRu2Ta,0.32
Rh2YbZr,0.36
GaLiPd2,1.14
Ag2CdLi,0.43
RuSm2Zn,0.36
Nb2P2,0.26
TeZn,0.38
Sc2Si2,0.22
Ag2O4Tl2,0.4
EuGeZn,0.09
CaMnO3,-0.11
KMg6Zr,0.27
Cu3O2,0.35
MoSe2,0.23
CdGeLi2,0.81
O8Si2Zr2,0.3
Ba2O6TaY,0.26
Si4Sr4,0.24
NiS6Ti3,0.23
Ge4Pd4,0.34
CdCe,0.07
C2Ni2O6,0.27
FeNaO2,0.24
C2Cr4Ge2,0.32
O8Pb2Sr4,0.29
O4Ta2,0.29
Al3Sc,0.17
Ag3Sb,0.38
Ba2Cl2Cu3O4,0.34
Cl6U2,0.26
Ca2Si4,0.23
Cr3GaN,0.29
In2S4Zn,0.28
H8Mg4,0.22
KOsSn,0.46
Fe3Ga,0.39
BaPd2Sb2,0.34
Bi4Br12,0.31
Sr,0.27
LiSe6Ti3,0.23
Si2Tc2Th,0.39
PdSc2Tc,0.32
MgNdZn2,0.26
Br2Cl2,0.54
GaPtSc2,0.32
AsO3Sc,0.34
Pb2Sb6,0.46
FHg3,0.5
C,0.29
DyTe2Tl,0.26
F2S2Y2,0.28
CaN2,0.3
CeSe2,0.48
AlPPt5,0.34
Co2Se4V,0.25
MoS6Se2W3,0.21
N12Si4Sr10,0.3
AlMg,0.28
Al2Sc4Si4,0.21
Ba2Hg4,0.4
AlNbRu2,0.28
Re8Sc4,0.35
Rh6Te4,0.35
Ba2F8Mg2,0.28
CEr3Pb,0.43
C8Re4Y8,0.25
Sn2V6,0.44
O12Sb8,0.11
Mg12Ni6,0.3
AsDy,0.22
B2Rh3Sm,0.29
Cd6Mg2,0.38
Li8Nb8O24,0.26
Os8Sc4,0.37
F3KZn,0.29
B4Fe2W4,0.27
CoTlW,0.64
C2Ba2O6,0.38
CrLi3S4,0.29
Ba3Mg3O6,0.28
CdInPm2,0.31
AlIr2Mn,0.3
PtTcTi2,0.33
Cd2DyMg,0.3
OsTeTi,0.35
KO3Si,0.23
Li3Tc,0.28
O3PuSm,0.43
C2PrRh,0.28
AlTb3,0.49
NOs,0.53
Li2MgSi,0.19
CPt,0.46
C3Cr2Dy2,0.3
BSi2Ti6,0.22
Lu6MoSb2,0.26
Cd3In,0.74
F8Mg2Sr2,0.27
Al20Co8,0.23
K2Mn2P2,0.27
Ge2Nd2Ru2,0.27
Co4Ge4Mn4,0.31
F12Yb4,0.02
O4Te2,0.35
Bi2Cl2O4Pb2,0.32
Br6La2,0.28
HNi,0.35
Cu2O8P2,0.22
CaF2,0.28
FeTi,0.29
Ca4Ga4Pt4,0.37
Bi2CoHf6,0.28
Cr2Mn4O8,0.34
Al12Li12O24,0.18
CaF3Rb,0.26
MnPdSb,0.42
FeO3Sr,0.24
Ir2Ti6,0.46
C8,0.17
Co10La2,0.37
H2,0.54
I8Zr4,0.22
Ge2Ni2Yb,0.33
O8P2Ti2,0.24
Pb4Pd6Te4,0.3
H2NaPd3,0.35
HRbS,0.27
Cu4O4Rb4,0.32
Cu3Sn,0.5
CuNd2Ru,0.35
Co8Mg4,0.29
Ru2SiTi,0.27
TcTi2Zn,0.36
HfLiPd2,0.41
B2O6Sc2,0.29
BaSnSr,0.47
N2W2,0.39
Hg3Si,0.53
Pr4Si4,0.23
BDyPd3,0.47
CdF3K,0.26
Au2Zr,0.39
CoGa5Ti,0.27
Al2Ni3Pr,0.28
Al4Ti2,0.2
GeLiRh2,0.29
RhZn13,0.3
Ni2Tb2Zn,0.35
Cu2Lu2Pb2,0.22
La2Mg4,0.28
Co2O6Ti2,0.32
Cu2Pb2Tb2,0.2
Nb3O3,0.26
ErGa2,0.22
C6N8,0.15
TbTl,0.35
As3Fe3Mn3,0.3
S6Zn6,0.3
Fe2Si2Zr,0.29
PtSbYb,0.34
I6K2Tm2,0.34
CrCuS2,0.31
Ga2NiS4,0.25
Pd2Sb2Sr,0.38
Ba2S6Ti2,0.44
Ru,0.25
AlHfRu2,0.32
CoGa2Ru,0.3
Fe3V,0.3
Ca6Cr2N6,0.25
AuInZr,0.32
B2O6Ti2,0.32
Ho6Lu2,0.22
GaNbRu2,0.27
MgYb3,0.66
Eu2Ir4,0.31
GeTi3,0.36
N2Tc2,0.29
Cr3N4,0.1
Cr2MnSe4,0.23
C2Tl2Zr4,-0.07
Pt4Sm2,0.31
OsZr,0.3
Mo6Si2,0.28
F6Rb2Zr,0.3
Cs2F6Hf,0.31
Fe2Li2O4,0.23
BaNiO5Tb2,0.28
Cr4O6,0.27
Ga4Tm2,0.22
BCePd3,0.86
C12Ce8,0.25
Mn4Sb2,0.36
Ce2Cu2Ge2,0.26
Cu6Sb2,0.38
Pt2V6,0.31
CNbRu3,0.26
BaGe2Mn2,0.2
BiSm,0.27
Al2Hf2,0.24
BaTe,0.31
Br6Gd2,0.35
Cu5Dy,0.42
Cu2HoIn,0.33
Cu2Ge2Sr,0.26
AlCo2Nb,0.3
CrCs2F6K,0.26
F3KNi,0.27
Os8Y4,0.39
MoZn7,0.3
S4Sb2Tl2,0.3
Rh,0.26
CaCd2Sb2,0.28
AgLaO2,0.41
OSb2Sr4,0.2
F6GeRb2,0.41
Li2PbPd,0.49
AlAu2Li,0.34
Au2CdLa,0.44
CoHf2Re,0.3
AgHg2Nd,0.38
HfPaTc2,0.38
Au2Sc2Si2,0.26
Ca2LiMg,0.43
HgOs,0.36
ISm3,0.38
AlO3Sr,0.32
CaHg2Sr,0.36
CsGeO3,-0.29
AcEr3,0.26
F6InRb2Tl,-0.11
BiCs2F6In,0.35
Ba6Cu11F34,0.31
Au6P14Sn2,-0.1
Ca3NP,0.25
Ru3Zr,0.33
Pt4Y4,0.36
PrRbSe2,0.25
Ge3Nd2Zn6,0.21
Ca2Rh2Sn4,0.29
Hg4O4,0.32
Cu2Th,0.25
Tl,0.47
Fe3NPd,0.3
HgLi3,0.31
Cu2Sn2Ti2,0.28
Co2Sn4,0.27
Nb6Sb2,0.3
As2BaCo2,0.28
BiHo,0.25
Co4Hf2,0.3
PrTe,0.35
Pd3Tb,0.3
CuNi2Sb,0.42
Ge2Ni2Th,0.37
Ag4O2,0.5
Fe3NNi,0.3
Se2Ta,0.34
Sr2Zn4,0.31
Sb8Zr10,0.3
Mg2O8W2,0.33
AgMg2Nd,0.35
Fe24N8,0.3
Mn4Sb2,0.36
Ni15O16,0.29
AgCuO2,0.16
Cu4Li4S4,0.24
Cl6In2,0.27
MgRh2Tl,0.31
Au2MgZn,0.41
IrMgTm2,0.37
Ru2VZn,0.34
CuIrYb2,0.3
Rh2ScZn,0.32
AlNiV,4.94
AlIrSc2,0.31
Re6Sn2,0.51
Np12S20,0.25
N6Re2Ti2,0.31
ErN,0.74
CCd,0.36
AlSi,0.58
CFe2Si2Sm2,0.26
Ni2Te2,0.3
CdMg,0.22
Be2Ta4,0.24
Ca2Cu2F8,0.31
BaF6Ir,0.36
Si2Yb,-12.63
C12Y8,0.28
Cr4O16P4,0.2
Ce4,0.27
Mn2Si2Tb2,0.26
B4V6,0.19
Cu2InSc,0.31
CRu3V,0.35
F2I2Sr2,0.33
Bi12Ni4,0.36
Ba2Zn10,0.26
Al8O16Sr4,0.26
Co4Np2,0.62
Cr4O24Sr8Ta4,0.26
Ba3N2OZn,0.29
CNa4O4,0.25
S5Zn5,0.3
MnPtSb,0.4
Al8Ti4,0.2
N10P6,0.25
Cl2Fe,0.2
HoPt2Si2,0.49
TiTl2W,31.34
RuSnW,0.49
HV2,0.38
CuGaPt2,0.33
Cu4Si2Te6,0.29
F8K2Ti2,0.36
Ac2CuGe,0.34
MnRuTi2,0.31
Co2TiZn,0.3
NaTl2Tm,0.23
CdLi2Mg,0.31
MgPd5,0.36
Mo3Na,0.44
BeO3Zn,0.81
Ba2O5Pd2,0.32
Cs2F6LiN,-0.75
Ag2Ca2O4,0.36
CRe,0.59
Pb2Sr2Zn2,0.36
C4AgBN4,0.44
AsPr,0.23
CrNdO3,0.26
Ru8Si12,0.29
Be4Cu2,0.15
In3Nd,0.27
EuMn2P2,0.26
Ag2N6,0.37
N2Nb2,0.25
Br6Mn2Rb2,0.5
RuSbZr,0.35
C2Na2Pt,0.3
Ca4Pt4Si4,0.39
C8Si8,0.16
Hg3Pd3Sm3,0.35
Ca4In4Pt4,0.34
H6Nd2O6,0.34
PtV3,0.36
BBe2F2KO3,0.21
NaO6W2,0.26
H4K2O8P2,0.24
Cu4Li3O4,0.33
Cu4Li4S4,0.42
Ga2La6O12,0.33
Ru3Si3Zr3,0.28
CsF3Sr,0.45
AuSc2Zn,0.3
PtZn3,0.41
Hg2LiPr,0.43
CdTl2Yb,0.32
AcHg2Yb,0.32
O3RbSr,0.84
HoO3Rb,0.45
P3Yb,0.35
Dy3Yb,0.27
N6Sr2Tc2,0.3
Cs2F6InRb,0.31
CuO2V,0.28
CoSnV,0.93
AlNTm3,0.2
PrRe4Si2,0.25
F2Nd2Se2,0.27
Ga4O6,0.43
Al8Li24N16,0.13
RuV,0.36
NTa,0.21
Te3,0.22
BaHo2NiO5,0.28
BEuPd3,0.53
In4Ir2Sr2,0.28
Cu2Pb2Tm2,0.23
Ga3Np,0.21
NdPt2Si2,0.38
Cl4Na4O12,0.27
NbS2,0.25
Br6Ni2Rb2,0.4
BPd3Pr,0.57
AuInLi2,0.29
AlB2Fe2,0.24
Cu2Ga2Te4,0.28
Ba2F8Zn2,0.32
Cl8Se8,-0.11
Ni4P4S4,0.28
Br2O2Sc2,0.24
Nd2O5S2Ti2,0.31
F12Fe4Li2,0.3
Ba4O24P8,0.32
Ag2Cl2,0.42
B2Mn,0.23
B3Pt6Y3,0.35
BIn2Re,6.67
S6Sc4,0.22
As8Ba4Zn8,0.27
Al2B2Mo2,0.23
BaSi2,0.69
As2Li2Nd,0.33
CdCsF3,0.04
CuOsPm2,0.35
AgHg2Ho,0.41
CdPt3,0.38
Be2NiPt,0.36
NbRu2Sc,0.3
PdSnZr,0.26
Si2Tb6,0.36
NaPd2Sn,0.12
CdPbPr2,0.34
CdHgYb2,0.26
NbNi3,0.9
CAlCe3,0.28
CoMo,1.45
CNi,0.46
KS2Ti,0.26
Al3Cu2Eu,0.21
AlCuPt2,0.32
Sc4Zn8,0.25
As2Cu2K4,0.3
Ge3Li3Nd3,0.17
Cu2MnSb,-3.58
PbTe,0.25
As4Mn4,0.22
Ba2MgO6Re,0.26
Ba2Fe4S6,0.27
Ca4Mg8,0.24
Cu4Mg2O6,0.26
OPa,0.49
Mo2Rh6,0.3
Pd2Ta,0.34
In3Pt3Sc3,0.35
AsGd,0.06
ClCu,0.48
H2Al2Sr,0.16
GaO4P,0.2
Ir4Zr2,0.28
Al2CePt3,0.27
F8Zn4,0.35
Cd2Cu4O8,0.33
F2Fe2Li4O4,0.23
IrPdPr2,0.38
CdSc2Tl,0.35
Ru2SbSc,0.26
Cd2MgTb,0.29
IrNiPm2,0.38
PbTlYb2,0.34
Au2NaPr,0.36
Rh2TaZn,0.91
Ba2Na2O14Sc2Si4,0.28
BeRu2Ta,0.33
B2Cs2Na4O6,0.3
C4,0.2
Ni4Ta2Te6,0.25
PtZr3,0.45
AuIrNd2,0.36
CeLiO3,0.44
LaNdZn2,0.29
BeO3Rb,0.5
H4BNa,0.14
AuNi3,0.35
Mg2Zn2,0.37
TmZr,0.26
C4H8,0.26
S6Ti2,0.25
Ni2Sm2,0.34
HfZn,0.31
BaO3Si,0.22
MgO3Si,0.21
Ho2O6,0.32
CdGd,0.29
Ca3Zn,0.64
Ca12O4Si4,0.2
As2Sr4,0.18
Pd2V6,0.33
InSb,0.27
PbU,0.42
NdPd3,0.31
Mn2Pd2,0.33
HK,0.19
O4S32,0.17
O8Pd2S2,0.31
AlY3,0.23
AsBO4,0.16
B6Na6O12,0.32
RhSm,0.36
Ca12N8,0.27
Ge2SrZn2,0.31
N8W4,0.4
O4Se4Zr4,0.33
F6MgPd,0.17
Cd3Pm,0.32
AlCrMn2,0.28
Hf2OsRh,0.39
Ge3Zn,0.55
O3RbW,0.23
Sb16Zr8,0.24
PPtYb,0.31
LaN3Os,0.3
N2Re2,0.3
InTe,0.42
CGe,0.23
Hf2Pt2,0.36
Ca2Ni4Si2,0.3
Ir6Mo2,0.27
MnZn3,0.3
Ag3Pt,0.37
Ir2Ti2,0.34
C2Ga2Ti4,0.19
CB2Rh2Tb,0.4
LaN,0.64
B2U,0.12
InP,0.28
Cu2FeSn,0.62
Mn12Y,0.26
Se4V3,0.22
Cl4CoLi2,0.26
HPd,0.4
Pd8Si4Y4,0.33
NbRhSb,0.38
Os2Si2Th,0.28
La2O3,0.35
BaLaMnO6Ta,1.99
As2S2U2,0.44
AlCo2V,0.28
H16Ca16O40Si8,0.29
ErO2S3U2,0.29
Ag3Dy3Ge3,0.22
HfNi2Si2,0.31
Re8S16,0.21
Cs2Se6Sn2,0.3
CrNbW,0.51
HCs,0.31
Cl6Cs2Cu2,0.47
H16Ca4Cl8O8,0.34
Cs2CuF6K,0.32
Li4Nb2S6,0.28
LiS2Sb,0.28
F5OV2,-0.05
F2O4W2,0.21
HfO4Sr2,0.26
Fe3LiO4,0.33
As2SrZn2,0.24
F2Hg,0.42
AlOs2V,0.28
GeNbRu2,0.36
GeLi2Yb,0.14
Er2I6,0.24
ErPaRu2,0.44
BGeLiO4,0.17
CaO6Sb2,0.3
Au2BiSm,0.44
BO3Si,0.64
NaO3Ru,0.35
MnRh2Tm,0.36
CePmZn2,0.22
C7Si7,0.16
Mn28O48Si4,-0.35
Ge4Th2,0.33
Cu2Sc,0.33
B2BaIr2,0.24
As2Na2Zn2,0.27
Cs2ErF6Na,0.32
Yb,0.25
Li2Rh2Sn8,0.24
Al12Tc2,0.24
O10Sb4,0.25
Fe2GaV,0.27
Br6K2Se,0.53
Cl10Sb2,0.27
Ag3P11,0.25
Na16O28Ti10,0.26
Cl8Cu2Ga2,0.27
Ag2Sb2Se4,0.35
Pt2Si2Y,2.82
C16,0.19
Ni2Pb2,0.31
Ru8Si16,0.25
Cu2O4Rb2,0.31
N5Ta4,0.25
Cu2K4P2,0.29
Ac2AuSi,0.38
Au2NdSn,0.39
FeGeRu2,0.31
La6Te8,0.3
Al2As2,0.26
GePtZr,0.66
AgBZr,0.67
As3Ge,0.38
HfRb3,0.43
LuTl2Y,0.36
Pm2PtZn,0.36
Ba2Mg2Si2,0.22
FeNi3,0.55
CaSe,0.57
N2Pt,0.4
Cr4N8,0.33
CdIrO3,0.52
CPd3Sn,0.36
B4Tc2,0.17
H12Ba4Cu2,0.23
Al4Y8,0.27
Au3Li,0.39
P4Zr4,0.25
O2Sn,0.32
OZn,0.65
Ce4Se8,0.36
Pd4Sb8,0.35
Ni2Ta4,0.33
Al4Gd2,0.28
Mn4P4Zr4,0.24
B4Fe2Mo4,0.97
O2Sn2,0.24
C4Sn2Ti6,0.21
Al3Hf,0.19
Bi2Br9Cs3,0.29
I2Nd,0.22
N4Sr4,0.23
Cd6Tb2,0.31
Ir6W2,0.27
Ni5Tb,0.28
Ti4Zn8,0.25
CuO3Sr2,0.27
F8Li2Sc2,0.34
ErRh3Si2,0.26
As4Ba2Pd4,0.32
Ba2Sb4,0.26
Ga2SeW,0.4
CaMn2P2,0.26
Rh2TiZn,0.31
Al2Sc6,0.24
AgGaSc2,0.29
Li2SnSr,0.23
GaPt2Sc,1.0
Mn2Na2O4,0.24
Er3Na,0.27
Cl6Cs2FI,0.36
H6Cs2SiTl,0.33
Be2Se2,0.4
AsNd,-10.28
HgO3Os,0.35
NaS2V,0.16
In2Pt4Tb2,0.36
Ir2Li12N8,0.21
Ga2Sc2,0.26
HfRh,0.43
Sb2V6,0.31
CaZn5,0.24
Mg18Pt6,0.33
Na4Ni2O4,0.58
Mn4O8,0.23
Ga2LiPt,0.38
GdTl3,0.38
Ca,4.92
Mn4Si4Zr4,0.26
InNi3,0.32
MnSe,0.39
I4S4Sb4,0.29
H2Th,0.52
Br2N2Th2,0.18
Sn2Te10Tl4,0.3
Ag8Sr8,0.28
Au4Ca12,0.32
AlFe2Ti,0.26
C4Al2Ti6,0.19
Bi2BrDyO4,0.27
Cs2F6FeNa,0.38
BiSc,0.28
AuRe2Se,0.49
Fe4Ga12,0.23
KNdO2,0.25
Ge5Yb3,0.09
CuF6Zr,0.46
LiRu2W,0.33
Be2PtRh,0.28
Pt3Te4,0.27
MgNaTl2,0.28
GaHoRh2,0.35
Ag2CdYb,0.35
LiRh2Zr,0.35
Ag2PmYb,0.32
Bi3Ca,0.39
LiPtY2,0.32
Pt2ScZn,0.76
H3Sm,1.0
Th3Tm,0.21
ClFe,0.59
AgCuO2,0.43
N2Os2,0.25
As4Cu2Tb2,0.31
AlLu3N,0.2
CrN,0.35
PuSi2,0.28
BPt3Sc,0.59
B6Np,0.27
CoNb2S4,-4.82
Hg2Mg,0.36
Mo6Pt2,0.36
AlCoMn2,0.23
F6NaRb2Rh,0.38
Ag2K2Se2,0.29
EuGe2,0.29
NNd3Sn,0.45
O12Ru4Sr4,0.31
Fe4Si2,0.28
SbSm,0.25
BiTe2Tl,0.25
Hg6Y2,0.36
Al8Cr4Th,0.2
Ag4S2,0.33
Hf4O12Sr4,0.26
Cd2S8Y4,0.34
KO3U,0.28
O3SnSr,0.24
Mg2O2,0.32
F4FeRb,0.38
Pd6S2,0.35
Co2P2Sr,0.27
Fe4P16,0.18
Ce2Ir4,0.37
H2O4Sc2,0.24
PdTe2,0.32
PtRb2Se2,0.29
HgSc2Tc,0.38
AlOs2Ta,0.28
CdEuHg2,0.3
CoHf2Ir,0.4
LuRu2Sb,0.27
AlLiNi2,0.65
CrSi2,0.16
BaNi2P2,0.29
AlSm2Zn,0.24
MgRb3,0.52
O3RbTl,0.44
AlRb,0.76
BiPd2Pr,0.48
MgMnRh2,0.31
Be2CoMn,0.21
As2Ba2Cu2,0.24
SbY,0.06
MnSb,0.75
CTc,0.57
Be2Si2Zr2,0.17
Mg4N6V2,0.31
AlNi2Sc,0.31
CBe2,0.08
Ge3Ho3Li3,0.16
Na4O12V4,0.27
Ba2Ni2O6,0.37
CCo3Mg,0.26
Li2Se,0.19
AlBiO3,0.24
O3U,0.37
H2Cs2F4,0.33
MgSr,0.26
Cu8K24O16,0.3
H6Ni2Zr2,0.31
Au5Ba,0.41
BaO4S,0.32
Na6S6,0.29
Na4Nb4O12,0.25
Al3CePd2,0.28
Bi2Cu2O4Se2Y,0.27
Cl6Ti2,0.28
Al4Li9,0.17
SnTi3,0.34
HZr,1.59
HfInNi2,0.33
CFe2Si2Tb2,0.24
C2Ba2O6,0.37
Cu18P6,0.35
Cr4Li4O8,0.08
F6PtZn,0.23
In,0.43
PdRuSc2,0.32
Al2PdRu,0.3
Li5Mg,0.31
GaLuPd2,0.42
Hg2InYb,0.44
Al2IrOs,0.27
In2LuTm,0.38
Os3Yb,0.4
O3RbYb,0.37
Hf2Mg6,0.27
BrCl6FRb2,0.3
F10K4Pd2Rb2,0.08
Ca2O6Si2,-0.08
EuS,1.88
CBaMg6,0.78
LuRu2Si2,0.3
Ga3Ni2,0.28
Al6Pt10,0.36
O8Sb4,0.22
In2Ni4Zr4,0.31
CoGa5Sm,0.2
In3Mg,0.41
CCo3Sn,0.34
B4Fe4,0.29
O4Sr2U,0.31
Hf6Si4,0.23
Ge4Ir4Nb4,0.32
CoSbZr,1.61
Bi2Rh2,0.37
Pt3Tm,0.31
Co5Ho,0.38
SnTl,0.63
Ga3Ti,0.2
Br2La2,0.28
Li2O4Ru2,0.27
Nd2Ru2Si4,0.28
Br12Ca2Th2,0.32
Cu2O4Y2,0.36
Ba2Tl4,0.22
Co2FeGa,0.31
Hg2Y,0.3
AlFe2Ni,-3.43
N2Te2U2,0.15
NbNi2Sn,0.42
KO3Ta,0.23
Ge2P4Zn2,0.23
CuLi2O2,0.29
Al8O20Si4,0.24
AlCu2Ti,0.3
NiRh2Se4,0.34
Cl6Co2Cs2,0.33
GeMnPd2,0.44
Se2V2,0.19
LiPZn,1.65
MnPtSn,0.42
Mo2Te4,0.18
Hf4O8,0.32
CuLi2S2,0.33
O6Zr3,0.33
AlLiO2,0.21
Au2HgPm,0.51
LiPmTl2,0.4
AuLiTm2,0.28
GeRu2Zr,0.32
Mg2PbTl,0.37
Mg2PdZn,0.28
AgCuF3,0.38
AlTi2V,0.36
O2Ti,0.35
CSn,0.22
Cu2Er2Sn2,0.23
Be5Fe,0.17
Co3Ta,0.19
Hg2Sr,0.29
Ho2,0.23
Al4Au16,0.44
Nb2O5,0.34
Ni4O24Sr8Te4,0.3
C4CoLiO4,0.45
As2Ba2Mn3O2,0.2
S6Ti3,0.19
Mg2Sn,0.24
H8Li4N4,0.23
SU,0.59
H2Ti,0.43
Mo8N8,0.25
Cu2PrSi2,0.2
Cu2La2Si2,0.26
KNbO3,0.25
I12Nb4Te4,0.43
Cs2I6Te,0.28
F4,0.34
Ga22,0.43
Ta30,0.36
Cl6NbRb2,0.31
Nd2Si4,0.5
Al2Os,0.2
Hf3Ni9,0.3
CuF4Li2,0.13
Al8O12,0.23
Al2Mn2,0.26
Ag2O6Sc2,0.34
Co4P4Zr4,0.25
Zr,0.35
HfOs2Sc,0.3
Au2CaNa,0.39
CuLu2Pt,0.33
OsTcTi2,0.31
NiPSc,0.18
BiO3Si,0.3
Ge6Sm2,0.45
C2Nb2,0.31
Be2Hf2,0.26
Ga2Sb2,0.14
GaHf2Sb3,0.21
B2CeIr3,0.28
CuSc,0.28
Cd4Na4Sb4,0.28
Cu4O4Sr2,0.39
AsEr,0.22
Mg8O18Ta4,0.28
Ag6Ge10P12,0.27
In3Th,0.25
Cu2La,0.42
In4Pt2Sr2,0.28
H16N16,0.33
NPr,0.22
F2Pr2S2,0.28
O3RuSr,0.29
B2Ru3Y,0.29
Al8Ca2O14,0.32
Cs2F6Pd,0.32
Nd2Ru2Si2,0.26
C2Nb4Sn2,0.29
Cu2Li3O4,0.25
Bi2BrO4Sm,0.28
CsErS2,0.24
Cl3CsHg,0.46
Nb6Te2,0.28
Au4Bi8O20,0.32
CdPr,0.32
Ge2S2Th2,0.25
AgHgPd2,0.44
PaSi3,0.27
LiO3Tc,0.32
Mg2PmY,0.29
IrPdPm2,0.37
RuV3,0.32
RuY2Zn,0.34
BeFeRh2,0.31
BO3Si,0.31
CdCu2Sc,0.35
MoReTa2,0.31
C2O6Zn2,0.32
AgCl3Rb,0.33
Bi2Ni2,0.35
Ca6Na2O12Ru2,0.21
BaCaO2,0.24
Tb2Te4,0.33
Cr3NPd,0.25
Nb4Sn8,0.28
Cu6Mg4Si2,0.23
Ag2AlLi,0.33
Ba2F8Pd2,0.37
MgNiSb,0.29
CuTb,0.32
Li4Ni2O4,0.24
Ag4Mo2O8,0.47
Ba2Te4,0.27
AgCl,0.42
Ni5Pr,0.32
PrS,0.32
Ba2Pb2Zn2,0.23
P2Rb2S6,0.21
MnPtSb,0.38
C4Mo4,0.34
Mg6Pt2,0.35
H2Ce2Ru2Si2,0.25
Ti,0.37
Fe2Rb2Se4,0.33
C6Cr23,0.3
O3Ti3,0.39
MnRu2Sn,0.31
AlMgRh2,0.27
Dy2PdRu,0.33
AuPd2Tl,0.5
AgHg2Y,0.43
CdPd2Y,0.39
GeMn2V,0.3
Pd2SnTi,0.56
BiLi2Tl,0.21
GaGeRu2,0.33
Be2CoNi,0.23
N6Na2Si4,0.24
Rh3Si,0.31
Mg5Y,0.22
NZn,0.42
Mn2Se2,0.38
B2Co3Yb,0.26
NbSe4Tl3,0.1
Cu2S4SnZn,0.31
Hf2,0.28
Hf2Si4,0.21
Al2Y2,0.26
N2,0.34
Cr2N6Sr6,0.24
Hf6NiSb2,0.26
C2In2Ti4,0.2
As8Pd4,0.3
C6CuFeLi2N6,0.59
Bi2Na2O6,0.3
H2Na2Pd,0.24
AsPu,-1.15
Si2V6,0.33
Ag3Fe3Te6,0.37
BiCoZr,0.27
Hf2O6Sr2,0.25
Li2Se4Tb2,0.24
Cu2ErSi2,0.22
Al2N2Zr4,0.23
As4O16Pb6,0.28
CRh3Tb,0.33
CaCu2Si2,0.26
BiF6NaRb2,0.29
CaPd2Si2,0.33
Ca2Rh4,0.32
H4Cd2O4,0.34
C8Ca4,0.47
N4,1.29
AgI,0.39
Hf2Li4O6,0.26
Mn6O12Te2,0.32
Ba2Hg,0.25
FK,0.19
CuIrPr2,0.36
B6Pm2,0.19
InMgYb2,0.27
AgDy2Os,0.34
Dy2GaZn,0.24
Tc4,0.3
Co2Pt2,0.29
Hg2NdSm,0.39
O6Ti2U,0.33
Mg3Sn,0.22
HgSm2Zn,0.36
DyYZn2,0.31
Si3Tm,0.31
AlHfIr2,0.23
BiCsO3,0.13
H2Ti2,3.61
Al3Ti,0.23
S4V2,0.24
BPd3Y,0.46
N4Re2,0.23
BaMgNa2O8P2,0.24
ErPt5,0.33
Pr2Sn4,0.27
C3Cr2Tm2,0.3
As4Pd4S4,0.34
Al2As2,0.32
O10Ti6,0.31
LaPt3,0.31
Cu4MgY,0.3
Pt4Rb2Se6,0.29
O8Pd4Y2,0.33
CrN2W,0.27
Cr8,0.3
PbPd2Y,0.38
ClCs,0.28
Cr4Ta2,0.35
NNb,0.23
Al4Pd8,0.35
H4Mg3O5,0.23
Ag2HoIn,0.39
MoU2,0.41
KNO2,0.34
Cs2Cu10S6,0.35
N16Si12,0.43
C2B12Li2,0.14
Br3CsPb,0.26
C8,0.07
Hf2PbY,8.27
Ba2F6Zn,0.32
GaSc2Tc,0.32
GeHgPm2,0.36
NbRuTa2,0.32
CuHf2Os,0.35
O3TiYb,0.24
Br6V2,0.28
AgHg2Sm,0.38
Dy2MgTl,0.32
Ir4Nd2,0.31
LiPZn,0.28
B2Tb,0.16
GaP,0.31
Hg3Zn,0.85
ErLa3,0.24
K3Si,0.34
Li2Tm6,0.98
Ac2NaSn,0.38
Ag3Ge3Yb3,0.25
AgIrTb2,0.36
P3Ti,0.69
HfZr,0.32
MnSiTi2,0.49
MnSnTi2,0.1
Co3Mn,0.01
H2B2Ca,0.2
LiPZn,0.19
Mo3S2Se4Te2W,0.21
NiSc6Te2,0.32
Si2Yb2,0.22
B2Ta2,0.18
SbSc,1.08
NY,0.35
Cr2Sb2,0.23
CdCu2Se4Sn,0.33
Sn2Sr2,0.28
As2Mn3O2Sr2,0.24
Ca2Pb2,0.21
CaIn,0.35
Os4Se8,0.23
Cu2Sn4Sr2,0.28
Co2SiTi,0.31
N4Th3,0.35
BaCd,0.27
Ag16Ca6N,0.34
InNi2Y2,0.29
Cu2O4Sr2,0.3
BiMoRh,0.4
Cu12Te12Tm4,0.27
CCaFKO3,0.25
As16Zn8,0.26
As2BaPd2,0.29
Ag2NdYb,0.32
CrReV2,0.31
CdMgSc2,0.27
Au2LaSn,0.35
Ru6Tc2,0.25
SiTc2W,0.34
I2Sm6,0.43
Cl6InLiRb2,0.47
S8Sc4Zn2,0.29
CdP2Si,0.61
Cu4KSe3,0.34
Ca3Ga4Ni4,0.3
TaTc,0.28
LaMnO3,0.28
B6Nd,0.24
Al2EuSi2,0.23
Br4Yb2,0.26
Cl4Zn2,0.21
Br4Hg2,0.26
Au8S6Tl4,0.32
Cl6Rb2W,0.31
O4Ti2,0.36
La8O20Si4,0.31
Pd2SnY,0.39
InPd2Y,0.38
Ag2Br2,0.39
As2Co2Sr,0.3
Li8Si4Zn4,0.16
Ni2S2,0.44
Cl2OsPt,1.17
As2CoTl,0.85
Cu2GeS4Zn,0.29
Nb4Se8,0.24
Al4O12Sm4,0.25
K4S6,0.19
Li5SSb,0.13
CoIrSc2,0.3
Bi3Sc,0.35
Hf2ReTc,0.27
AlLu2Zn,0.26
Au3Tl,0.49
GeMnSc2,0.31
CuN,0.36
ScSi,1.35
Ba3PSb,0.28
CaIrO3,0.44
Li4N2O4P2,0.22
Al2Zr2,0.24
Al2Ge2La2,0.46
LiPt,0.31
Ba2Cd2Ge2,0.14
AgScSe2,0.36
Ge2S2,0.27
O8Pt6,0.37
BaMoO3,-28.79
Ni3Sn4,0.29
CFe3Sn,0.32
Ge2Pt2U2,0.33
Ba2Cl2F2,0.29
Ge4Zr2,0.22
Li28Si8,0.16
Se2V2,0.24
Ru2Sb4U2,0.26
S2Sn2,0.26
F8V2,0.12
Pd2Te2,0.4
Cl6Zr2,0.7
MnPdTe,0.23
Co3Fe13,0.29
H4Fe2Ti2,0.32
CMn3Zn,0.48
S6,0.2
Au2K2S2,0.25
Co2Ge2Sr,0.22
Li2O4Zr2,0.24
OPu,0.32
Pt3W,0.32
Au2CdY,0.38
Ge4Mg2Y4,0.2
PmYbZn2,0.25
MgRh2Si,0.31
O2PrSm,0.25
MgScTl,0.01
LuMg2Sm,0.29
PdScZn2,0.38
N2Os,0.26
HgLi3,0.54
Mg6Th2,0.4
N2Pd2,1.1
F6Tc,0.44
Sb2,0.23
Hf4Mn8,0.37
N8Si6,0.25
As6W4,0.27
Cu3Mg3Y3,0.34
Li2P2Sr2,0.18
F6PbZn,0.15
Hf2W4,0.32
As2BaMn2,0.24
Pb2Th2,0.26
Co2GeZn,0.44
AlNPr3,0.37
PbPd3,0.35
CoFe,0.29
Be8Fe4,0.15
Ga4S4,0.24
Fe6Sn4,0.27
BRh3Y,0.29
AgAsZn,0.71
B2Nb,0.22
Si6Ta3,0.19
Nd3Rh3Sn3,0.35
KNi2Se2,0.31
PdSbSc,0.3
Co2Ta4,0.34
Na4Se6Zr2,0.24
Cu2K2Se2,0.24
Ga2O6Sc2,0.3
F2Gd2O2,0.3
Ba3I8Sr,0.35
LiPd2Sb,0.45
AgGePm2,0.34
Hf,0.31
RhTcTi2,0.3
CdRh2Tl,0.33
LiPd2Zn,0.31
C2RhSm,0.29
F3Rb,0.55
BO3Rb,0.11
MgNaO3,0.41
InMgRh2,0.19
LuYZn2,0.32
N2Os2,0.27
C8N8S8Se4,0.34
FeN,0.3
BPd3Yb,0.47
LuTe2Tl,0.23
H3KMg,1.1
Ru3Si2Th,0.28
AsInPt5,0.33
HfRh3,0.27
Li12N8Os2,0.2
Au2Zr6,0.31
Ca2Ga6Ni4,0.3
Ag2Al2Se4,0.35
Si4Sr2,0.21
CInPr3,0.37
Hf4Mn4Si4,0.27
O24Sm16,0.32
In4S6,0.37
Ni4P8,0.22
Cl8O8U4,0.24
As4Os2,0.21
As2Ti2Zr2,0.28
Cr4F12O4,0.17
C6Al2Ta8,0.24
AlAu2Mn,0.44
C4Ca4O12,0.32
HTa2,0.36
H8B2Li2,0.27
AlFe2Mo,0.35
PrTe,0.24
Ba2Se4,0.33
Br4O4W2,0.29
Li6Sb2,0.17
Al2FeIr,0.27
AgCeZn2,0.33
AcAu2Pb,0.4
Ge4Mg2Sm4,0.2
CoLaTe,0.32
NaO3Tc,0.36
ScSn3,0.52
Ho6Pm2,0.26
PY,0.25
Br3CsPd,0.25
CoGeTi2,0.35
Co2GaNi,0.33
Cr2NiSe4,0.3
Ga3Tb,0.26
Mo2Ni6,0.33
Pd5Sr,0.31
Cu2Sn2Y2,0.22
Ru2Zn6,0.32
Rh2V6,0.29
BN,0.15
Tb4Tl2,0.31
Fe2O8V2,0.26
Li2O,0.16
Cu2MnS4Sn,0.34
Ga3Nb,0.21
Co4Tb2,0.4
Cl18U3,0.34
HgTe,0.35
N10Ta6,0.32
BiF5,0.2
Br4Li2Mn,0.3
B4N8Na12,0.28
Bi4K12Te12,0.28
CeCuMg2,0.26
Al2F12Na6,0.27
As4Ni4S4,0.27
Pd2Si2Y,0.32
GeI3Rb,0.26
LaPd3,0.35
LiO4Ti2,0.2
As2BaPd2,0.28
Ba2Ge2Mg2,0.22
Cu2Na2O4,0.35
Ba2O8Pd4,0.36
Fe3Li4O8,0.25
Mn3Nb3Si3,0.28
Cd2Ge2O6,0.34
B2Nb2O8,0.26
Ac2CdSn,0.35
PaTc2Ti,0.36
CaPmZn2,0.27
MgPm2Si,0.32
HoTc2Th,0.41
HgNd2Sn,0.37
NaPd2Tl,0.52
Au2LiTh,0.57
Al2IrRu,0.26
AlHo2Mg,0.22
Ag2HoY,0.31
BMg6Rb,0.3
CdCo3N,0.29
Fe2Se2,0.25
Ba2FN,0.28
C4Os2,0.26
Nd16O24,0.32
Fe5Nd,0.27
Ga4Li4Se8,0.29
Au2U,0.32
O8,0.35
Au2Er2Sn2,0.27
CoGe3Nd,0.24
Ir6Si2,0.32
C2Mn2O6,0.31
Ni4Pr2,0.38
B4Co4,0.29
Pt3Sn,0.37
Mn2Si2Y2,0.25
HF2Na,0.32
ClLi4N,0.17
BaBi2Mg2,0.23
Cu3Ho3In3,0.22
Y4Zn12,0.27
Co2ErSi2,0.24
C7Nb10,0.26
Ag2Ga2S4,0.34
F7K3Mn2,0.24
Co2RbSe2,0.23
Li26Si8,0.17
H4Zr4,0.4
Fe2O2,0.34
As4Ba4Pt4,0.35
LiTl,0.28
RbSe6Th2,0.29
LiNaTe,-9.98
In2LuPr,0.33
B2N2,0.21
BO3Pb,0.55
Ag4As4S4,0.35
CaGa2,0.21
Ag2N2,0.48
C4,0.11
CSc,0.85
CBaSi,0.45
Er2Te4,0.34
Mg16O48Si16,0.2
Ga4HfV2,0.22
CHo3In,0.38
Pt2Te2,0.31
HfPdSn,0.3
Ge4Pt2,0.31
Ag8O12Se4,0.37
CInNd3,0.23
Co2HfSn,0.3
Ca2Mn2Si2,0.19
B4Co4Re4,0.33
Ag3Pb3Y3,0.27
As2Nb2Si2,0.22
Au3Dy3In3,0.28
In2Na2Te4,0.3
Mn2SnW,0.3
Br6U2,0.34
H2Pr,0.28
Ag2Dy,0.32
Hf3Te2,0.21
Cu2GaSr,0.29
Cu2NiZn,0.32
Ba3Bi3Na3,0.22
CKN,0.36
Ge6Nb3,0.2
I8Ti2,0.24
Al6Ce2,0.18
Ru2Si2Y,0.27
C3B12,0.19
Cr10Si6,0.25
O2Pd,0.46
CuF2Li,0.3
HgO2Pt,0.33
Mn4P16,0.23
BaGe2Mg2,0.19
Au2PaPb,0.34
Er2RuZn,0.33
FeHf2Ir,0.34
B4S6,0.19
BeRu2Si,0.27
Al3Ta,0.19
Nd3Sm,0.23
NbO3Pr,0.42
Br2Li2,0.3
CdHgTm2,0.36
AsEuO3,0.24
H3Bi,0.41
Ag3N,0.45
O12Zn12,0.53
K,0.6
MgPPd5,0.32
RhSbU,0.36
Ge4Hf2,0.24
Hf12Sb4,0.31
N2U,0.33
Mn8O20Sm4,0.29
Cu2Ti2,0.3
Ge4Rh4,0.28
Cu2Fe4Ge4,0.29
Al12Mg17,0.29
As8Cu4O16,0.26
Ba4I8,0.33
S8Sb4Tl4,0.33
Cu4K4S4,0.35
Br2Na4O,0.23
B2LuOs3,0.29
Ir4Sr2,0.43
Ru2Si2Yb,0.28
P4Sn2Zn2,0.25
CuO4Sm2,0.32
Ca2Ir2O6,0.3
As2Pd2Sr,0.32
Na4O6Si2,0.26
Na4O12Ta4,0.2
BaO3Ti,0.64
Cu2LuSi2,0.25
O16Sb8Zn4,0.36
Cs2CuO2,0.66
Bi2DyIO4,0.27
Ag4S2,0.35
F9Fe3,0.3
Bi2Br2Cd2S4,0.26
BiTe,0.56
C18Si18,0.16
Bi2Mg3,0.32
Au2InZr,0.41
Ba2LiO6Re,0.28
P2Te2U2,0.22
Ge3O6,0.21
Li2O4Zn2,0.28
GaLiPm2,0.26
Ir4S6,0.28
HoLuMg2,0.27
GeMgRh2,0.32
CdLu2Tl,0.36
Au2MgY,0.4
BaSrYb2,0.24
AgBiS2,0.37
P2Se2U2,0.31
AuO2Pd,0.56
C2As2Nb4,0.26
Ag2Rb10Se54Ti12,1.6
CrFe3,0.18
BLaPt3,0.5
CMg6Zr,0.3
Cl3CuK,0.31
BaSe,0.31
GaLiSi,-0.01
Al3Si2Tm2,0.2
Ge4Y4Zn4,0.21
Cu4Ge2Mn2S8,0.33
Al4Eu4O12,0.25
H2Cl2Sc2,0.28
Cu4KS3,0.32
Au4I4,0.18
Cl6Cs2Ti2,0.27
Br3GaLa3,0.27
Au2O4Y2,0.4
B4HfNb,0.18
Ni3Ta,0.31
CaMg2N2,0.21
B2N2,0.21
Pu16,0.31
H2K2O2,0.35
SrZnZr,0.56
Bi2MoNb,0.19
BrCuV2,0.53
AuBi2Os,0.19
Ca4Mg4O16Si4,0.27
InSb,0.3
Mg8O16Ti4,0.29
LiPdYb2,0.33
CdLuRh2,0.34
GaSc2Zn,0.25
Mn3Sc3Si3,0.24
LaMgTl,0.37
Ho6Pr2,0.26
CaNaTl2,0.32
CoMg3,0.27
AlFe2Hf,0.27
HfSe4Te,0.21
NSc,0.35
Mg2Se2,0.23
Tm3,0.22
CB2Co2Tb,0.34
Fe2Zr4,0.38
S2Sn,0.21
ReSi2,0.28
Al3Pd3Y3,0.39
Cu6Sn2,0.34
AuCdSb,0.41
SrTe,0.25
Ga3U,0.26
NaPb3,0.54
Pb4S4,0.26
N3Na,0.37
NTa,0.33
Pt3Zr,0.3
H12B2N2,0.31
In2MgTe4,0.28
B2Gd2O6,0.38
Cl6Cr2,0.32
Cl12Tb4,0.27
Se2Sn,0.22
Li4O20P4Ti4,0.25
Ba2NbO6Y,0.26
Ba2Pt4,0.33
I2O2Sm2,-0.28
O2ScTl,0.35
Fe4O16Ta4,0.29
AlEr2Mg,0.24
Cd2NaPt,0.41
Cd2LaYb,0.28
Li2MgSn,0.26
IrLiTb2,0.32
N8Si12,0.28
Ga2Lu6,0.27
Re3,0.3
AlGaN2,0.25
NPd,0.53
Sn3Y,0.4
AgSbTe2,0.34
Ba6N2Sb2,0.32
Pt2Ta2Te10,0.26
PrSe,0.33
Cu4O16S4,0.31
O6Pb2Se2,0.45
In3La,0.47
LaP,0.27
Tl3Y,0.37
AlNi3,0.29
Cl6PtS2,0.24
Cu5Ho,0.34
GaPd2Sc,0.41
Al2LiPt,0.31
Fe2Nd2Si4,0.22
Ag6O8P2,0.42
Pd2Si2Tb,0.31
Ir2Si2Y,0.25
Ge2Nd2Sc2,0.24
Ag4Cu4S4,0.33
CS2Ta2,0.22
Ba2Rh4,0.36
B6Mg3Ni9,0.3
LiNa2Ta,0.21
GeReSn,0.37
Cl2Dy2O2,0.29
I2K4O,0.1
Al6O12Y2,0.22
P6Sr6,0.25
CaO3Sn,0.15
Fe2O8V2,0.27
LiOsPm2,0.34
GaRh2Tm,0.33
CdRh2Tm,0.34
Re2TaTi,0.31
CuRuSm2,0.31
CdHgO2,0.41
Sn2Te2Zr2,0.23
Mg6Sm2,0.28
CrMg,0.32
K3Mo,0.42
InO3Rb,0.45
Li2Si6,0.45
GaLi3,0.01
Li3Zn,0.34
Ce2PbZn,0.38
MgNbRh2,0.5
SmY3,0.28
Cd2DyY,0.32
PSc3,0.19
HMn3O6,0.29
Fe3Ni,0.33
Ba2O2,0.31
CuLiO,0.37
COs,0.46
Ba3NSb,0.34
CdO3Os,0.45
Pb2S2,-0.08
BCaMg6,0.59
Br2Cl2CrRb2,0.29
Cs2N4V2,0.32
N6Re2Sr6,0.29
Pt7Sb,0.43
Sb,0.49
Sb6Zr6,0.25
Cd2Se2,0.35
Hf2Te10,0.26
Be12Mo,0.11
DyLiS2,0.24
Nb5Se4,0.3
CeNi5,0.31
O8Sr2W2,0.3
C2Co2Tm2,0.31
Ce2Fe2Si2,0.34
Pd12Si4,0.37
C2Hf4In2,0.21
O28P8Pb8,0.31
Hg2I2,0.32
Al2Cl8Cu2,0.29
Ca3Li3Sn3,0.19
Cl12Mn4Tl4,0.34
Ba8Bi6,0.29
Rh2Si2Tb,0.26
In3Rh2Sr2,0.31
Ce2F2S2,0.19
Ba2F8Fe2,0.32
S3Zn3,0.3
C4H4O8Tl4,0.29
Al12Ca6O24,0.27
N16,0.33
As2CsRu2,0.3
H2Li2O2,0.33
Nb6Pd18,0.32
AlF6Na3,0.27
Li2Si4Y4,0.23
Nb2P2Se2,0.25
Sc10Si6,0.18
Li4Sn10,0.38
Ag4P8,0.32
F3Ta,0.4
F6SbTl,0.2
Co2F4Li2O2,0.28
AgIrSc2,0.36
PtScZn2,0.35
Rb3,0.38
K2O5Rh2,-0.27
AlRh2Sc,0.28
CdO6Sb2,0.31
Rb3Sr,0.19
Hf2MnRh,0.3
RuSi3,0.4
RbYb3,0.29
ErTl2Y,0.35
Pm2RhZn,0.36
Cu2Li2O4,0.28
Fe4P4,0.24
EuSe,0.4
CoNb,0.34
CuPd,0.35
Ba6Li2N2,0.46
K2Pt4Se6,0.29
Ge4Mg4Sr4,0.19
ErPtSb,0.3
NbS2,0.25
Ni2SbZr,0.38
CGeMn3,0.29
Fe2Ge2Y,0.3
PbSe,4.05
Li3N,0.23
Na2Pt4,0.27
BiU,-3.09
IK,0.39
AgI,0.35
H6AlK3,4.0
B6Sr,0.2
Al3Ho3Ni3,0.32
Ga6Ti4,0.2
PtSnTi,0.32
B2Ru3Tb,0.29
Ge2,0.19
Co2Ge2Th,0.31
P2Ru2Sr,0.21
In6Li26,0.2
K12O16P4,0.29
Al13Os4,0.28
Al4Au4Ca4,0.31
Be44Re2,0.09
C9Si9,0.16
Mg2O6Si2,0.24
HgPt,0.39
ClCuRe2,-7.79
Cl6Na3Y,0.3
Nb,0.45
Hf8O16,0.3
Ac2I6,0.3
O3TaTl,0.3
LiRhYb2,0.3
Au3Rb3Sb2,0.34
AsY,0.22
CdGaY,0.5
GaTm2Zn,0.26
ErIn2Pr,0.33
Nb3Ru,0.3
Mg3Ta,0.24
BOs,0.23
FeNb3,0.36
C2Sr,0.33
CrFe2Si,0.55
Cr2N6Zn4,0.33
BaIr2P2,0.29
CaSn3,0.25
Si2Zr2,0.23
KLaS2,0.25
Be3F6,0.05
O2Tb2Te,0.3
AsTh,0.31
C4O12Pb4,0.33
Ir2V6,0.28
Cu2In2Se4,0.32
AsTb,0.23
Bi2Cu2Sr2,0.22
BLaRh3,0.32
Cu2Hf10Sn6,0.28
Nd2O3,0.32
O3SrZr,0.26
CuFePt2,0.33
Cu2La2O2Te2,0.34
F6MnNaRb2,0.05
Br3CsYb,0.26
Ca10F2O24P6,0.29
KO5S2Ti2Y2,0.32
O4SnTi,0.37
Ba2Cd,0.23
CuRuSc2,0.33
CoTcTi2,0.29
Au2TiZn,0.41
Ag2MgSm,0.5
CMgN2,0.34
CoPt3,0.32
Ag2GeLi,0.36
BGeO3,-0.23
B28Mg4,0.13
B2Si2,0.68
Al2SmY,0.27
AcSrZn2,0.21
STh3,0.42
AlFe2,0.36
Ac,0.26
Au2Dy2,0.4
Co4Na8O28P8,0.34
AlCu,-2.58
Hf2N4Sr2,0.33
Li3Pd,0.36
Cr6Ru2,0.34
AlBaSi,0.19
Er3Ge3Li3,0.18
Ni12Ti4,0.28
AgLi2Sb,0.3
CdYb,0.27
B2O6V2,0.29
AgNiO2,0.37
Pd34Se30,0.38
Cu4Se8,0.32
BrK,0.35
Cd8N16O48,0.31
Ag6Li2O4,0.38
As2Ba4,0.25
MgNi2Sn,0.33
NiSbTm,0.2
Li24N16Sc8,0.23
ClKO4,0.42
BiNiTm,0.25
Cr3Te4,0.27
CoFe3,0.28
H8Mg2Sr2,0.22
F2K2O4S2,0.26
Si8,0.3
ErO2Rb,0.25
B2CoW2,0.24
Be4O4,0.18
O3Rb2Sn2,0.2
AgAuMg2,0.31
FeGaRh2,0.67
AgGeYb2,5.91
Be2CuPt,0.35
Cu6Si2,0.34
K4O2,0.3
AgHgNd2,0.38
HfPr3,0.26
InLi3,0.08
PdTcZr2,0.34
CuSc2Zn,0.3
HoYZn2,0.32
AuCrO2,0.33
AlTi2Zn,0.42
Co2Cr2Fe2Ni2,0.25
CCe2Re2Si2,0.29
AgMg2Sm,0.36
CDy2,0.29
AlN,0.17
ErF6NaRb2,0.25
Sr2,0.26
Fe,0.47
AlN,0.24
Se4W2,0.13
Se4Tl4,0.31
Fe4Ge2,0.38
Ce2Cu2Si2,0.27
Bi2I6,0.27
Nb2O4,0.32
Li2MgTl,0.3
C2N2Na2,0.3
Dy4Tl2,0.31
Al8Ce2Ni2,0.23
AgAuCd2,0.49
FK,0.26
Ca2O6Pt2,0.3
Ce2Os2Si2,0.31
Ag2InLi,0.42
Au2InSm,0.42
Se2Zn2,0.22
Ga2Ni4,0.35
Na20P12Si4,0.26
AuBSi,0.99
AgAsRu2,0.7
CCdO3,0.3
O8Re4,0.27
Li4NbO4,0.28
K2O2Rb2,0.4
Pm2RuZn,0.36
Hg2NaPm,0.36
CdHo2Os,0.36
IrNd2Pd,0.37
AgCa2Pb,1.03
BeHfRh2,0.36
NiTcTi2,0.32
Hg6Sm2,0.34
GaLa2Zn,0.3
RbYb3,0.24
CdZn3,0.52
Bi3Hg,0.67
Nb2P2,0.28
FNSn2Sr6,0.26
BaHfO3,0.23
Al3V,0.31
Ba3Sb2,0.27
C5B,0.15
Ce2O4,0.34
F6Re,0.93
BePd,0.93
Be8V4,0.17
C2Al2Sc4,0.24
Al8Y12,0.26
AgFeO2,0.36
HfO3Pb,0.28
Se12Ta4,0.21
BaNbO3,0.27
AuLi2Tl,0.35
Cd6Tm2,0.28
Al2LiRh,0.29
GeSe4Zn2,0.24
Ag2O2Pd,0.42
Cd2In4S8,0.34
Cl6Eu2,0.32
EuMn2Sb2,0.29
HgInW2,0.98
Ca2Mg2O12Si4,0.24
Mg3Y3Zn3,0.28
O2Ti2,0.22
CuHgO2,0.34
AgSnYb2,1.01
HgK4P2,0.28
HgSe,0.46
PtSnV,0.43
Au3Pd,0.43
Mg2ScY,0.26
AgBO3,0.43
C2Ca,0.5
N8Na12Os4,0.28
Te4,0.41
Hf2Si2Te2,0.16
MnTe,0.36
As8Ir4,0.24
CNdRh3,0.33
Al18Co4,0.22
BaCoEr2O5,0.27
K12Mn4O16,0.64
C4O8,0.27
Pd3Pr3Sn3,0.29
Pt2Ti6,0.34
HTa2,0.35
Cl6Rb2Zr,0.29
Co4Ge8,0.26
Cu2Nb2Te4,0.27
Ni4P4Th2,0.3
GdS,0.29
Rh12Si16,0.29
O2P2Sm2Zn2,0.26
Nb2O8Sc2,0.34
Al2F8Tl2,0.29
S28,0.27
NpSe,0.44
Cu6NaO8,0.36
Cs3F6Y,0.29
Li4O20V8,0.29
Na2O19Ti9,0.3
AlIr2Sc,0.27
AlMoTi2,0.37
Rh2SnTm,0.23
In2Ti6,0.32
As6Ge6,0.2
CdLi3,0.29
Ti2Zn,0.29
PrPt5,0.32
B2Ho2Ni8,0.29
BeRh,0.29
Ga3Ta,0.2
BPrPt3,0.33
Ca2Pd2Sn4,0.33
CeMgZn2,0.22
Pt6Si2,0.37
Ni3S3,0.3
As4Pt4Y4,0.32
C3Al4,0.21
DyPPt,0.33
Ge2La2Mn2,0.31
Co4Mn4P4,0.27
O12Pb4Sr4,0.3
Co2Se4,0.28
Fe6Sn2,0.32
In4Pd2Sr2,0.29
AsU,0.36
ErNiSb,0.21
Co4Si4Ti4,0.27
NNd3Tl,0.43
Fe4Sc4Si4,0.31
Cl6Rb2Ti2,0.3
B4Ir4Pd4,0.36
Mg8O16Si4,0.24
CO5U,0.07
Br8Sn4,-0.08
Ag3Mg,0.48
B2Ru3Th,0.32
Br6In2,0.28
Au4Ba4,0.32
Co2Ge2Lu,0.27
InIrSi,3.27
Ni2V6,0.3
O2Se2Zr2,0.28
F6K2Pd,0.33
AlPd,0.35
AsAuBa2,0.23
CaCd2Pm,0.31
AuLiSc2,0.26
HfNbTc2,0.31
NaO3Pa,0.31
PtTm2Zn,0.31
Ge4Mg2Tm4,0.22
Au2PmYb,0.34
PtSiTi,0.32
Na,0.48
Lu2P10,0.21
Ac6Th2,0.24
NOSn2Sr6,0.05
Mg2Sc4Se8,0.34
BTc,0.35
Ba3N2,0.26
NNi3Sn,0.3
CPt3Y,0.72
As2Na2OTi2,0.39
Cr2N4Na2,0.29
BaPdSn3,0.3
Na,0.31
TeTh,0.24
Ni3Pb2Se2,0.32
Fe2Nb8Si2,0.31
Hf4Nb4P4,0.27
Pb,-0.0
Os2P4,0.2
Fe5Th,0.27
Cl2Sc2,0.31
Al4Sr,0.26
Fe3Se4,0.26
B4Os2,0.27
Al4Cu2Mg2,0.24
AuMn2,0.31
BiLuNi,0.23
O12Sc4Sm4,0.29
CeGaO3,0.47
AlCuO2,0.28
KNbO3,0.23
Sn3Th,0.38
Ca6O18Si6,0.28
Al2Cu2S4,0.26
Cr2Cu2O4,0.33
Ag2CeSi2,0.26
C5Si5,0.16
Ca4Te4,0.26
Si6V10,0.36
LiRh,0.31
O16Ti4V4,0.28
K2O8Tc2,-0.2
Se2Ta,0.3
AcMgTl2,0.47
AgSc2Tc,0.32
CuIrNd2,0.35
Rh2SnZr,0.92
Ga6Sm2,0.24
Co2GaSc,0.26
NpSn3,0.07
BaZn,0.21
Au3Ni,0.43
Rb3Sm,0.38
Al2CoOs,0.27
AgCl3K,0.34
Ge2Hg4O8,0.33
HV,0.59
Li4Mn6O12,0.24
Ca4Mn4O8,0.26
AgN,0.49
AsBa3Bi,0.29
IrO3,0.27
H4Ti2,0.4
Al8Ce2Co2,0.24
Ge2Nb6,0.38
Fe3Pt,0.4
C2Ga2Sc4,0.25
Si6Ta10,0.24
Br2Cs2F2,0.16
Bi2CaMn2,0.32
Al3Dy3Ni3,0.35
Li14Sn4,0.16
Ag4S2,0.34
Bi2O2Se,0.35
Li4S2,0.23
O7Sc2Si2,0.3
CoF4Rb2,0.38
As4Fe4S4,0.18
Li3Sn3,0.27
Au4Ca4Cd4,0.34
Mg4Zn20,0.4
AlO4P,0.19
Co4Nb2,0.29
CdCl2,0.35
CaCu2P2,0.32
O2Pt2,0.4
Ba2O4Zr,0.27
F8HfNa3,0.32
CoTcZr2,0.31
IrNiTi2,0.47
Ag2MgY,0.4
Al4Li4Na8P8,0.22
Ru3Sc,0.34
Mn3Ni3P3,0.3
Li3Nb,0.14
InYb3,0.26
AuHgLu2,0.35
TaYb,0.32
CoV,0.35
ClIO3,0.42
MgRh,0.28
Ir2Nb2,0.32
HoPtSb,0.3
Co4Ta2,0.29
CrO4Sr2,0.19
FeRh,0.32
EuTe,0.47
BaMn2P2,0.26
Li2Mn2O4,0.33
OTi,0.37
ErIr,0.33
I8Pt4,0.15
Br7Nb3S,0.21
As4Te6,0.22
B2Ru3Tm,0.28
I4Pb2,0.28
Ga6,0.43
ErZn5,0.25
CeCo2P2,0.25
Ge3Mn3Pd3,0.38
TcTlZn2,0.73
Cu12Er4Te12,0.27
N4,0.36
Cu4I4,0.33
Cd2In4O8,0.36
Al36Mg6Ti4,0.23
C2Mn2O6,0.31
Co4Ti2,0.27
PPtTb,0.32
AsCa3N,0.14
B2Pd4,0.38
CaSb2Zn2,0.31
Cu4Li4S4,0.32
NbO4Ti,0.41
Ho3In,0.25
O3OsSr,0.35
F4K2Zn,0.3
AgTm2Zn,0.3
GaLi3,0.27
Mg2W6,0.43
AlCdSm2,0.28
CY,0.4
Nd2Pd2,0.34
Pt6Si3,0.41
Ca4Zn8,0.25
DyN,0.21
OTa,0.36
K2NiO2,0.28
CInTi3,0.24
O3PbZr,0.33
Cd4O12Ti4,0.31
O16Te8,0.21
Ir4Mn4Si4,0.3
Ni9Ti9,0.39
DyRh2Si2,0.27
Cu4S4Ti,0.29
IrLaSi3,0.27
Fe4LaSb12,0.24
CeFe2Si2,0.28
H24O24Te4,0.23
FOPr,0.3
Pt2Si2Sm,0.38
C2Cs2Pt,0.31
Te4Zr4,0.28
Hg,0.36
C2CaK2O6,0.31
Bi2LaO4,0.36
Co4Si4,0.27
CsCu4S3,0.32
CrNi2,0.29
Na2Nb2S4,0.24
DyPd3,0.33
AuCu2Pd,0.55
Rh2YZn,0.35
Cu2O2S2Sr2Zn,0.26
Ir2NdY,0.51
Li3Pr,0.61
Au6Ni2,0.43
MgPm2,0.28
ErYbZn2,0.25
CsIrO3,0.02
H6AlCs2Na,0.43
Co3W,0.27
Al2Na2Se4,0.39
HgPPt5,0.36
Hf4Pd4Si4,0.27
CaCd,0.29
Al8CaCu4,0.22
P2V2,0.23
Pt4Sc8,0.36
N4S2Zr4,0.31
Mo10Si6,0.29
LiSe2Tb,0.23
S4Y2,1.35
Fe4Zr2,0.29
Ge4La4,0.25
Al3Np,0.14
Ir3Ta,0.23
Pt2V2,0.26
BaFe2S4,0.3
H8Br2P2,0.28
C2Li4O6,0.29
B2Ce4N5,0.23
CaMn2Sb2,0.3
AgAsSe2,0.34
Li2NaSb,0.19
O14Ti4Y4,0.28
GdNiSb,0.23
Cu3S4Sb,0.33
C8Si8,0.16
Ir6Ta6,0.34
Ca3NSn,0.26
Nb2Zn32,0.33
Li5O5Ta,0.21
Mn6P24,0.21
B4W4,0.26
Zn2,0.27
NdO2Rb,0.25
Pa2Pd6,0.35
Au2NdTl,0.55
Al16Ni7Ti6,0.22
PrYbZn2,0.25
InPd2Ti,0.46
Li2SiYb,0.19
CdLi3,0.36
Co2Na4S4,0.3
BaNaSn,0.44
AuPdZn2,0.41
AgCdLu2,0.36
CLi3,0.24
Mg3Na,0.54
Al6Cu3Yb3,0.25
H4Pd3Sc,0.45
AsF6Rb,0.44
AuDy2Ir,0.36
Cr3Se,0.31
AlAs,0.39
N6W2Y2,0.29
Co2Sc4Si4,0.24
CTh,-3.94
CrNb3,0.49
HEr,0.24
Cr3Fe,0.43
H2Th,1.14
Ca2Si,0.23
AlLi2Y,0.69
Ca6N4,0.27
CeMg,0.36
Dy3,0.23
CRh3Tm,0.32
HgS,0.19
Co6MgP4,0.29
GeTh,0.28
Gd,0.61
Ir4Sb12,0.25
MgPPt5,0.33
CdLi2Sb,0.34
Cd4Cu8,0.36
Cs2I6Pt,0.27
BaBi3,0.33
H2Ce2Se2,0.22
Nb3Si6,0.18
Ga2Li4,0.16
GaLi2Rh,0.27
BiNiY,0.24
PdTm,0.35
Na4O14Ti6,0.31
Cu2HoSi2,0.23
I7Nb3Te,0.22
Mg3Ni2Tb2,0.32
Mn12Sn8,0.2
Al8Ca12O48Si12,0.24
Cu4Mg4P4,0.28
Mn2Sb2,0.2
Ag2AlPm,0.42
MgOsSc2,0.39
IrRuSm2,0.35
CdPd2Sc,0.45
IrNd2Zn,0.36
B16Er8O48Sr12,-0.01
CeS,-0.1
B2P2,0.15
Mg2P4Sn2,0.3
CdO3Ti,0.4
Ce2O4,0.25
Ga3Mg3Nd3,0.19
CuNiSb2,0.32
Au5Rb,0.34
Ca6GeLi,0.43
Al4Au4,0.36
Al6Zr4,0.24
Pr8S12,0.3
Al8N16Sr12,0.28
Mn2S2,0.22
BiGaO3,0.27
Bi2In4,0.41
CuDy,0.3
Co4Ho2,0.39
CdF2,0.37
Ga3O7P,0.32
S12Sc8,0.23
HoPd2Si2,0.32
BaP2Ru2,0.27
As4F24Hg8,0.35
C2Ca2O6,0.44
Sn,0.38
CK4O4,-2.14
Re8Si14,0.2
Cd2Sb4Yb4,0.24
Li2NNa,0.21
Ni2Si2Yb,0.25
CaF8LiU,0.36
N16Si12,0.26
Ba8Cu6O18Y2,0.29
Ce2P2Pd2,0.29
NbSe2,0.26
F12Li4Ti2,0.25
Ge2Hf2S2,0.24
K2PtS2,0.29
Cu2Si2Tm2,0.23
AlFe2W,0.37
ReScTc2,0.3
Tc,0.31
GaMnPt2,0.61
GaMnRh2,0.3
CuOsSc2,0.32
CdRh2Sc,0.34
Ac6Yb2,0.28
K3Zr,-0.95
Mg2RhZn,0.35
DyHg2Yb,0.29
BeK4P2,0.18
C2CoSm,0.27
NPd3,0.55
Co2GaNi,0.36
MnSb,0.34
Ni2Pr2Sb2,0.31
C4Ba2,0.38
CuTi,0.35
HfOs,0.28
VZn3,0.26
TbTe,0.36
KSe6U2,0.24
GaO6Sr2Ta,0.25
CV,0.23
Li96Si56,0.16
Au8Sn16,0.36
Ba3Co3O6,0.33
Ag3O4V,0.24
Mo4Zr2,0.36
Fe2Nd2Si2,0.2
Cu5Sr,0.34
Co6Sc4Si2,0.28
Cr3Se4,0.28
I4Pd4Te4,0.29
Cs2I6Pd,0.33
BiBrTe,0.24
Ge4N4O2,0.28
S2Ta,0.33
C8Rh2Sc6,0.23
Bi2Ti4,0.36
H8B2KNa,0.27
Ir2V2,0.31
Li2Pd4Sn12,0.35
FeMoNi,0.54
IrOsTc,0.44
Al16O24,0.25
Na8P8,0.3
O6Zr12,0.28
Er6RuTe2,0.3
Na6O3,0.27
O2RbSc,0.25
BaP2Rh2,0.29
Au2GeLi,0.44
AlRu2Si,0.3
Co3Pa,0.32
Co2NbZn,0.36
Fe6Re2,0.26
IrTm2Zn,0.32
I6Tm2,0.24
AsNa3,0.29
Nb2S4Sn2,0.31
Sm3V,0.27
O3PdRb,0.33
Ca3Rb,-0.14
H24B24Na4,0.27
Ce2HgZn,0.39
NRe,0.45
AuN,0.42
PbPt5Si,0.35
Ag2CdI4,0.36
Pt4Sm4,0.35
GeSe,0.19
In2Lu4,0.27
Ce3Ga,0.25
As2Fe4,0.36
Co2SiV,0.34
C4Ce2Co2,0.27
GaNi2Ta,0.4
InPd,0.38
Ga5NiU,0.24
NiSnTh,0.29
Bi2,0.31
Ba4Br8,0.33
F12Mg4Na4,0.25
As8Hf4,0.23
Cl16Sn4,0.2
GaNi2Ti,0.39
Au2K2Te2,0.25
Co2NdSi2,0.24
Mg6Tl3,0.35
C3N4,0.13
H2Al2O4,0.28
CuDySe2,0.3
Yb,0.25
CuHo2O4,0.33
HfO4Zr,0.3
B48O6,0.16
O2Si2Zr2,0.24
N5Nb4,0.26
Al2B2O6,0.23
Au2BiLa,0.43
B6Lu2Ni3,0.21
AuSiTh,0.28
Al6Fe2,0.31
Au2Ho,0.33
HgS2Ta,0.27
Ca3NSb,0.16
Mn8Zr4,0.45
As2Se2Th2,0.3
Ga2Pd2Ti2,0.33
Ge4Ru4,0.29
N2SeZr2,0.28
B12Zr,0.17
Ca10Sb6,0.22
Ba8Mn4Se12,0.26
Cu2InY,0.33
Al4Eu2,0.21
Bi3Sr,0.36
B4Cr,0.15
Sb4V2,0.29
F2O2Y2,0.3
MnO3Pb,0.19
Pt3Rb2S4,0.34
CuFeO2,0.34
Ba6O18Ti6,0.25
Hf4P2Sb2,0.26
Pt48Si20,0.41
Hf2I6,0.31
Na2S,0.24
Ca2Cu4O6,0.32
Rh4Sm2,0.33
Li2PmTl,0.18
ErPaTc2,0.52
CdPbYb2,0.18
MnOsTi2,0.31
As2Be2Na2,0.21
In2P2,0.27
Au2K4P2,0.32
Ba6Te2,0.08
H6AlRb2Tl,0.37
CW,0.23
Se2,0.32
Pd2Zr,0.41
B4Nb3,0.21
Li2N6V4,0.29
N22Si12Y6,0.23
Al6Ca6N10,0.28
Cu3Pt,0.35
O8Sm2Ta2,0.3
MoN,2.07
Ba2Pd4,0.34
Al10Nb20,0.28
GaLa3,0.35
Sn2Ti6,0.2
Eu2,0.19
H3BaLi,0.12
InTe,0.56
Mg3Sm,0.2
Co2NbSn,0.92
Li56N32V8,0.16
DyNi2Si2,0.25
HfNi2Sn,0.37
Co2MnSb,0.29
Li3O4U,0.21
CrF6K2Na,0.31
K2Na2O14S4,0.3
S2Sn2,0.26
Cl4CrRb2,0.27
CaPdZr,-143.83
H2Li2S2,0.3
Ba4N8O8Si8,0.61
Ag2As2Sr2,0.19
Al2Si2Sr3,0.21
N2Nb2O2,0.35
F2Nb2O4,0.28
Al4O6,0.23
LiS2Y,0.25
O4Ti3,0.29
Fe2O2,0.35
CBi2O5,0.32
C3Cr2Ho2,0.31
PdPtSc2,0.35
PbPm2Zn,0.36
Al6Pm2,0.24
Er2Mg2Sn2,0.24
DyLuMg2,0.3
HgPbSr2,0.26
AlPt2Sc,0.41
BaO3Rb,0.42
Br2F2Sn2,0.54
B2Zr2,0.29
B2W,0.29
HfO3Zn,0.33
Cl2Na4,0.38
Se2W,0.21
N4Rb2V2,0.23
GaPt3,0.34
HgPr,0.36
N8Zr6,0.26
Ba2,0.23
Al2BaSi2,0.27
BaO,0.27
Na5NiO2S,0.3
Fe4Li4O16P4,0.28
In2P6,0.3
Cu4I4,0.32
NdP,0.23
As2CsFe2,0.25
LuRh,0.33
CuNaO2,0.29
Ga2O8P2,0.07
Hg2Pb2Yb2,0.35
Bi4O12Rh4,0.35
Au2InTh,0.41
H2F4Rb2,0.3
HNSr2,0.09
CrNb2Se4,0.25
F4O4Ti4,0.31
P4Zn6,0.19
Pa2Zn6,0.47
Au2GaTh,0.47
AgMg2Pt,0.34
MnRu2V,0.32
Be3Ni,-0.14
AcO3Ti,0.31
HfRu2Si,0.3
Li2PtSn,0.55
Sr4,0.54
CuPtZn2,0.44
N2Ni2,0.46
Rh6Ru2,0.31
NbTc2Zr,0.33
Ge2Pd2Sr,0.27
Nb2RuW,0.26
Ru3Ti,0.33
Au2Er2Sn2,0.35
NTc,0.42
BaMnO3,0.23
Cu2Se4W,0.27
C2AuNa,0.29
Al3Pd2,0.29
PtZr,0.46
Au4Mn,0.39
PrPt3,0.33
As4Co4,0.3
Al18Mn6Si2,0.22
Al4Th2,0.27
Hf6Rh10,0.35
CInYb3,0.47
Co4GaY4,0.35
Nb2P2S2,0.27
COS,0.35
Li2Se4Sm2,0.23
Cu4Mg2Y4,0.37
Ag2Fe2S4,0.38
Au2Ge2Ho2,0.27
CrF6Zr,0.98
CeGe2Rh2,0.29
Na24O16P8S16,0.28
Ge4Ti2,0.2
Be12V,0.1
CoCs2F6,0.31
BeLaOs2,0.74
CrHgNi2,0.54
AlMnTc,0.52
GaNNd3,0.38
Co4La12,0.34
Cu4Na4O4,0.3
CuO4Y2,0.32
CuPr2Ru,0.35
Ac2HgSn,0.35
IrSm2Zn,0.33
LiPdZn2,0.39
B12Sc,0.16
Al2Ba3Si2,0.24
HoLiSn2,0.22
Mg2TmY,0.29
CAg,0.66
BeCsF3,0.37
RhTi2,0.28
Cu4Hf3Si4,0.27
HfN2Na2,0.26
Cd3Nb,0.31
Au3Cd,0.44
S4Sc2Tl2,0.27
B2V,0.17
O8Sc2V2,0.41
AgCrO2,0.35
Fe2O6Ti2,0.37
HgLi,0.28
Ce2Fe4,0.41
Co2Ge2Nd2,0.27
Pb4Pt2,0.4
Ce4Pb2Pd4,0.39
Pd4Sn4,0.34
B2Mo4,0.29
Cl6HfTe4,0.39
Ni2P6W4,0.28
AgPt3,0.36
Cu5Er,0.4
Er2Sn4,0.26
Ca4Ge4Pt4,0.32
In2IrLi,0.14
RuSbTa,0.32
C2Ca2O6,0.37
C2Ba2O6,0.32
O7Si2Yb2,0.35
Ge12Ir3,0.28
As2Fe2Mn2,0.34
Cs4I12Pb4,0.3
O6Ti3,0.13
F2Sb2Se4Sr2,0.34
As2NdNi2,0.26
Ag2InSm,0.35
Br3CsGe,-0.08
Bi4Th2,0.32
NaNbO2,0.33
Cu8S4,0.36
Al12Ni4,0.26
F3HgRb,0.37
H2Dy2O4,0.26
O4Sn2,0.28
AgLiMg2,0.25
MnRh2Zn,0.34
AlMn2Re,0.29
Cu3Hf,0.42
HoNbRu2,0.33
Rh2Se2,0.4
As2BaCu2,0.29
CrGeRh,0.46
Th3Yb,0.25
CdLaO3,0.35
Li3Mg3,0.24
Ca6FIn2N,0.17
HMgNi,0.33
NRh,0.5
Sb2Y,0.46
KMg6Ti,0.25
InPt4Tb,0.34
Pu,0.62
PrSb,0.47
Re8Th4,0.49
BaNiO5Pr2,0.29
Co4Ge4,0.27
Ar,0.34
H8Ba4,0.26
DyPt2Si2,0.46
Dy2Sb2Zr2,0.31
B2ErIr3,0.28
Bi2ErIO4,0.26
Ba2CuF6,0.32
F3RbV,0.27
F12K4Mn4,0.31
Cs3F6Tl,2.5
Fe2P8,0.17
As2Cr2,0.2
Cu6I6,0.29
Al6Ca6Si6,0.22
Au2Tb,0.34
Mg4Si2,0.41
MgY,0.29
Cu2InZr,0.31
LiScZr,3.7
C2Br2Y2,0.31
Be2NiRh,0.27
GaIr2Mg,0.28
AgHo2In,0.33
Ag2CdTh,0.39
Mo2N2Ta2,0.26
Cd6Na2,0.29
InSb3,0.47
ErSmTl2,0.35
Cl6NaRb2Sb,0.31
SSn,0.56
Se2Ti2,0.24
B2Co3Zr,0.27
Ir2Sb2,0.34
BMg6V,-0.24
CsMn2P2,0.25
Ga3Hf,0.22
Nb3Te6,0.22
Nd4,0.25
Hf5Te4,0.3
F3La,-0.76
C3Ce2Mo2,0.25
Ba2Cu2P2,0.23
Ca,0.5
AsY,1.46
O16P4V4,0.24
BaCoO5Sm2,0.29
C2CeNi,0.29
As4Rh4V4,0.32
InOPr3,0.24
CeSb,0.42
Bi8O12,0.08
Al5Cu5,0.25
Pd4Si4,0.33
C2B2Mo4,0.26
O8Si4,0.16
F16Te4,0.26
P2Ru2Yb,0.18
ClTl,0.36
Au4Br4,0.34
Ni2Se2,0.35
Ir2Si2Tb,0.25
AlFe2V,0.24
As2Mg2Na2,0.25
H3EuPd,0.33
ErO2Tl,0.31
BiO4Sn,0.37
KO2Yb,0.36
Cu4Li4S4,0.34
Ge2,0.27
AlO4P,0.13
GaLiO2,0.23
F6RbRu,0.9
Ac2CuIr,0.41
K2PtSe2,0.28
CuLiPd2,0.34
LiOsY2,0.31
BiPd2Pm,0.5
Ag2AlY,0.4
AgLi3,0.43
Si6Tb4,0.3
HgO3Sr,0.22
As2Fe2Rb,0.27
BiNa3,0.3
Ir2LiNp,0.42
O5P2,0.24
SiTi2,0.55
C3Ta4,0.31
Li10N8Os2,0.27
C2PdRb2,0.31
Ge2V6,0.37
CsO2,0.37
O12W4,0.01
O16W6,0.26
Ni2O12Sr4W2,0.33
Al4Ce2,0.22
Hg4Th2,0.27
Br4Ca2,0.3
CdTe,0.33
Rh4Sb12,0.26
Er6O9,0.3
O4Zr2,0.37
Cu8P16Si2,0.25
AsCuSe2,0.35
B2DyRu3,0.28
Al3O12P3,0.08
CaNi2P2,0.23
O12Pb4Sn4,0.31
C14B56,0.17
CeCu2Si2,0.2
Cu2I2,0.24
H6PtRb2,0.28
S4Si2,0.19
AlO3Yb,0.29
F6PtRb2,0.3
CaPmPt2,0.33
Mg2PdRh,0.29
Hf2MoRh,0.31
Pd3Zn,0.37
CuPm2Si,0.33
Ac2SiZn,0.29
Al4Na4O8,0.27
Rb3Tc,1.06
CH6I3NPb,0.31
FeRu2V,0.3
CaCl6Cs2Na,0.33
N2Rh2,0.37
Hf2Si2V2,0.31
S4Zn4,0.29
Al4Ru2,0.24
LiO2Rh,0.32
Ca8Mn4O16,0.28
Mn2O8W2,0.31
Br2I2,0.29
PdSc,0.35
Al2Mg2Se5,0.23
In2Se4Zn,0.26
NiSbSc,0.24
Mg2P8,0.24
N8O24Sr4,0.34
NiS4V2,0.26
C4O8,0.26
AlF4Tl,0.31
Ag2Er2Sn2,0.26
Re8Y4,0.37
InPt2Zr,0.45
In3MgSr,0.24
O6Sm4,0.3
F12Hg4K4,0.38
O2SeTm2,0.28
Ca2Pt4,0.31
IrLiSc2,0.33
CrIrTi2,0.32
AlDy2Li,0.25
FeLiRh2,0.32
GePm2Zn,0.31
Ag2CaLa,0.32
Ag2CdHo,0.49
Ag6Mg2,0.34
MnSiTc2,0.33
Au2CdMg,0.38
Rh2TmZn,0.34
GaTc2U,0.27
AgHgLu2,0.36
Cu2TiZn,0.35
DyMgTl2,0.44
Cu2HfZn,0.35
LuMg2Y,0.27
BiKTl2,0.38
Pb2Ti6,0.42
BeGaIr2,0.27
Al2PtRu,0.29
Te4TiZr,0.18
Al2As4K4Na2,0.18
In2Nb2O8,0.34
Ca3GeO,0.13
Au6Sc2,0.48
Os2Ru6,0.25
PrTl2Tm,0.35
Er2LiTl,0.27
Li3Sm,0.51
Al2LiOs,0.3
AuPm2Pt,0.38
Ag2AuCd,0.41
CeZn,0.3
La4Na2O12Ru2,0.38
BErPd3,0.47
GePtTi,0.34
CuKO,0.99
AsPr,5.22
Be2Ge2P4,0.15
BSc3Tl,0.21
Mn2S4,0.14
AlNO3Sm2,0.23
Ba12N48Ta24,0.24
AgSc,0.33
Zn4Zr2,0.26
O16Sn8Ti4,0.39
Cd2O7V2,0.36
Os4Pr2,0.64
B2ErRu3,0.29
Al8Fe4Y,0.22
Cd2P4Sn2,0.28
AlF4K,0.37
O4SZn,0.44
Sb4Ti12,0.28
Hg2Yb,0.34
Co2P2Sm,0.17
Fe3NRh,0.32
CoInSi2,2.94
CaIn2Te4,0.28
CTb2,0.31
BiCuLi2O4,0.27
Gd4O14Zr4,0.27
Fe2Se4,0.19
KO2Tl,0.36
OsTa2V,0.33
MnRu2Sb,0.3
AgHgLi2,0.41
GaIr2Sc,0.3
AgV3,0.38
HoSmZn2,0.32
Yb3Zr,0.26
H6AlCs2In,0.44
CrNb3,0.35
Ge4Mg4Sr4,-0.03
NbS2,0.2
Mg6MoSr,0.25
OZr,0.54
Mg2Si4,-0.17
Ag4O6,0.38
Ir3Nb,0.23
N3Ta3,0.28
Nb8O24Zn4,0.32
CPbSm3,0.41
Au4Pb2,0.29
AsIn,0.28
Co4Ge4Sm4,0.25
Cr4Fe2S8,0.39
Tl3U,0.19
Au2Dy2Ge2,0.28
Cu4InTb,0.27
O16Pb8Sn4,0.34
Ag2I2,0.39
InPd3,0.31
P2Pd2Sr,0.3
B2F8Na2,0.3
Ga2IrLi,0.35
Ag2Ge2Pr,0.25
O7Si2Y2,0.31
RhYb,0.31
Bi2Se2,0.18
Pd2Si2Tm,0.33
Cl2In2,0.29
Rh2Zr4,0.47
Ag2Al2S4,0.35
CrGaTe,0.5
F3RbYb,0.28
CdNaO2,0.32
Be4Mn8O16,0.41
Hf4O4S4,0.32
Na5O6Re,0.27
F3Pm,0.36
Ag2LaYb,0.33
GaIr2Ti,0.32
Mo3Si6,0.21
Ga3Sc,0.3
O3RbTe,0.23
Na2RbSb,0.18
H3Hf,0.21
Cl6InRb2Tl,0.35
C2Al2Cr4,0.21
NRu,0.27
HoLi3Sb2,0.18
Cu2Ho2Sn2,0.21
CoGa5Hf,0.27
Be4Nb6,0.3
Ni2V,0.32
Ir4Th2,0.35
Al4Pr2,0.23
Co2V6,0.28
Gd2O8Pd4,0.34
C2Co2Y2,0.32
Li4Pr2Sb4,0.26
BeCo,0.25
HoNi2P2,0.22
Ga32Ni24,0.3
IrY,0.33
Nd2Zn4,0.33
Dy4O12Sc4,0.29
Al2O6Pr2,0.22
Re4S4Te4,0.32
Bi2BrGdO4,0.26
Br12Cs4Pb4,0.33
Co7Mo6,0.29
Fe8Nb4,0.31
Ag8Se4,0.4
Pd2Tl4,0.38
O32Si16,0.3
B2Co2Ho,0.23
Yb2Zn4,0.3
Cs2HgO2,0.31
O6Re2,0.28
Ni4Sc2,0.32
BaHg2Pb,0.37
NbSiTc2,0.34
Cd2LiPd,0.39
Ba2CuO3,0.29
CF2Ho2,0.25
O3OsZr,1.5
NdP3,2.42
F7KTi2,0.29
Li4Mg2,0.39
AlRu2Zr,0.35
Be3Tc,4.24
Pr3Yb,0.28
Be3Fe,0.28
N16Sr24,0.31
S6Zn6,0.29
Cu2Mg2O4,0.29
Ba8Li4Si12,0.42
As2Ti2,0.27
CoMnTe,0.25
Br6Cs2Pb2,0.31
C3N,0.86
HgO3Zr,0.37
BPd3Sc,0.5
B2DyIr3,0.28
Cd2Mg2,0.3
MnZn,0.57
N3Ta3,0.25
C6Sc8,0.25
CaGe2Ir2,0.2
Cu2Ho2Pb2,0.24
InNbSe2,0.31
BiNd,0.25
MgSm,0.28
C5Nb6,0.22
La2Ru2Si4,0.29
Hf6Rh6Sn6,0.31
Mo6Sn12,0.25
Ba2Bi2Cu2,0.23
F18La6,0.33
Ba2O4Sn,0.27
CdS,0.3
Mn16Si28,0.22
Ni4Pd4Te4,0.36
Mn6P24,0.17
Nb4Se8,0.21
MnNiSb,0.32
H4Na2Pd,0.28
Se2V,0.2
Al4Pd4,0.31
NaO2Sm,0.23
CdLa,0.33
As4Pd8,0.39
CaPd2Pm,0.33
Mg2Mo2N4,0.2
Br6Dy2,0.25
Hg2NaNd,0.35
AlPaTc2,0.4
MgOsTm2,0.37
Ba2Sn2,0.26
BLiO4Si,0.18
C10Y8,0.28
HfZn2Zr,0.29
CdHgLi2,0.11
CrMg3,0.33
AgPm2Zn,0.31
Hg2PmSm,0.38
Co2Sb4,0.23
NRe,0.54
BiCa3Sb,0.25
N6Ru2Sr6,0.26
O5S2Tb2Ti2,0.31
FeSb2Sc6,0.24
Al3Ce3Ni3,0.3
B2Ti,0.13
Al3Er2Si2,0.21
Al4Er2,0.2
Ge6N8,0.3
Rh3Se8,0.25
AlCu2Sc,0.32
Fe2LuO4,0.34
Co2Mo2O8,0.34
AgLa,0.39
As2Cr4,0.31
Ir4Sn4Sr3,0.35
Au2Er,0.33
B2Ni4,0.32
Cu5Y,0.33
Co2Ti4,0.44
Lu2NiSn6,0.25
C2Na2Pd,0.31
Bi2BrO4Yb,0.32
Ga2Lu3Mn3Si,0.24
CB2Ni2Tb,0.33
AlWZr,0.37
AgMoZr,0.57
O14V8,0.3
O8U2Y2,0.22
Ag2O4Sm2,0.38
Li5S4Sb,0.23
CaF6Pt,0.14
AlFeRh2,0.41
BeGeRu2,0.34
LiPm2Ru,0.35
Au6La2,0.36
TeY,0.25
CrRuV2,0.31
GaRh2Ti,0.63
Ce3N6Ta2,0.29
Ru3Ta,0.31
Cu6Se4Tl2,0.34
Ge2O8Th2,0.33
Mg3Pb,0.39
Mg2PrYb,0.28
Ge8Li8,0.26
GaMn3,0.34
OsSi,0.31
C6Li,0.19
CN2,0.21
AsPt5Zn,0.33
Ni5Sm,0.27
PrZn5,0.27
Al2Th4,0.38
Ni2O6Ti2,0.3
As2Pb4Pd6,0.36
IrSn2,0.35
H6RuSr2,-0.05
B2N2,0.12
B6O9,0.1
Co2Dy4Si4,0.24
O18W6,0.27
Li12N8W2,0.18
H4BrN,-0.15
B2Co2Dy,0.23
K2O2Pd,0.35
Al10Mo2,0.19
CsI3Sn,0.28
Ni6O8,0.27
Cr8Te16,0.3
NaO2Ti,0.21
Co4O12Zr4,0.36
Ag4O4Rb4,0.31
Au2BiPm,0.5
IrNbTa2,0.3
Na3Sn,0.51
CdSm2Tl,0.34
S8Tc4,0.22
FeSbZr,0.29
La6Li2,0.35
Bi2O5Rb2,0.25
MgPbRh2,0.55
Ir4V4,0.28
H2O7SrTa2,0.09
Ge2Hf2V2,0.27
Cl4Cs2Mn,0.24
Al4Lu2,0.2
Ge2Ni4Sr2,0.31
CoMn2Si,0.31
Pd8Sn16,0.33
B2Er,0.14
Au2InU,0.39
Ir4Si4Ta4,0.29
BrLi,0.2
H2Ta,0.37
Si2Sr2,0.22
Au4O6,0.3
B4Cu4Ir4,0.34
Cu4NaS4,0.34
C4FeSc3,0.22
Ag4Te2,0.35
As2BaRu2,0.28
AlRu,0.28
Bi2IO4Tm,0.26
Nb4S12,0.24
N8Si6Sr,0.23
Ag2Cl4Cs2,0.37
Br6Ce2,0.28
Dy2Zn4,0.27
Al6Hf6Pt6,0.3
Cl4O8Pb2,0.28
Al3NdNi2,0.28
AlNi2Ti,0.34
Hg4O14Pt4,0.34
O3SnTa,0.42
Ir2MgZr,0.31
Ca2HgLi,0.21
AuBiCa2,0.26
Pd4Si4Sr4,0.36
CuO3Sc,0.31
Li2PbTl,1.32
GaPm2Zn,0.28
As3Sn,0.85
Ce3Zn,0.33
F6InNaTl2,0.36
GeSn,0.26
BaO3Ti,0.44
LiS2Sn,0.24
BiPu,0.46
Ca6Ge2O,0.14
Ga5NiSc,0.3
Ag2Zr2,0.31
Be8Re4,0.21
OPbYb3,0.17
Dy2O2S,0.28
Au2Ga2Zr2,0.29
Ge2Na4Zn2,0.22
O2Zr,0.31
Al2Li3,0.16
Eu2Pd4,0.31
Mn5O8,0.33
Ni3O6Te,0.29
Sn2V6,0.81
H12B4O12,0.29
Al2Mo6,0.27
Ni31Si12,0.35
Cr2NiS4,0.27
O24Se8,0.24
Al8Zr4,0.19
CaI2,0.23
Bi2Pb2Pd4,0.37
Ir3Li,0.3
PtSnU,0.35
Cl2K2O4,0.36
GeRh3Sm2,0.34
Pb4Rh2,0.33
Ni4Sb2Te4,0.29
Ba2Pd2S4,0.34
Cu2NiSn,0.35
AlNbNi2,0.39
Be2O4Zn2,0.28
As2LiO7Sc,0.29
Cl4Pt2,0.28
Rh4Th2,0.4
BiNSr3,0.17
Co2In9K,0.24
B2N2,0.21
Mo4O8,0.26
P,0.6
Ca2Ga2N2,0.14
N6Rb2,0.27
Br2O2Tm2,0.2
Li4Na4O4,0.28
Cs2O4Sm2,0.28
AcRbTe2,0.48
Au6Mg2,0.38
Mg2Y4,0.31
Au2NdPb,0.39
Li2TlY,0.33
PdTcTi2,0.34
Hg2SmYb,0.28
AcAg,0.32
CaMgTl2,0.31
Au2DyMg,0.4
K3Sc,1.23
AcO3Rb,0.28
Al16Ca8O32,0.31
Ge9Pd25,0.2
Co3Fe,0.31
AlTc2,0.26
AlAu2,0.4
Pt5SiSn,0.33
Ag2Pr2Si4,0.24
Ni3Sb,0.47
BaO2,0.28
W8,0.3
C4B4Ca2,0.23
Ga4Se4,0.24
Co2La2O2P2,0.32
C6N8,0.2
As4Cu2,0.38
Ir6Sn14,0.25
K4O6Pb2,0.31
IK,0.26
Br4MnRb2,0.35
Bi2CaMg2,0.24
Ba2O3Pd,0.28
As2BeK4,0.31
B4F16Rb4,0.32
Pd2Si2Sm,0.31
O6Ti4,0.32
C4CoSc3,0.23
Fe2Si2Y,0.26
Co4O10Sr4,0.28
BaCeO3,0.3
Pd6Te4,0.39
Bi2Ga2O6,0.31
As4Ru2,0.22
Mg2Mn2O6,0.26
Co3MnO8,2.07
Be4N8Si4,0.17
Ho2InZn,0.28
BeRu2W,0.31
Co2HfIn,0.29
AlMnOs2,0.26
GaMgNi2,0.37
InRh2Tm,0.33
AlMn2Ti,0.27
SbTc2Ti,0.31
CuRh2Ta,0.39
PbPtTi,0.35
K4Ni2P4,0.23
AgHgPr2,0.35
Au2CdNd,0.54
NbTi3,0.41
Cu3Na,0.4
AcHg2Tl,0.39
Al6O9,0.46
H6AlCs2Tl,0.13
Sb4Ta2,0.31
Al8Zr12,0.09
C2Zr2,0.26
InNiTi2,0.43
Mg6SrZr,0.21
CrN3U2,0.3
CaZn,0.31
HoIr,0.34
C4Si4,0.16
Ca3GeN,0.23
Pd3Pr3Zn3,0.34
MgS,0.22
NPt,0.49
Ir3Nd,0.31
InPt2Sc,0.48
CoGeMn2,0.3
NbS,0.27
O2Sr,0.27
Al2Cl2O2,0.21
Br2O2Sm2,0.17
Ge2Sb2Te5,0.26
F6Li2Zr,0.25
Ge2O4,0.25
Co2S2Tl,0.31
C2Co2N4,0.32
Ca9N6,0.31
Cd2I4,0.28
As2Co2K,0.23
Sn2Yb4,0.2
Se4Ti4,0.26
Co2In5Zr4,0.25
C2BN,0.09
BBe2Mg,-3.06
H6Mg2Ru,0.21
O8V4,0.27
Hg2Mg6,0.34
Li2Lu2O4,0.25
Cu2Na4P2,0.25
Al12O18,0.22
As12Rh4,0.24
AgEr2Tl,0.34
ErGaRh2,0.35
Be3Ru,0.22
GeRu2Ti,0.28
CaHg2Mg,0.33
LiSr3,0.17
CoFeGaTi,0.26
SmTe2Tl,0.25
NW,0.69
NV,0.16
BeP2Si,1.24
IrMgO3,0.48
MgPdSb,0.34
CaMg6Nb,0.26
Ga4Ti2Tm,0.26
Br2O4Pr2,0.31
Mg2N2Sr,0.2
Pd3Rb2S4,0.35
CCaPd3,0.45
Pt,0.41
Al2Cu6,0.35
O6Sn2Sr2,0.25
B2CaO6Sn,0.24
Ba8Si16,0.25
B105,0.16
B4Re2,0.18
CaMoO6Sr2,0.27
Fe2Te4,0.19
Cr4P4,0.18
Bi2Er6Mn,0.25
H8Sr4,0.23
Dy2Mn4,0.23
PRh2,0.34
Al24Fe16Si24,0.24
C4B2N2,0.08
Al3LaPd2,0.32
Ni2Se2Tl,0.34
Co2Ge2Y,0.28
As4Cd2Ge2,0.28
Fe4N,0.37
Ba4La2O12Ta2,0.33
Be24P16,0.19
Sb4Ti2,0.25
Ag2BaSe4Sn,0.33
CoCrNb,0.49
AlB4Cr3,0.21
Br,1.14
Ba8Ge4O16,0.3
O3PrTl,0.37
N4Nb4O4,0.33
Al4O6,0.32
Na2O4U,0.3
Al2Se4Zn,0.24
CaLaMg2,0.27
PtRuSc2,0.32
Au2LiPm,-1.56
LiPm2Rh,0.35
Zn6Zr2,0.33
Ru2ScV,0.3
Sn46,0.27
CaMgSn,0.43
CuPt2Zn,0.39
AgSm2Tl,0.38
FHg3,0.53
CaCsO3,0.11
In2LaPr,0.32
CaO3Rh,0.34
Ge2Ru2Sm2,0.29
DyInPt4,0.34
Al3Ni2,0.23
C4Ti8,0.26
AlSm3,0.26
Ir2Mo2,0.26
Li2S,0.18
Co4O24Pt12,0.33
Br6Cs2V2,0.31
Cd3Ce,0.33
Cs4Mn6S8,0.29
Li4O6Ti2,0.21
Si8Sr4,0.28
Nb10Si6,0.34
Ge3Li3Zn3,0.24
Li12Mn2S8,0.25
AlF4Na,-0.6
Ag2CaGe2,0.27
Rh2Si2Tm,0.27
GeLiPm2,0.28
V,0.55
IrNd2Ni,0.38
HoNaTl2,0.23
Ga2IrRh,0.36
Ag2CdLa,0.49
HfPtSi,0.46
AuHo2Ru,0.36
Pd2Tb2,0.34
B4Co2Mo,0.25
Ga4Ni2Sc2,0.26
HfTc,0.33
Ca2Li4,0.29
Ba2Cu2F8,0.34
CePb3,0.34
Fe6Ge2Zr4,0.26
F3PbRb,0.33
DyPd,0.35
Cl6Gd2,0.28
Si2Y,0.58
SeTm,0.37
LuRh2Si2,0.26
Er2O8Ta2,0.28
AuCuZn2,0.5
As2Au2Ca2,0.3
Mo12N4Ni8,0.28
C2Sn2Zr4,0.24
As2Te2U2,0.26
Ce4Mg2Si4,0.15
Bi2ClErO4,0.29
B12Bi4O24,0.27
CaFe2P2,0.16
Bi2CoTm6,0.28
Ce3Pb,0.25
K2Li2O8S2,0.27
BeCaHf,0.34
AsGaRe,4.87
Na2OSb2Ti2,0.34
Al6Ca9O18,0.3
Ca2O2S2Zn2,0.3
Cu2F8Li2,0.37
As2Gd2O8,0.3
As2Rb6,0.36
CGeNi3,0.37
Hf2RhTc,0.3
AlMgTm2,0.23
LuRh2Sn,-0.02
Co2Tc6,0.29
BeCo2Si,0.26
BaHg2Tl,0.36
MgSc2Tc,0.38
Ti3Zn,0.29
AuCuSc2,0.35
Ca4Pd4Si4,0.28
Ba6Nb10O30,0.27
As3Sm,1.02
AgO2Sc,0.36
Mo2Si6,0.67
Ge3PdSr,0.29
Cd6Sm2,0.34
Dy2HgZn,0.34
BeGaO3,0.64
F6LiNNa2,0.2
Hf4Si2,0.21
HfN,0.31
BiCa3P,0.29
HfN2Zn,0.3
As4Mg2Si2,0.3
CLaPd3,0.86
Ba2Mg2Pb2,0.04
In3Sb,0.65
C2Al2Ta4,0.24
SbSn,0.3
C2K4O6,0.84
Hf2Pd,0.32
Rh5Tb,0.33
Rh3Sn3Yb3,0.37
Li5Tl2,0.31
SSm,0.31
Ca4,0.27
Au2Li6S4,0.27
MoO6Sr2Zn,0.33
Co3S2Sn2,0.26
N2Ni6,0.33
Cu3Se4V,0.26
CDy3Tl,0.36
Al4Y2,0.2
Al4Cu2O8,0.39
Ge8Li18,0.18
Bi2SeTe2,0.21
La3N6Ta2,0.28
Al3Pd3Tb3,0.32
O16Rb8S4,0.28
CuMnO2,0.34
O8Ta2Yb2,0.32
Bi2Mn2,0.27
Co7Fe9,0.28
H4Ti4,0.38
H6K3Re,0.17
DyO2Rb,0.25
Cu2Ge2Ti2,0.28
Mg6Sc2,0.28
Au2CeNa,-0.3
NbOs2Tm,0.31
MnRh2Ti,0.33
LuOs2Pa,0.41
Li2NdTl,0.19
Cd2LiPt,0.39
AsBaPd,0.32
LuMg2Pr,0.25
DyPrTl2,0.34
DySmTl2,0.34
MnYb3,0.26
Ac2HgSi,0.34
CsIr,0.33
Br6Cs2InLi,0.26
NTc,0.52
GeMnSc2,0.42
CRu,0.38
C3N,-28.01
CaHfO3,0.23
Cr3Fe,0.38
Cl2Pr2Te2,0.29
Cu4Si4Zr3,0.26
Ni2Si4Th2,0.27
NiRh2Sn,0.44
Ni5Tm,0.28
GdPtSb,0.3
NSr2,0.15
Ir3Sc,0.3
CePd2Zn3,0.32
Cd8Sb8,0.3
Cu4Sb2,0.33
Co2Na10O4S2,0.24
Er2Ni4,0.33
H2Mo2,0.19
Bi4Pt4Te4,0.33
Au2Bi2Sr2,0.82
BPd3Sm,0.5
FeSe4Ti2,0.21
Cs2Pd3S4,0.38
Nb4Se8,0.24
Br4Cl4Cu2Rb4,0.28
Ba6O18Ti6,0.27
Ca4In4Pd4,0.33
GaMn3N,0.26
CrFeZr,0.28
K2P2Zn2,0.21
GdO,0.33
CaF6Pd,0.16
CSi,0.16
Tl2,0.38
O8Zn4,0.31
Ag2GaMg,0.46
InLuRh2,0.32
Na2SbTl,0.17
HoMg2Sm,0.25
LiRh2V,0.3
Ca2CdTl,0.38
Ag2CdSm,0.5
FRe3,0.36
Ge3Nd,0.13
Nd2Sc6,0.26
GaRh2Tb,0.38
Hg6Si2,0.18
MgNa3,0.28
CaKO3,0.29
AlF6K2Li,0.24
Dy2IrZn,0.33
F6GaInRb2,0.43
CB2N,0.23
Ni,0.33
Hf2Tl,0.4
OSr,0.42
CGaPt3,0.58
Cu2In2,0.52
Bi2OSr4,0.23
CdMg5,0.34
S4Tm2,-2.39
Cu4La4Se8,0.28
Ge4Ni2Sr2,0.28
F6Pd2,0.25
CaGe2Rh2,0.25
TeYb,0.23
Ca12Cd8,0.28
Ge4Pt4Se4,0.27
Os4S8,0.21
Li3Pb3Yb3,0.15
CdIn2Te4,0.26
Ga3Pt2,0.36
MnPtSn,0.39
BiN2U2,0.26
Fe4S4Sb4,0.16
Cd4O8Rb8,0.33
Br2Li5N,0.25
Ga6Mg12,0.27
Na16Sb8Sn2,0.29
Ga4Nd4O12,0.3
Bi8Cu4O16,0.3
B2Co3Er,0.26
Br6Cs2W,0.39
Al2O8P2,0.36
Ag2I2,0.36
Pt2Tl4,0.36
BNiTe,0.71
O2Th,0.3
Pt4Si4,0.32
Al2Co2O6,0.29
Mo6Os2,0.32
As2BaMg2,0.21
As2Ba4O,0.26
Al2CoRu,0.25
Ru2TaZn,0.34
LuPbRh2,1.06
AgLa2Ru,0.44
AcHg2Sr,0.28
Sm6Y2,0.28
OsPm2Zn,0.36
Ag3Pd,0.35
N2Re2,0.23
Al3Hf,0.29
CoGa5Lu,0.29
Ga4Ti2Y,0.24
GeLi2Zn,0.18
Al6Th2,0.31
Al3Ni3Y3,0.37
Al2V6,0.47
Au2Th4,0.45
B14Li6O24,0.25
MnS,0.38
F5U,0.21
MgO6Sr2W,0.31
CaGe2Ru2,0.25
Ni4Sn2Zr4,0.3
In4Te4,0.26
B4Nb6,0.22
Ge4Pr4,0.2
Co2Nb8P2,0.29
Ga8RuU2,0.26
Dy2Fe2Si2,0.25
ClNSr2,0.26
H2Nb,0.3
C2As2V6,0.32
Cu5Zr,0.32
Li2Pt4,0.28
F4O2Ti2,0.28
C6Al2Ta8,0.25
Fe2LaSi2,0.23
Ru4Si4Ti4,0.32
H3EuLi,0.17
Ba2F6Ni,0.29
Ag3IS,2.05
Te3Zn3,0.28
As2Ni2,0.34
Co2Ge2Tm,0.27
CuY,0.29
B16La4,0.16
F3Fe4O5,0.29
S4Sc2,0.44
LiPm2Si,0.27
Fe6Si6Ti6,0.25
MgTcTm2,0.35
CuRuY2,0.32
Cd3Li,0.37
AlMgSc2,0.23
O3PdSi,0.35
Au2PbYb,0.41
Hg2SrTl,0.44
FIn2NSr6,0.44
Al,-7.22
Ge2K8O8,0.25
IrN,0.66
NPa,0.32
Li2PdSb,0.32
Te2V2,0.24
C4B4Ca2,0.22
N8Na4V4,0.34
CdCuSb,1.71
Be17Ti2,0.09
P32S24,0.3
Al8Sb8,0.24
S2Ta,0.15
Ba3O8V2,0.31
Fe11Si5,0.29
GeLi2PbS4,0.3
Eu4I8,0.26
Li6N2,0.22
H2I2Sr2,0.09
CeSe,0.17
Na2Te,0.02
AsCa3Cl3,0.25
F2S2Sm2,0.28
K8O16S4,0.29
N8Si4Sr4,0.35
CoGe2Re,0.55
Cl2ReRu,0.48
CaO2,0.29
Ce2,0.18
Pr3Tl,0.39
Cu2Ni6O8,0.3
Cu16O24,0.34
CS2Ta2,0.21
Al2Cu2Te4,0.3
As2BaCd2,0.25
Li2Na2S2,0.18
As2Pt2Sr2,0.32
CoHf2Tc,0.29
Pd2ScZn,0.57
BaO6Sb2,0.27
Al2CaGa2,0.29
IRu3,0.34
AuCd2Na,0.43
IrMgSm2,0.39
Cd2HoY,0.37
PrTl2Y,0.35
GaSi3,0.53
Nd4Si4,0.21
C2Os2,0.37
Fe6Ga6Sc,0.33
N2Ti4Zn2,0.23
O4Si2,0.28
In2N2Ti4,0.24
Ge4K2N6,0.26
Al3Er3Ge2Ni,0.22
ErIn3,0.34
Pt2Si,0.35
Co6P3,0.36
Au2Si2Th,0.37
Ba8Mn4Te12,0.27
Al12Mn2,0.23
Ga2LiRu,0.32
ReTi,0.36
CuZr,0.38
In4Pt4Sr4,0.32
CMo,0.22
H3BeNa,0.2
H3KMg,0.16
SbTb,0.24
Au2Nb6,0.35
CeIr5,0.23
Ni4Sb2Zr2,0.32
B16Mg4,0.21
Cu6P2S8,0.3
Ga4Mg2O8,0.3
Cu4Sb4Sr2,0.34
CrF3K,0.17
CoNbSn,0.56
Pd3Tl,0.4
CsK2Sb,0.24
InNi4Zr,0.32
Bi2La2O6,0.37
Ho2IrRh,0.33
MoPtTi2,0.3
AgPtSr2,0.29
Ga2Li3,0.14
GaNd2Zn,0.29
OsRuZr2,0.31
OsSi2Tc,0.33
N4W2,0.34
CrNi3,0.29
Co2NiSe4,0.3
Pd5SeZn,0.35
CBaN2,0.39
Ca6Co2N6,0.26
CeO,0.23
AlAu2Sc,0.41
Hg2Na,0.44
CW,0.32
Al2N2,0.25
Cs2F6NaY,-0.82
Li56N32Ta8,0.19
Mo6Sb14,0.29
Al2O15Ti7,0.31
AlPd2Sc,0.36
Al4Ca,0.29
Ge8Li30,0.22
PrSb,0.26
Co2O2,0.38
CTb3Tl,0.38
As4Rh6Yb,0.34
Cr2N2Nb2,0.26
Ba4P4Pt4,0.33
AlAs,0.26
Na4O12Sb4,0.21
Br6Cs2Ti2,0.3
Ba2BiO6Y,0.25
H8N4Na4,0.26
H4CaRb2,0.2
Cl4CrCs2,0.27
O8Zr4,0.3
Au6O4Rb10,0.27
PaRh3,0.32
Ga2S4Zn,0.23
Mg8O24Si8,0.22
Al2BaTe4,0.25
Au2Cs6O2,0.38
As4Sn2Zn2,0.26
AgCdSb,0.46
Br10Nb2,0.31
Mg4Sn2,0.67
Cs2F6NaSc,-0.02
KMoRu2,0.31
H4Li4S4,0.33
Er16O24,0.3
K2Sb2Zn2,0.21
Dy2O2Se,0.37
La2S6Yb2,0.35
Al8Hf12,0.27
Ca4Mg4Pb4,0.21
AlCo2Sc,0.24
CdInSr2,0.55
MnV3,0.38
IrPdY2,0.34
Cl4Sm2,0.33
F6PdZr,-0.03
Pt4S6Tl2,0.27
Ga2RuSc,0.43
LiRb3,0.46
KNd3,0.37
As2,0.27
NRe,0.39
AsBiCa3,0.28
CdO2Sr,0.3
Mo2Ni2P4,0.27
AuCu4Ho,0.36
Ge4N6Rb2,0.23
Ir2N6Sr6,0.26
AlNSm3,0.37
BaGe2Rh2,0.27
O5Ti4,0.31
BaEr2F8,0.32
B2Cu2S4,0.27
Ge2LuNi2,0.34
Ca6P6,0.22
Cu2S4Tl2,0.32
Ge3Li3Y3,0.17
Mg18Pd6,0.34
AlFe3,0.31
Ca2Ge2Mn2,0.22
HgIn2Se4,0.38
Ge2Ru2Yb,0.29
Co4Si4Tb4,0.25
Rh3Zr,0.27
Cl2F2Sr2,0.24
Br4Na4O12,0.25
Tb2Zn4,0.25
Na2O,0.23
Ag8Bi4O12,0.4
HCe2LiO3,0.22
LiO2Ti,0.24
Ir2Si6,-0.15
AuSb3,0.43
Mn2Sb2Sr,0.28
Bi2CoY6,0.34
Ba2N4Zr2,0.32
Rb2Te,0.33
Ca8O16Si4,0.27
CoGa5Ho,0.26
Cu2Fe2O4,0.34
F3Mo,0.33
Co2CsS2,0.21
S3Ti3,0.25
BaO8P2Zr,0.27
BrCs,0.21
F2Nd2S2,0.28
Li2O4Sc2,0.23
Cr4F20,0.26
CuO2Y,0.39
O2Ti4Zr2,0.27
Ir2Ru6,0.26
Ag2GaPm,0.42
Hg2NaSm,0.35
CoOsSc2,0.3
AuBiSr2,0.25
Be4,0.04
Cs2N4Nb2,0.36
Li6Na2,0.46
Mg3Mn,0.27
GeO3Sm,0.31
Pd3Tm,0.35
CoHg3,-0.05
Cu3NbTe4,0.23
F6MgRh,0.13
BiPr,0.78
BSc3Sn,0.17
C2Pa,0.66
Nd2O2Sb2Zn2,0.34
CrRh3,0.23
Mg2O8Se2,0.23
P12Rh4,0.24
Cd2Cu4Ge2S8,0.32
Cs2Pt3Se4,0.34
Co4Si4V4,0.27
Cu4Hf4Si4,0.27
Bi8O12,0.27
ErRh,0.34
YZn,0.29
B2Co3Tb,0.26
Co2Zr6,0.35
In2Li4,0.12
MnV,0.28
Rh2Si2Y,0.26
NiSbTb,0.14
MgPd,0.44
O16S4Zn4,0.3
Ge2HoRu2,0.29
N2PU2,0.28
Pd8Sb4,0.36
N2O4Sr2Ta2,0.22
Bi2Cl4Cu2S2,0.27
Mo2S4V,0.2
F6K3W,0.45
Ni2S2Tl,0.34
Cl4F2Tb2,0.36
NiSbYb,0.29
H2CoO2,0.29
Br6Cs2Sn,0.28
Ag16Ca6,0.32
CNa2O5,0.34
C4Ca2,0.32
LiNNa2,0.22
FNb3O7,0.3
Bi2O6Sc2,0.3
F3Mg3N,0.2
K2O8S2,0.29
Mg6O6,0.31
Ge2O6Ti2,0.25
CaPmRh2,0.35
AuGePm2,0.39
NaPrTl2,0.3
CuIrY2,0.33
Pd2SbYb,0.37
Ba6N2Na2,0.37
Ba2Cu2F2Se2,0.35
Ba2N2Zn,0.3
CLi2N2,0.35
HgTl3,0.55
CuTcTi2,0.37
BSn3,0.53
CuGe4O12Tb2,0.85
Cr3Ni,0.34
NNb,0.23
Ce2Se4,0.32
BaGeO3,0.18
CdSe2Zn,0.34
LuN,0.18
GdPPt,0.32
B2Fe4,0.24
Al8O12,0.24
OZn,0.36
Au2Na2O4,0.36
Ce2S2,0.26
Bi2Br2O2,0.22
Ga2Te5,0.13
H32Al8O48P8,0.23
Cu2Li3O4,0.29
Fe2Si2Yb,0.25
B2Ir2Zn,0.29
Li8O12Ti4,0.23
HgNa3,0.34
NdZn5,0.26
CaCu2Ge2,0.29
Er2Fe4,0.3
Cu6Se6,0.4
Hf24P12,0.28
Li,0.34
Au2Tm,0.33
BaMn2Sb2,0.27
Sn6Y10,0.21
NiSe4V2,0.28
N3Na,0.3
CeMnNi4,0.31
BiOsSb2,0.55
Ca10In4Sb12,0.26
N2NaNb,0.22
Na12O14Ti4,0.27
LiNbRh2,0.33
Ru2ThY,0.39
GaRu2V,0.3
InY2Zn,0.27
PtSc,0.36
KO3Tc,0.18
Hg2LuTb,0.35
CuEr2Zn,0.3
Ga2S2,0.23
Mn2P2,0.23
BIr3Sc,0.28
AlBi,0.25
Co,0.29
Mg4N6Nb2,0.32
Si2,0.33
Cu2GaSc,0.37
LuPb2,0.39
Hf4Mo4Si4,0.27
Nd3Pd3Tl3,0.34
Ni4SnZr,0.33
AlLi2Pt,0.31
RuSbTi,0.39
NdPd2Si2,0.29
Br2Ca2CuO2,0.18
F12Na4Ni4,0.29
Cl4Pd2,0.48
Al4O6,0.24
Sm2,0.28
Pd6Si3,0.37
Cs2Na2S2,0.21
Cs2Er2O4,0.3
Ca2O6Ti2,0.31
Li8O4,0.29
Hf5N5O2,0.27
F2O4V3,0.3
Sb2,0.53
GaRuSc2,0.35
Ba2Ga2O5,0.28
Hg2InNa,0.35
CdNaTl2,0.51
AuPd2Yb,0.42
LiRhZn2,0.35
AlLi2Nd,0.23
LiPt2Tm,0.32
NbZn3,0.25
BrS3,0.33
IrLiZr2,0.39
Rh2ZnZr,0.34
TiYb3,0.22
Al3Tl,3.63
La2N6W2,0.35
Re8Si4Y2,0.31
Bi2Ni2O6,0.3
Na3S4Sb,0.43
In8Li24N16,0.22
Hg6Mg10,0.28
O16Sr4Y8,0.27
Co8Si4,0.29
In4Li4Se8,0.3
FeSnTi,0.3
SrTl,0.37
DyPt3,0.33
V4Zr2,0.46
Ba2Si2Zn2,0.21
BHoRh3,0.3
Al4Nd2,0.22
Ca,0.31
AlLa3N,0.22
Ge4Nd2Ni2,0.25
Bi2Cl2O4Sr2,0.54
Cs2F5Mn,0.37
F6Ni2,0.15
LaRu3Si2,0.31
Te3,0.49
ClFeTc2,0.28
In2S6Zn3,0.33
Ni2Se2,0.4
B2NdRu3,0.3
O6Rb4Zr2,0.39
HNi2,0.34
Ge4Ho4Mg2,0.2
HfMgPd2,0.37
Hg2MgY,0.33
HfLiRh2,0.33
Bi3La,0.39
Ni2Pt2,0.31
AsMnTa,0.64
Pr6,0.27
CoZn3,0.35
ErHg2Sm,0.36
K3Y,0.06
Ag2O5Sm2,0.47
CeY3,0.29
Mn2Na3O6Sb,0.27
H6AlInRb2,0.33
HoNaSe2,0.23
CPd,0.44
Mn2RhSi,0.31
LiNi2Si,0.37
PPt5Zn,0.33
CaMg,0.32
CSm3Tl,0.19
Lu2O3,0.37
F6PdRb2,0.29
Hf2Se6,0.24
K3O4V,0.35
Li2Zn2,0.25
Al2EuGe2,0.24
InN,0.31
HoRh,0.34
Ga10Mg4,0.2
O4S2,0.26
Cl2O2Sm2,0.31
Mn2O4,0.24
SmTe,0.35
AcFO,0.31
Al4Cd2Se8,0.32
Dy6FeSb2,0.25
O3PdSr2,0.26
C2Cd2O6,0.34
As2BaCu6,0.34
As4Rh4Ti4,0.31
Ni3S2Tl2,0.32
CoI2,0.36
C8Al6Hf4,0.19
Be2I4,0.26
CeIr3Si2,0.24
Be12Pt,0.26
N8Zn12,0.31
NaO2Pd,0.29
O8Se2Zn2,0.36
BaCd2Sb2,0.29
AlTcTi2,0.33
ErHg2Mg,0.32
MnOsV2,0.31
LuRh2Zn,0.34
AlRu2Ti,0.32
CaNdZn2,0.28
AcMg,0.25
CaCd2P2,0.25
FeRe,0.29
AcSrTl2,0.46
OTh3,0.41
CdCe2Hg,0.34
BrNa3O,0.29
BrCl6K2S,0.68
Cu2O4Pt2,0.39
B2Fe3U,0.26
Ge4Hf3Ni4,0.27
AsPSr3,0.03
InSb,-0.53
HgO3Sn,0.38
Li2,0.31
Ge2N4O2Si2,0.24
Ni2Si4Sm2,0.26
N6V2Zn4,0.32
O3OsRb,0.27
Th,-0.12
K4P2Zn,0.27
Al2Cs2O4,0.28
Fe2P4,0.17
In2Nb6,0.45
CoSi2,0.34
O4S8Sb8,0.17
K8O12Pb4,0.29
Cs2Cu2O4,0.33
Cd4Nb4O14,0.33
CdIn2Se4,0.27
Br3Ce3Ga,0.34
Pr2Re4,0.47
H12N4,0.25
O8Sn4,0.25
Cu6P2,0.49
FeO8V3,0.33
Rb2S,0.29
N2W,0.4
Li5Ni5O10,0.34
CaRh2Zr,0.35
CdPmPt2,0.43
Au2NaPm,0.37
Ca2NaTl,0.22
Pd2TiZn,0.5
RuTcTi2,0.3
AgPtYb2,0.31
Cr6N3,0.29
KO3Pd,0.3
HgInLu2,0.33
KO3Sc,0.53
La3Na,0.41
Au2PrYb,0.35
Cu4,0.35
Fe3Ni,0.51
Nb2Pt2,0.28
Be2Li2,0.18
AuN,0.43
Cu2Ga2Hf2,0.29
Ga5HfNi,0.33
LiPSr,0.22
Hg,0.78
B6Tb,0.33
Se3,0.2
Mg2N4Si2,0.26
Na6P2,0.27
Cs4Cu4Se16,0.22
CDy3Ga,0.31
AsIn,0.25
O2Pa,0.28
H4K2N2,0.27
Ba2Ni4Si4,0.22
AuORb3,0.25
Ag2Bi2Cl4S2,0.32
Bi2O8P2,0.26
Ti,-0.7
O6Pt3Zn,0.35
BiNbO4,0.47
Ir2MgTi,0.27
AgLi2Pd,0.38
AgTlTm2,0.35
GaLiPt2,0.23
InLi3,0.29
MgTlTm2,0.36
Pd3Sb,0.45
FHg3,0.58
AuEr2Zn,0.31
Ba2Sr6,0.32
IrO3Sr,0.22
Hf2O4,0.37
O10Ta4,0.27
CaZn,0.33
IrSc,0.3
DyHg2,0.29
Ba2Cu2Sb2,0.24
InLu3N,0.21
MgO,0.19
RuSi2,0.65
C2,0.19
N12Sr8Ta4,0.27
Mn3NNi,0.32
Ge4Rh8,0.35
I6La2,0.26
Cl6Dy2,0.29
AgCuTe2,0.27
Al3Ni2Th,0.26
NbRhSn,-10.93
Li2S4Sm2,0.24
BaO3Ti,0.31
O2Pb4,0.35
O9Tm6,0.3
KNi2S2,0.21
Ru2Si2Tm,0.29
B2Co2Er,0.19
Sn12Ti8,0.27
Cl2Co,0.33
Fe3Li4O8,0.31
Re2TiV,0.3
Ir2LiSi,0.34
Fe2HfSn,0.25
AuLiZn2,0.42
F8Pt2,0.3
C2NiPr,0.25
AlCuSc2,0.25
FeLiPd2,0.38
SeSi3,0.32
OsSi3,0.37
BaTh3,0.24
Ba6ClNTl2,0.29
C4H24I12N4Pb4,0.31
CHf,1.19
Ru8Si4,0.32
HoTe2Tl,0.25
As4Be2Ge2,0.18
KSbZn,0.23
AlGa3N4,0.25
Co2Cr2Ge2,0.32
Au2Mg6,0.37
MgTl,0.71
CuPt7,0.36
O2Pr,0.03
La2Os4,2.04
Li4Nd2Sb4,0.25
B4Ni12,0.34
InNd3,0.34
Al6Ir2,0.35
Bi4Cs2,0.37
As2Ni2,0.45
Pt3Y,0.32
PdZr2,0.33
Cs2I6Sn,0.27
Be17Nb2,0.1
Pt8Ti,0.34
CuMgSb,0.27
Cu2F6K2,0.31
CeRh2Si2,0.24
CAlMn3,0.25
As4Cd2,0.27
Dy8O16Sr4,0.26
BrCu,0.33
Ni2P2Sm,0.24
Ba2O6TaY,0.26
GeS4Zn2,0.25
Rb8,0.36
F4Tl4,0.18
Cu6Li2O6,0.3
O4Si2,0.32
Sb2Se2Te,0.22
HoRh2Zn,0.34
Cl4Ho2,0.32
AuLi2Pd,0.45
CaNdRh2,0.36
Ca4Pt4Si4,0.26
NaSiY,0.41
ZnZr3,0.32
Li2Mg4,0.26
BGe3,0.92
PrSmTl2,0.35
Co2Li6,0.01
Ho2InMg,0.29
ErHg2Yb,0.29
Ag3Tc,0.36
Pd3Zr,0.29
CdCrTe2,0.34
Hf2Hg,0.29
Ir3N3,0.4
Ga5NiTi,0.38
C3Cs6N6,0.39
LuNi2Sn,0.37
GdIn,0.37
Pb4Pd2,0.38
O12Re4,0.28
Cl8Pb4,0.31
HLa2LiO3,0.25
Cu4Y2,0.38
Ga2Ti4,0.28
B4N4,0.23
Fe2La2Si2,0.25
Ge14Ir6,0.26
CuF3Rb,0.3
As8O20,0.28
Br2PdSe6,0.27
C20Br4O20Re4,0.19
Mn4Ni2O8,-0.2
BHg2K,0.28
MnNiV,0.45
H8Ba2Mg2,0.19
CeFe2P2,0.2
La4Si4,0.23
Ti3,0.27
N6W3,0.38
Cu4O6,0.29
F6Li3V,0.25
PtRb2S2,0.28
NaPmTl2,0.3
BiNa2Tl,0.21
Co2TaZn,0.33
LiRh2Si,0.24
FeTeZr,0.23
As8Zr12,0.29
Pr2Te4,0.31
Mg2NdPr,0.26
SmTm3,0.24
Au2K2Se2,0.25
F6NaRb2Tl,0.1
AlMg,0.86
CaMg,0.3
CMgNi3,0.35
B3F12Li3,0.23
CN2O2Yb2,0.64
Nd2O8Pd4,0.35
CDyRh3,0.33
Ca2Mo2O8,0.31
In4O14Si4,0.32
InNi2Zr,0.34
In2La4,0.41
Fe12Si24Ti12,0.24
ErTl,0.34
B6Gd,0.27
ClK,0.38
Cl6Ni2Rb2,0.37
LaS,0.29
Dy4Ni4,0.38
Bi4O4S2,0.28
Cl2Ti,0.22
Co2O4,0.27
C4,0.07
C2Hf4Sn2,0.24
Sn8Zr10,0.25
Au8Li30,0.3
Ir4Zr4,0.34
BrHfSi2,3.0
H16K8Zn4,0.24
As2CaCd2,0.26
MoNi2,0.32
Er2Rh6Si4,0.26
Ag2DyMg,0.54
Al2CoFe,0.23
LiMg2Rh,0.29
AcCuO3,0.28
HgSnYb2,0.18
Ru2SnTm,0.31
Au3Pa,0.42
Ti3Tl,0.28
K2Li2Se2,0.25
Cu4P8,0.26
Tl4,0.49
AuIrLa2,0.43
Li3Mg,0.31
In2SmY,0.34
AuCuTm2,0.32
Al4P4,0.3
Cu4O4Sr2,0.3
BaF6Ge,0.39
Hf4S2,0.26
C2As2V4,0.26
BiCa3P,0.21
Pd8Zr6,0.41
Ni2Pu2,0.4
Co4Y2,0.39
Au2Ga2Hf2,0.3
Rh4Sr2,0.37
Ca4Ge4Mg4,0.18
O2Sm2Te,0.28
Cu2InLa,0.35
Ag2Ho,0.32
Pb2Pd3S2,0.34
BiTm,0.26
C2Ca,0.39
Cl6Cs2Se,0.44
Al4Fe6Si8,0.24
Co2Na5S5,0.32
Ba4O12Ru4,0.3
Na2Pd6Si4,0.31
B2Co2Pr,0.23
Co2MnSi,0.29
Al13Cr4Si4,0.26
Ru8Y4,0.38
H2Na2S2,0.3
Pt4Y12,0.35
B2Mg,0.19
LiRh2Ta,0.35
InLu2Mg,0.31
Rh2VZn,0.44
Hg2LiY,0.42
Al2K4Na2P4,0.24
LiTl3,0.6
Pa3Tl,0.56
Ca3Li,0.09
Hf2IrLi,0.26
Ag2Li6,0.38
HSi3,0.71
Au3Be,0.4
AlMnTi2,-0.19
B2W2,0.27
MnSn,0.63
Np,-0.0
AlMn2V,0.27
InLi2Mg,0.44
Ir4Sb8,0.25
C2Li2,0.22
Sb2Sr4,0.23
Ge2Th4,0.35
F3Nb,0.36
Ni2O2Zr6,0.32
Fe4O16S4,0.27
Mn3O2Sb2Sr2,0.3
Ag2Ni2O4,0.37
AlTi,0.25
Co2Ni2Sn2,0.31
Dy4Ir4Si4,0.29
Ce2O2Sb,0.31
F6PbPt,0.41
GaPu3,0.45
Cl2Fe,0.26
I6Sb2,0.26
Br12Mo4,0.08
CZr,0.21
I6PtRb2,0.28
Cl4I4Ta2,0.23
Li4Mg4N4,0.18
Cl4Li4O16,0.27
CCuN,0.27
O2STm2,0.27
Fe2K2S4,0.3
Li2Nb2O4,0.23
Ge2HoNi2,0.32
MnPbRh2,0.31
B4F32N4,0.29
Sn2Te2U2,0.33
Na2S4Sb2,0.23
Ba2O2S2Zn2,0.25
HfO2,0.3
ITl,0.3
GeNb3,0.81
C2O4,0.36
O2SeY2,0.41
Ni3Si,0.29
AcKTe2,0.29
HfRh2Sn,0.59
Mg2Sb2Sr,0.23
AsRhTi,0.51
HoMg2Pr,0.27
Ge2Si2,0.2
LuSmZn2,0.28
SnTe3,1.23
Tl3V,0.38
Li5Mg,0.32
SnTi3,0.33
CoW,0.25
HgIrO3,0.41
P4W2,0.21
MnNi,0.33
P6Tc4,0.21
RhSc,0.31
CuLa2O4,0.34
O24Sc16,0.3
GaRu,0.31
I4Nb4Se4,0.79
AsNd,0.23
Co4Yb2,0.38
Co2Sc4,0.43
Ni4W,0.32
O2Pr2S,0.27
O18W6,0.29
Ca2O8Pd6,0.35
Th,0.2
F6K2U,0.33
NTi,0.22
AlMnNi2,0.42
NiSbV,0.32
BiO3Sc,0.23
Br4Nb2O2,0.09
S4Tl3V,0.38
Br4Mo4S4,0.28
Cl3MnTl,0.3
Cl6Cs2KSc,-0.06
BFeY2,3.98
Si2Th,0.31
LaO2Tm,0.21
O7Sc2V2,0.34
Cu2Li2S4,0.3
InPaPt2,0.43
IrPm2Ru,0.36
AsRhZr,0.66
Pd6Zn2,0.45
HoO3Sr,0.29
As3Tc,0.35
AgAlSc2,0.3
Mn3Tl,0.16
BiO3Re,0.54
La2MgTl,0.64
Al2TmY,0.28
NaPbPd2,0.34
Br6Cs2InRb,0.49
Cu2Pd2Rb2Se10,0.32
HfPd,0.47
B2Co3U,-0.13
HfOs3,0.33
TiZn,0.29
ErInNi4,0.33
H4Cs2Yb,0.21
AuLi3,0.43
Ge4Ni6Sr2,0.34
Si2,0.2
Al4Ni2Tm2,0.23
FeLiO2,0.25
Ge2S2U2,0.35
GeMnNi2,0.44
I12Ti4,0.28
Nd2Pt4,0.31
Ag2CdMg,0.35
BZr,0.28
I4Pb2,0.27
Cu2In2O4,0.36
Co2NdP2,0.21
Cs2I6Ti2,0.36
Ag2InPr,0.36
MnRh2Sb,0.32
BaSn5,0.31
Au2InTi,0.43
AuNV3,0.79
O6Ti2Zn2,0.33
H6Mg2Os,0.22
O4Si2,0.2
PPtTm,0.34
Cu2Na2Se2,0.29
Cu3NaO4,0.33
FeOsTa2,0.35
CsO3U,0.27
F4Yb2,0.34
ReTi2Zn,0.33
AlFe2Si,0.26
As2Sn2Sr,0.16
CaSiSr,1.03
Ga3Ge,1.69
O16Sr4Te4,0.18
Li4Mn4O8,0.24
CAlCo3,0.29
CoN,0.41
CZr,0.37
Ir3U,0.3
Cu5Tb,0.31
Al2IrLi,0.32
C2CoEr,0.26
C2CoTm,0.26
Nb2Rh2,0.34
Ni3Se2,0.31
Cl6Ti2,0.36
Al9Y3,0.22
Ga2Tb,0.21
I2Mn,0.27
C2Si2U3,0.25
C3B6Th3,0.22
Ga4I12,0.11
BDyRh3,0.29
Ge2Ni2Sm,0.31
Cu2ScSi2,0.27
CuO4Te,0.25
N4O8Sr4Ta4,0.27
Na4O4Pt,0.27
As2Mg3,0.31
Ba6Fe2N6,0.26
HgPr2Sn,0.35
AgRuSc2,0.35
LiPtSr2,0.16
Br6Pm2,0.26
Be2IrNi,0.27
MgRh2Ta,0.67
Cd2MgPr,0.3
As4B2Rb6,0.31
N2Zn2,0.41
IMo3,0.42
CdS4Zn3,0.28
AgCdPr2,0.33
Ge3Mn3Nb3,0.3
C2Ge2V4,0.26
Ca3PSb,0.22
AlCo3,0.39
Ga4Pt4,0.35
AlCo2Cr,0.3
Ag2Hf2,0.31
MgTb2,0.28
Fe8Si16,0.21
S4V4,0.27
Mn4Nb4P4,0.31
Li3Sb,0.21
In3Ni2,0.29
Ga2V6,0.4
Cl8Eu4,0.31
Cl6TeTl2,0.51
B12Pr4Re6,0.27
Pt10Ti6,0.34
Li3NbO4,0.17
Er2O8P2,0.29
Ba4N8O24,0.35
Bi2ClDyO4,0.3
S2Zn2,0.29
AgCrS2,0.3
Al2Lu2Si2,0.21
Au4CeSi2,0.38
NdTe,0.35
P2Ru2Tb,0.23
Al2Pr2Si4,0.27
NdOs2Si2,0.25
BBiNi,1.62
Cu4Pb4S12Sb4,0.24
BaO3Pu,0.29
Ca2Sb4,0.29
Cs2Dy2O4,0.29
CuLiO2,0.37
Ca2Ge2N4,0.37
H3Ac,0.31
Dy2LiTc,0.3
B4Pr4S12,0.32
CaCd2Sm,0.27
HfRu2Sc,0.3
O3TlU,0.32
AgRuY2,0.33
Ga2IrYb,0.38
DyHg2Mg,0.32
Au3CsSe2,0.76
AlNbPt,0.48
HgRb3,0.48
NaTc3,0.34
NaTa3,0.45
Os3Ti,0.31
O3SrTl,0.39
Os3Sc,0.37
C4Al2Nb6,0.22
AgO2Rb,0.19
AlCuTi2,0.33
B6Zr,0.39
HgO3Si,0.36
GeHgO3,0.34
CrNiSb,0.25
Hg2Pb2Sr2,0.26
Pt5SiTl,0.36
CCo3Zn,0.28
C4Sr2,0.35
Al4Sr2,0.2
Fe2O2,0.37
Li4O8V4,0.28
Nd4Sn4Zn4,0.21
Co2Ge2Mn2,0.33
InNPr3,0.21
Rh10Si6,0.33
Te3Zn3,0.29
C2Co4,0.31
Ba2Li4Si2,0.26
Be4Ti2,0.17
SeSr,0.23
O6Sb2U,0.13
Cl4Cu,0.12
Al12O24Sr6,0.29
O24Pb8Zr8,0.27
BFe2,0.39
Be12Nb,0.12
Cl8Sn4,0.21
Os2P2Sr,0.24
C4N4Na4S4,0.31
BaO2Sr,0.25
Li2Ni2S4,0.29
O4Rb2Sc2,0.26
K4P6,0.07
CuGaPt2,-0.13
Au2CaPm,0.34
MoNiTi2,0.3
F6GeRb2,-1.24
Ca4Pt4Si4,0.33
Mg4,0.28
NpO3Tc,0.41
CaCd2Tm,0.28
Ag2Bi2O4,0.4
AsCoFeTi,0.34
GaNiTi2,0.38
ErGe6Mn6,0.27
AgTe2Tl,0.3
HgPPd5,0.37
InPt5Si,0.38
H2Co6,0.28
O3SrTc,0.35
Ir2V2,0.31
F6K2NaY,0.33
Cu2Se4Tl2,0.33
Na4O14Si6,0.23
F6TiZr,0.34
Ru4Sm2,0.46
Ca3NPb,0.39
Cl2Zr2,0.34
Rh2Si4Y4,0.25
BrCu,0.37
Co4Sm2,0.41
Cu4MgSn,0.27
Al5CeNi2,0.23
Br2In10S10,0.28
In3Pd2,0.32
Ru2Si2Th,0.27
CCl2N2Sr2,0.33
Fe6,0.71
Bi,0.39
As2Ti2,0.38
Cl18Cs6Ti4,0.26
OsReRu,0.43
Mg2O14Si4Sr4,0.28
C2Ag2N2O2,0.35
Cl8S2W2,-0.24
Co4O12Sn4,0.33
LuPt3,0.32
Ca2CdSn,0.13
PdPm2Pt,0.37
ErRu2Sn,0.31
C4La8N24Si16,0.06
Pm4,0.25
Li4Na4Te4,0.23
C4RuSc3,0.25
OsZn3,1.69
AlNa3,0.37
AcLi3,0.03
Li4Mg2,0.48
HoTmZn2,0.27
Ac2GeNi,0.38
AuCoO2,0.36
S12Sc4Y4,0.3
Ca2Ge2N4,0.02
MgNdNi4,0.31
NiSc,0.32
Pt3Tl3,0.49
Cs2Pd3Se4,0.34
Co3Se4,0.3
Cd2Ce4Pt4,0.35
S5Zn5,0.29
Ag2BaGe2,0.25
Ni4Sm2,0.32
HoNi5,0.28
AlNi4U,0.33
Ca3Mn2O7,0.25
In3Ni3,0.29
B2Dy,0.15
Sn6Ti10,0.3
HfIr3,0.27
Hf8Sb16,0.26
Br2In2,0.28
HRb,0.2
I6Sn3,0.51
Ca4N8O24,0.17
RuSbV,0.36
O6Tb4,0.31
BHoPd3,0.47
Ni6Zr2,0.32
Cr2Cu2O4,0.33
Bi2O2Se,0.39
Cu2S4W,0.25
TaTc2Ti,0.31
Hf2LiOs,0.34
CaP2Zn2,0.22
CdPr2Sn,0.34
As2Ca2Rb2,0.33
Br6Cs2InTl,0.3
InTi2,0.33
Ag2Li2,0.34
Cu2Li4P2,0.2
CdLi2Sn,0.26
Au8Ca6,0.35
Ge2Te8Zr2,0.18
Al6F36Li18,0.25
MnNi6O8,0.28
Ge3Pt6,0.41
MnNi2Sn,0.39
Ag2DyIn,0.37
Ir4Nb4Si4,0.29
TeU,1.23
Bi2Cl2O2,0.22
I4,0.21
Cl6Rb2V2,0.44
Ni4Tb2,0.38
Ge6Y2,0.21
LiPt7,0.33
F8Na2Y2,0.27
Cs2N4Ta2,0.22
Na4O8S2,0.27
Fe4Li8O28P8,0.34
Ni2Zr2,0.38
Ga4I16Li4,0.27
Ca2Ir4,0.34
BaNi2P4,0.33
ZnZr,0.66
BBiCl,-16.47
CuPt,0.33
Se4Sn4,0.25
Ba2Cu4O4,0.33
Cu2K2Te2,0.24
N4O8Sr4Ta4,0.27
In4O8Zn2,0.31
H12N4,0.26
DyHoMg2,0.29
BeCo2Ge,0.3
PdReTi2,0.33
AgBiYb2,0.22
Cu3TaTe4,0.22
BO3Sn,0.26
Ni2Pd6,0.39
CIr,0.42
ErTe2Tl,0.23
CB2N,0.18
MgN2Si,0.17
KS2Ti,0.25
H3BrCa2,0.19
Ba2O6Zr2,0.25
Pt5SbSi,0.43
BaF2,0.31
CaIn2N2,0.51
Cu2K4Sb2,0.29
Ir3Ti,0.27
Au2Er2,0.41
F8Pd2Sr2,0.34
Mg4Pt4,0.47
Cu4InSc,0.28
CeMgNi4,0.33
As2Cu3K3,0.3
MoS2,0.23
B2Cr4,0.24
O24Tl16,0.37
Ni4Sc4Si4,0.27
Rh4Si4,0.29
Cd6Y2,0.31
Ge2Te2U2,0.24
AuBiYb,1.1
Ni4Sc4Sn2,0.35
C2Sn2Ti4,0.22
Cu3Se4Ta,0.22
Ga4Na,0.24
As2Co2S2,0.21
C3Ca3O9,0.33
Au4Cl16K4,0.3
NdTl,0.36
Ca12O36Si12,0.28
CuMnSb,0.31
Ga3Mg3Pr3,0.2
F2Gd2O2,-1.04
Hg2LiNd,0.46
Cu3Li,0.32
I6Pr2,0.27
PdRhZn2,0.32
Be2MnPt,0.38
Cd2MgY,0.3
Ac2PdSi,0.36
HoMg3,0.22
CaCd2Nd,0.3
Na2Zn26,0.21
InSb3,0.14
Co2Ga4Sm2,0.29
HgInPm2,0.37
Al3Cu,0.28
Cs2F6KPb,0.45
B2V2,0.17
Ir,0.24
LiTe2Ti,0.23
CTh,0.28
S2Ta,0.23
LaTe,0.3
S20Th8,0.29
Li2MnO2,0.26
AsSc,0.24
Cd6P4,0.35
Mn4Se8,0.35
Cl2O24P6Sr10,0.27
Cl6Cs2Pt,0.26
H2Br2Ca2,-0.03
Ge4O8,0.24
Cl6Cs2Ti,0.27
Br6Nd2,0.28
LaRh3Si2,0.28
Bi6Zr6,0.27
LiS,-2.09
AlRh,0.28
As2Cu2Mg2,0.31
Ge2NdNi2,0.28
Ag2Ga2Te4,0.32
CsCu3O2,0.31
CdNa2S4Sn,0.29
C4Si2Ti6,0.2
Cu2I2,0.33
Al2In2O6,0.29
Se8Ta4,0.25
Ca24N16,0.29
ErNi5,0.29
CuPm2Sn,0.36
HfMnRh2,0.33
HfPd5,0.32
Li2PdTl,0.37
In2MgYb,0.31
La2Tb6,0.25
AuPdSc2,0.42
HgNi3,0.38
AgNd2Zn,0.32
Au2BiNd,0.44
PdSm3,0.53
TbTl2Y,0.35
DyHoIn2,0.34
Ni2Si2,0.32
K2S,0.29
Se4Ti2V,0.21
Hf2N2Se,0.28
IrZr,-0.07
MgO6ReSr2,0.29
Mg4Pd8,0.34
Al4Ni2Y2,0.24
C3Nb4,0.29
Al3Os2,0.26
STm,0.31
CPbY3,0.19
Br2Cu,0.23
Mg4Te8,0.26
Ni4Si2,0.37
B2Co3Ho,0.26
Al4Ba2,0.2
Mn8P32,0.17
Ho2Ni4,0.32
Ca2Ga2,0.22
H2O4Sc2,0.35
O8TeTi3,-0.12
NiPtSc2,0.34
Al15Er5,0.19
DyMg2Pr,0.26
Pa2Se6,1.03
Rh3Zn,0.31
Au2HgSm,0.26
CHg3,0.8
LiRh2Tm,0.34
SmTl2Y,0.33
MgO3Rh,0.44
Dy2Te4,0.31
C4Si2,0.34
Al6N10Sr6,0.28
CSnY3,0.2
U,0.36
CaHg2,0.31
Au2Cd2,0.41
Ir4La2,0.38
Cu2O2,0.42
AgZn,0.39
Cu4Li12O12,0.31
Ge4Na3Pt4,0.36
Mn4Te8,0.29
Fe2Sn4,0.22
Bi8S12,0.43
Ca2Cl4,0.25
Cl4K4O16,0.31
Cl4K2Mg,0.28
Bi2O8Re2,0.29
F8Na3Pa,0.28
Br2Mn,0.26
In3Mg6,0.36
Al16O24,0.26
Li2N4P2,0.22
Cu4Hf2Te6,0.26
C2S2Ti4,0.2
Pr4,0.26
Ta,0.35
F2La2S2,0.28
Ga2Mn2Pt2,0.36
Cu5Ho,0.41
O8Si2Th2,0.34
Co7Nb6,0.31
Li2S4W,0.26
Cr4Hf2,0.34
Au2GaPm,0.57
InO3Sr,0.37
INi3,0.38
AcCaIn2,0.42
Ga2,0.36
COs,0.72
InSb,0.38
AlMnRh2,0.28
CoMn2Sb,0.3
Hf6Sb6,0.25
C4Mo8,0.28
Cu2Er2Pb2,0.24
Al36Co12Cu3,0.25
CuZr2,0.31
FePd3,0.32
Ce2Cu2Sn2,0.26
H2Er,0.25
In2O7Si2,0.32
Pt12Si10,0.33
CIN,-0.08
B18Mg2N2,0.18
H2Mg2O3,0.24
O12Rb4Ta4,0.33
HoPd2Sn,0.39
Ag2O2,0.46
Au2Ta6,0.35
HgKSi2,-0.29
H6K2Pt,0.27
Fe2NiSe4,0.31
NbO3Sr,0.3
Tb,0.24
As2O7Zn2,0.38
AlB2Mn2,0.21
CNSi,0.65
Ga2N2,0.25
InLiPt2,0.23
NbRh2Zn,0.68
EuGeLi2,0.25
Hf2Na2O5,0.35
PmPt2Yb,0.35
Fe2GeTi,0.25
Cs2O24Ti12,0.3
NaO2Rh,0.27
Cd2Sb2Yb,0.28
Ba6Mn2N6,0.24
Au2Ge2Lu2,0.33
MoRb3,-0.85
VYb3,0.21
KO3Tb,0.44
Ge2Sc2,0.24
CuORb,1.55
C2Ca,0.17
HfO3Sr,0.24
Ba2O6SbYb,0.45
Ge4Ni8,0.38
CW,0.21
Mn2O7V2,0.35
Cu6Ge2,0.34
C2Pr,0.36
In3Sc,0.33
CAlFe3,0.31
Cl8Sr2Zn2,0.32
SbTm,0.25
Fe2N4W2,0.27
Au4Be4,0.37
Ca3Tl,-0.1
H20F8N4,0.35
Dy2Li2S4,0.23
H3ClO,0.32
BiNaO6Ti2,0.33
Nb4P4Zr4,0.26
Be26Ce2,0.11
Cu2Se2Tl,0.32
AlCeO3,0.28
Pd3Y,0.31
Pt4Sb8,0.28
CPa,0.3
CuF4K2,0.31
Cl8NW2,0.36
AuV3,0.4
Li2NNa,0.27
CaO3Ti,0.25
Ni2Ti2,0.41
Cl6Cs2Sn,0.02
GaTi3,77.93
Fe24N9,0.31
Al10O15,0.3
KO2Tm,0.24
Cu4O14Sr8,0.27
F8Fe2Li2,0.35
Ni2S4,0.16
HgPbYb2,0.2
Au2CdSm,0.49
HTl3,0.41
Mg6Tm2,0.38
HgTm2Zn,0.34
AlCo2Cr,0.35
K4O6Ti2,0.37
HgO3Rh,0.39
O6Sr2Zr2,0.26
N2Na2Zr,0.27
N8Na10Os2,0.33
F6TiTl2,0.37
OPd,0.51
LiMgPtSn,0.31
CaSi2Zn2,0.28
Sb2Ti6,0.4
Mn2O7P2,0.31
F4Zn2,0.34
Li4O8W2,0.33
Ga4Se4,0.23
In4S4,0.2
In2N2,0.24
InY,0.37
Cl2Nd2O2,0.29
Cl2Sr,0.33
Pt2S2,0.4
P4Pt2Si6,0.23
CaPt5,0.31
Fe3Pd,0.43
MgPt3,0.32
B2Cr,0.21
C2Ba2Cl2N2S2,0.3
Co6La4,0.41
Ca2Cu2Sb2,0.23
Co3Ti,0.31
Co2Li2S4,0.24
O6Sn2Ti2,0.21
CoLiS2,0.38
Bi2Ca2K2,0.27
BaO3Th,0.3
Ag2LiZn,0.36
LiPd3,0.35
Br4Sc2,0.26
Rh2ScSn,0.11
Ag2PmTl,0.39
AsMgPt5,0.33
PdZn3,0.4
CrOsV2,0.3
Mg2Na4Sn2,0.19
Ru2SnTh,0.33
Ba2Cu2Dy2Te6,0.31
CoScTe,0.26
NdTm3,0.25
O3RbSb,0.09
AuHf3,0.62
FeMoTa2,0.3
Pd2Ti2,0.25
CrSr3,0.54
La2Mn2N6,0.33
SiTi3,0.33
Co2CrSi,0.31
AsCa3P,0.15
C4B4Tb2,0.22
Al6Y2,0.59
NbRu,0.19
V,0.42
AlAu2Ti,0.42
C2In2Zr4,0.22
CoHf,0.34
Au3Cu,0.41
ErSb,0.23
Fe2Ni2,0.29
Fe2P2Ta8,0.3
CTlTm3,0.37
Ce4Cu4Mg2,0.31
Hg2I4,0.22
Mo2N2,0.83
Bi2Na6,0.25
Ge4Th6,0.37
F7HfNa3,0.33
As2Ca2Cu2,0.22
CdGa2S4,0.25
As2Fe2Sr,0.27
CBaO3,0.29
Se8Ta4,0.21
Cr2Si2U,0.2
B4Sc2,0.19
O8Si4,-0.2
Ag3Ge3Ho3,0.34
Cl2O2Tm2,0.26
BaF8Y2,0.32
Fe6O18Sc6,0.32
Cu2Na6O4,0.32
NiSe4V2,0.28
B2N2,0.21
BeLiPd2,0.29
Al2IrRh,0.3
AgRuTm2,0.33
Ir2MgSi,0.32
GaLiNi2,0.58
Er2OsPd,0.32
Fe3Ge3Sc3,0.28
Dy3Pr,0.24
ErMg2Pr,0.26
LiOsPr2,0.36
TbZr,0.28
AsBa3N,0.23
CdO3Sn,0.32
Nb2O5,0.21
Al2Mn2Pt2,0.35
As2,0.22
ErPdSb,0.29
Cd2O6Ti2,0.35
F6MgPb,0.08
AsCu3S4,0.34
Rh8Sb4,0.36
DyTe,0.36
Hf4In10,0.24
S4Sn4,0.21
NNa3,-0.13
LiN3,0.31
C4N8Zn4,0.35
Pd12Zr4,0.3
Li2PtSb,0.34
B2Gd,0.16
Cr6Pt2,0.37
Ca4Mg4Si4,0.18
N2TeU2,0.23
O4Sr2Ti,0.25
Sc4,0.23
C4Al2Ta6,0.21
Bi2Pb2Se5,0.22
CMo2,0.44
BeSeTc,0.57
MgNb2O9Pb3,0.26
CaP2Pd2,0.32
Au2O4Rb2,0.31
Al8O12,0.27
O18Y12,0.29
Li2P2Pr,0.3
MgPr2Tl,0.3
B6Pa2,0.21
Hg2LiSc,0.35
NiPm2Ru,0.15
MgRh2Ti,0.3
Mn2SiV,0.27
Co2Re6,0.29
LiPtZn2,0.38
PZr,0.26
Mn2Nd2Si4,0.22
Al2ErY,0.28
AuScZn2,0.33
Au3La,0.49
Li4Mg2,0.42
As3Pr,0.42
Mg3Mn,0.39
AgHgSm2,0.35
MgSm5,0.29
Hf2IrPd,0.41
CsKO3,0.35
AlY,0.36
IrN,0.47
AsMn,0.52
BaSi2,0.7
K3Sb,0.29
O3SnZn,0.15
AsCdLi,0.2
NbPd2,0.33
Dy2In2Pt4,0.19
Li24N16Y8,0.27
Hf4Si4,0.24
F6Rb2Si,0.2
SbTh,0.34
As4Ni4Se4,0.27
AlNi2V,0.37
CrIr3,0.22
In2Ni4Sc4,0.31
Ag8Te4,0.37
Au12Zn4,0.39
InPt3,0.36
Fe8N4,0.34
F8,0.75
Cr2Se2,0.34
Bi2Ca2Cu2,0.24
H2Nd,0.26
Mn3Rh,0.08
Ir4Y2,0.31
Ba2O6Ti2,0.23
FeRu2Si,0.29
B2Ru3Sm,0.3
Tl,0.45
BeS,0.21
O8Ti4,0.26
Ca4O12Zr4,0.26
F6NaNiRb2,0.24
Au2InYb,0.36
C8Ir2Sc6,0.24
RuSeTe,0.76
Hg,0.29
Na2O4Sm2,0.27
CeO2Sm,0.25
Fe2Li4S4,0.27
BaMg2Si2,0.18
IrPr2Zn,0.38
AlCu2Pm,0.42
CdErPd2,0.38
MnRhTi2,0.31
Re3Sm,0.34
H3Sr,0.36
Pd3Te,0.43
Br3CuRb,0.31
AgNaO,0.34
O3VZn,0.43
MoSe6W2,0.2
Ca6Zn2,0.35
PtTi,0.51
Cr3Si6,0.18
Fe4P12Yb,0.21
B12O2,0.15
Fe4Y2,0.33
GeHgLi2,0.39
Al20Rh8,0.26
Ga4Pd8,0.37
SbYb,0.97
Lu2O8V2,0.33
H8O16Se4,0.2
O10P4,0.27
LiNiO2,0.33
Ag3Mg3Y3,0.36
Ag2AlSc,0.38
Cd2Ge2P4,0.27
Br2In10Se10,0.28
O8Rh4Zn2,0.35
Al12O24Sr6,0.28
Cu2Ge2Yb2,0.2
CB2DyRh2,0.41
H2NiO2,0.22
NaNiTa,0.65
Cl6Cs2Zr,0.31
AlF6K2Na,0.28
Ni6Sb2,0.36
BeO4P,0.12
LaO3Ti,0.34
CdHg2La,0.3
Ac2AuIr,0.44
GaPd2Ti,0.48
IrSc2Zn,0.34
Pt2Si6,0.57
AuRuSc2,0.36
CdO3Rb,-0.26
HMo3,0.34
AgIrNd2,0.39
BO3Os,0.53
Bi2Sr3,0.39
Ba3Bi2,0.27
Pt4Si6,0.43
AlMnPd2,0.39
LiPS4Zn,0.28
AlY,0.27
Be9Nb3,0.18
BaGa2,0.22
CN2Sr,0.37
N2Pt2,0.4
Hf4Rh4Si4,0.28
Pd4Sn12,0.33
Ge4N6Na2,0.26
Gd2O2Te,0.27
InPr3,0.35
GdTl,0.37
P6Rb4,0.24
RuZr,0.31
TmZn,0.23
Sb4U2,0.3
B2Be8,0.1
As2V6,0.26
Hg6Sc2,0.36
Se2Si2Zr2,0.21
Hf4O12Sr4,0.26
CuI2O2Sr2,0.17
S9,0.26
Cs2F6KMo,0.37
NiSnZr,0.54
C2AgLi,0.2
LaMgNb2,0.51
AgAlB,0.54
H,0.44
CuSe2Y,0.3
Ho4O6,0.33
Sn,0.3
HgLiPd2,0.41
Co2InTi,0.31
InLaLi2,0.28
Si2U6,0.48
Ge3Tc,0.47
HgPr2Zn,0.23
Ag3Ni,0.33
Ni6Sb2,0.32
NaO3Pu,0.2
Ge2O3,0.24
ScTb,0.25
CaO3Os,0.35
BiGa,0.22
BiHoNi,0.26
NbTe2,0.2
N2Na2Ru2,0.33
As2Cd2Ce2O2,0.36
Pr2Pt4,0.31
Rh3U,0.34
CSc3Sn,0.18
O32W8Zr4,0.36
F6Sb2,0.28
CrO3Pr,0.23
Na5O6Os,0.26
GdSi2,0.5
Ge2Mg2Mn2,0.24
O3Pr2,0.35
InLa3N,0.25
Bi4I4S4,0.38
Ni5Zr,0.3
Ga2Nd,0.18
BiDyNi,0.25
Au6Li2Sn8,0.36
Dy2Ni4,0.4
As4Fe4,0.29
CuGaO2,0.33
Fe2Si2Tb,0.25
Si2V2Zr2,0.33
N2Ta2,0.28
Al4Pt12,0.35
OsSiTe2,0.42
Ba4Cu4O8,0.42
Ce4O12Sc4,0.29
Ag3Li,0.35
HfLuRu2,0.3
ReRhTi2,0.3
Ca2LiTl,0.37
K3W,0.27
H3Pb,0.97
IrRe3,0.27
AuO3Rb,0.13
Au2CdZr,0.42
AlFe,0.16
CuN2Ta,-0.52
P16Si8,0.17
Mn2Se2,0.3
Ba6Ga2N6,0.27
Ca6N10W6,0.31
K2Pr2Te8,0.26
Al2Cu,0.27
Al16Ca8O32,0.25
K2Te,0.35
Fe2Mo2O12Sr4,0.55
Co2O8S2,0.27
LaPb3,0.6
CRu3Th,0.3
Co3Ge3Ti3,0.3
Cs4I12,0.32
Cl2Co,0.25
Br6Rb2Te,0.38
O36S12,0.29
Al2La2O6,0.26
InIrLi2,0.46
Er3In3Pd3,0.36
Bi2BrO4Tb,0.28
Cl2N2Zr2,0.28
C14Si14,0.16
C8,0.19
Cu4Li2Sn2,0.26
FeNNi,0.33
PTb,0.23
Bi2Na2S4,0.15
Mo4Te8,0.25
Cu2Na6O4,0.27
Nb4O12Rb4,0.37
Li4O4,0.21
Ag2InPm,0.36
Ag2CdY,0.41
Hf2ReZn,0.34
Na3SbSe4,0.37
Pt4Sc4Si4,0.32
CaLiRh,0.46
Si6W2,0.64
F6Li2Nb,-1.44
HgPm2Sn,0.37
Sr3Yb,0.52
Au2La2,0.39
AsTl,0.29
CRh,0.54
O3RhSr,0.26
CuS,0.33
CdMg,0.36
Ga4Sc2,0.26
AsMnPd2,0.45
Na2Se,0.26
Hg2Zr6,0.27
La2Rh4,0.35
Cu4Mn4P4,0.41
Os4Te8,0.22
Ce2O2Sb2Zn2,0.36
Ga2Pt2Ti2,0.34
BiITe,0.22
Cu4Mg8,0.3
Ac2Cl2O2,0.3
As4Ge2Zn2,0.24
Cs2F5KOZr,0.09
Cl2Eu2F2,0.27
F4,0.3
Al5Ca5Si5,0.22
Ce2,0.14
Ca8Cd4Sb8,0.22
Ag2Sn2Y2,0.29
As4B2Cs6,0.32
BeScY,0.84
Cu4Ge2Te6,0.3
LiPd2Sn,0.38
Li3Tl,0.58
Bi2F2O2,0.34
Cu2O8Re2,0.27
AgO,0.51
AgOsSc2,0.34
Os,0.26
Au2CuZn,0.41
CuMnPd2,0.39
Co2HfSc,0.29
Pd2SbY,0.55
B4Ca2Rh5,0.26
BiNdO3,0.4
As3Si,0.44
AgTi2,0.33
ErIn2Y,0.35
Mn8N4,0.29
BiSbSr3,0.25
CMg3Zn,0.29
CoErGa5,0.31
Ca8N8V2,0.28
ErGa4Ti2,0.25
HfPt,0.42
Lu8Te,0.23
Na6O2P2S6,0.3
CB2Rh2Y,0.39
NZr,0.26
HoTl,0.36
Na4Se4,0.26
C2Be2N4,0.15
Cd2Dy4S8,0.34
Al3Nb,0.18
Cu3N,0.35
CPt3Sn,0.49
Ir2P,0.39
Ce4Ge4Mg2,0.21
IRb,0.29
ClCu,0.4
Cu4Ti3,0.3
GeO8Zr3,0.37
Al2F8K2,0.32
Ga4K4Sb16,0.23
Na2P2Sn2,0.35
GeSb4Te7,0.22
Li13Sn5,0.18
Mg2P2Se6,0.23
Co2O16Re4,0.32
Ni4Si4,0.29
Co2ScSi2,0.26
Ga2HgSe4,0.26
Bi4O8,0.26
Ba4Co2Mo2O12,0.28
Na6Sn2Zn,0.27
N3Nb4,0.29
Ga4O8Zn2,0.3
Cs2I6Sn2,0.31
As2BeSb,-0.1
HBr,0.23
Fe8Ge16,0.27
B2In2O6,0.31
CRu3Sc,0.25
Al2Ge2Na2,0.26
Hf4O16Ti4,0.32
Cu4O6Zn2,0.34
Mg4O4,0.32
P2S6Tl2,0.28
BeRuSc2,0.31
Pm2PtRh,0.37
AgIrMg2,0.37
NbTc2Ti,0.31
Ga2RhRu,0.32
AsHfRh,0.58
H8Sn2,0.12
NZn3,1.24
AuO3Pb,0.42
B2Mo2,0.24
CSi,0.21
IrMnSb,0.36
Co2Si4Tm2,0.28
Hf4Pt4Si4,0.28
CoGa,0.33
Al9BaNi2,0.26
LiPd2Tl,0.34
Pt4Sr2,0.31
AlNi,0.31
Er2Rh4,0.31
ScSe,0.3
SYb,0.21
CrLaO3,0.16
Cr2O4,0.25
Ru4Se8,0.23
Si2Te2Zr2,0.17
Co4Cu2Ge4,0.3
Ga3La3Mg3,0.22
CoSc,0.29
HgMn,0.4
H2Ga2O4,0.28
C24Mo4O24,0.19
As6Cd4I2,0.28
Au2Cu2Se8,0.23
Cl6Ga2,0.22
Pd3Sm,0.32
Mo2O8Zr,0.24
O8Ta2Y2,0.34
Ba4S12Zr4,0.3
Bi2BrO4Tm,0.27
Li2O8Ti4,0.29
AsBTe2,-0.42
BGeIn2,0.47
O2ScY,0.3
Li3NbS4,0.23
Sn4Zr2,0.24
O8Ta2Ti2,0.3
LiMgTl2,0.35
Cd2MgYb,0.54
CaPrZn2,0.27
HoTe,0.37
Cd2P2S6,-0.07
Ta2TcW,0.3
ReRuV2,0.29
BrLi6PS5,0.56
F6InNaRb2,0.22
N2Nb2,0.25
DyP,-1.57
IrN,0.41
MgO,0.35
H3Er,0.4
Te2Zr,0.15
NTa2,0.31
Ca4N8Sn4,0.33
Au2Se2,0.58
Ho3In3Rh3,0.35
FRb,0.26
BN,0.21
Si2W,0.16
SbTh,0.34
Pb3Tm,0.52
Pt3Sm3Sn3,0.29
Ru4Si4Y4,0.32
Fe4P4Ta4,0.27
Sc4Sn8,0.27
HHoSe,0.2
H2Cr2,0.32
ErSe,0.37
SeY,0.41
Pt3V,0.3
Br2Ni,0.31
Au2Ca4N2,0.27
Mo6Si8Y4,0.24
Ag3In,2.09
Ag4Sc,0.32
Al2HgSe4,0.25
BiTh,0.37
NaNbO3,0.27
AlCo2Zr,0.29
Cu2O6V2,0.42
SbU,1.47
BPrRh3,0.32
Ni3S2Sn2,0.11
Cl4K4O12,0.3
F3MgNa,0.25
As2BaNi2,0.32
Os8Zr4,0.34
Au3In3Yb3,0.32
H6Ba2Mg,0.19
CdF3Rb,0.4
Hf2O4,0.29
Sc6Tc2,0.54
AlAu2Zr,0.45
IrY2Zn,0.33
Hg2MgYb,0.73
HoRu2Ta,0.32
Ca2RhZn,0.33
NiSnTi,0.27
BiRhTi,0.52
Rh2SiZn,0.35
Mg3Re,0.33
MgSm2Tl,0.3
Ag2O4Rb2,0.36
NaNdS2,0.23
CW2,0.28
NRh,0.39
B2Os3U,0.3
O3ZnZr,0.39
Sc4,0.38
O2Pd4,0.49
AlPt,0.42
Ag2O4Sc2,0.36
GaSb,0.23
Tb2,0.25
NiO2Rb2,0.3
Ni2O6Pr2,0.29
Al42Pt16,0.3
Cu2Hf2Si4,0.24
CaPb3,0.44
Ni2Th,0.51
H8Al2Mg,0.28
Hf4O8,0.29
As4Co4S4,0.2
P2Sb2Zr4,0.25
Co8Mo12N4,0.3
Hf4O14Y4,0.26
Cl6Cs2LiLu,0.3
CAlTm3,0.32
AlHfNi2,0.36
Ba,1.57
IrLiRh,0.38
Al2HgTe4,0.25
Au2BiCe,0.47
OsPtSc2,0.3
CaLaZn2,0.27
AcCd2Mg,0.34
DyMg2Nd,0.26
Ga2LiNi,0.36
AlB2,0.24
Br3S,0.22
ErNdZn2,0.35
Li3Mg3,0.23
O18Si6Sr6,0.32
CAlPr3,0.25
Ni2SbTi,0.41
CaHg,0.27
Ir8Mg4,0.36
Co5Tb,0.36
F9Pd3,0.29
HoLiSe2,0.23
B12,0.14
Fe4Li8O16Si4,0.28
O8V2Y2,0.33
HoSb,0.26
As2Co2Li2,0.27
Fe2Ge4,0.24
CrN,0.29
In4S8Zn2,0.31
Ca3Cl2Cu2O4,0.26
Al3V,0.17
Cu4O4Pb2,0.35
Au2SnU,0.42
CaF3K,0.14
Cu6S6,0.36
CuF6Mo,0.44
Al8O36Y16,0.27
LaOs2Si2,0.26
NW,0.62
Fe7Mo6,0.31
HoRu2Si2,0.29
MnPdTc,0.52
Ni2SnU,0.3
Li4O5W,0.15
Ba2Sb6,0.24
Br6Y2,0.28
Hf3O8Sn,0.31
O6Sc2Y2,0.3
Li8Si8,0.23
HgSe,0.35
CdPm2Tl,0.34
LiTcZr2,0.38
Ag2AlMg,0.36
Au2SnYb,0.43
CuRh2Sb,0.76
Cu4S6Si2,0.3
NiPY,0.04
CaNiTe,1.2
IrNiZn2,0.37
Ag2ErHo,0.3
Cu3Sc,0.35
Ho6Mg2,0.23
Ge3Ni,0.47
Fe2TaTi,0.33
AcCd2Yb,0.31
Fe3Mn,0.29
GeMn2,0.43
CH4,0.3
GaPPt5,0.32
CGaHo3,0.31
Al8Mn4Y,0.2
Ag2KPS4,0.34
Ru3U,0.34
MoPt3,0.31
Ir3Te6,0.26
Co2K2O4,0.29
Be4Nb2,0.23
C8Cd2K4N8,0.4
NiSbTi,0.31
BiPu,0.28
DyRh,0.34
LaZn5,0.31
Co4Sc2,0.35
B6La,0.2
Cl6Mn2Na2,0.31
C16B16Mg8,0.23
Bi2SnTe4,0.22
Cu2ErIn,0.33
Ag2Nb2O6,0.34
Ge2Hf2Te8,0.18
Co2Si2Zr,0.26
Nd4Se8,0.26
Co2HfSi2,0.27
Mg4O12Si4,0.26
CoFe2Ga,0.48
Cu2Fe4O8,0.36
GeIr2Li,0.23
Li2PbPm,0.25
CuHf2Ir,0.38
Co2LiSi,0.22
GeNiZr,0.63
B2O5Si2,0.33
Rb3V,0.49
CuLi3,0.19
BiO3Pr,0.38
TlZr3,0.29
BaO4Sr3,0.24
Cs2F6InTl,0.14
Bi8Zn8,0.31
CaO3V,0.3
Mo2S4,0.23
Ga4V2Zr,0.22
B4Ti3,0.14
Te4,0.32
Ir3V,0.23
PtSe2,0.24
Ag2Al7Ca3,0.24
Tb3,0.23
Cu2P2Sr2,0.22
BeCu,0.29
Cl6PtRb2,0.26
HCr,0.26
B2Cr2,0.17
Cr6P4U,0.24
Cu2P4Y2,0.3
Ho2Ni2Pb,0.32
Bi2Te3,0.21
DyIr2Si2,0.25
Na2P2Zn2,0.25
Na2O4U,0.28
As2CaMn2,0.26
Pd2Si2Th,0.45
Ga2Ho3Mn3Si,0.23
LaRe2W,0.28
H2F2,0.39
H2Li2Pt,0.27
P2S8Sc2,0.2
Ag2Ge2Sr,0.24
O2RbSm,0.25
Sn2,0.3
AlOsSc2,0.34
ErIn2Li,0.33
AcAgHg2,0.46
CuPm2Pt,0.37
Cl6Ho2,0.25
Ag2Mg6,0.29
CrFeV2,0.3
LiRhSc2,0.35
AsAuYb2,0.23
Cu2GaLu,0.38
AlMn2Ta,0.27
AsCoZr,0.67
BaNaSb,0.3
Mg6Yb2,0.37
AgLu2Pt,0.34
KO3Re,0.19
As2Pd2Sr2,0.31
Ir2NdSm,0.38
Li3Pt,0.34
CdTl3,0.54
As2OYb4,0.21
CdO4Sr3,0.2
TiY,0.19
CIr,0.36
FeNi3,0.3
H3Ce,0.38
NPd,0.39
Cd2Zr2,0.31
CoFeGeTi,0.35
OSSr2,0.24
Fe2Pr2Si2,0.22
N3Re3,0.29
As2S2Th2,0.28
Be4Ge4N8,0.2
Ni2P2Zr,0.35
Ba6N2,0.31
Al3Pt2,0.29
HgNd,0.36
Ca2Si2,0.21
Cu4Yb4,0.27
In2S4Zn,0.3
O16Pb12,0.37
LaNi5,0.31
CaO,0.21
Cl6Cs2Fe2,0.34
LiPbPd2,0.43
Sb2Y2Zr2,0.28
F4S,0.22
Al8Fe4Sc,0.22
Se2Zn2,0.29
O16S4Tl8,0.35
Ca6O14Ti4,0.28
DyFe2Si2,0.26
As12Ir4,0.23
S2Ti2,0.24
MnRhSb,0.5
Pt2Si2Tb,0.44
F6K2Re,0.27
AlSc2Tc,0.33
GaLuRh2,0.34
Au2CdCe,0.4
B4Rh5Sr2,0.27
BO3Zn,0.61
AsO3Rb,-0.06
Ho2Sm6,0.28
Ag2Au6,0.41
N6Sr2Tc2,0.39
CO3,0.67
Bi2Cu2O4,0.37
Ag2F6Mg2,0.31
Mo2Pt2,0.29
Er2Zn4,0.22
Sn2,0.27
Ga2Li2,0.17
Sb,0.3
C2Ho,0.33
F4Si,0.28
Ag2In2S4,0.36
In2LiPt,0.35
Ga2In2Te4,0.26
Ni6P3,0.4
Al4Sr2,0.2
Cu2I2,0.33
C4Fe10,0.33
Ag4S2,0.36
Al4Li4O8,0.26
BaLiO6PrTe,0.69
Ge2Sc2Tb2,0.22
Co4Nd2,0.44
As2Cu2Sr,0.31
F4Ni2,0.36
B4O2,0.68
BrReW2,0.38
BeLiTa,0.71
CoO3Sr2,0.25
OSc,0.27
MnN,0.15
Er2O7Si2,0.33
Ba3O7Zr2,0.27
Al8Ca4O32Si8,0.29
Hf12O24,0.29
Ge2O8Zr2,0.32
Cu2Er2Si2,0.2
CaSi2,0.26
Hg2Sc6,0.28
MnNiTi2,0.33
Ir2LiZr,0.36
Ga6Tb2,0.21
Co6LiP4,0.29
InSm2Zn,0.28
Pt2ThYb,0.38
C2B2,0.36
DyKS2,0.35
NPr,0.38
H3Fe,0.24
B2O9S2,0.16
NdRu3Si2,0.32
Ge2Rh2Sr,0.23
Ca3Ir4Si4,0.33
Pt12Si5,0.54
AlCrFe2,0.32
O12Re4,0.28
SZr,0.33
Pt2Sn8,0.29
CoGa2Zr6,0.3
Ge4Ni4Sc3,0.25
B2Cl6,0.31
H8I2P2,0.27
C15V18,0.21
N2SeU2,0.27
Ba2O4Ti,0.33
Mg2O6Si2,0.27
Co2LaSi2,0.22
H4B4Na8O12,0.31
As4Sn3,0.27
BRh6Ti2,0.29
I4Pd2Te2,0.28
C2CuRb,0.35
Fe4Tb2,0.41
BeKPt,3.66
Cl6Fe2,0.29
C2IrU2,0.38
O6Rb4Sn2,0.34
O3PrTi,0.34
Co2Na16O12,0.27
PSi,1.31
HfIr2Li,0.33
CaHg2La,0.16
HfRu2Tm,0.3
LuRu2Sn,0.31
Be2IrPt,0.28
BeRu2V,0.34
Cs4P4Si2,0.27
CaMg2Sb2,0.23
CdSiSr,5.89
C9N12,0.19
O3PtPu,0.47
Ag2PrTl,0.38
LiPt2Ti,0.4
Au2GaY,0.47
CsCu3S2,0.35
Dy2Pt4,0.34
Ag2Yb,0.35
AgKO,-0.17
Cu2Ho2Sn2,0.19
Ag2Pr2Si2,0.34
PPd5Tl,0.34
S4Tb2,4.41
AlCo2Fe,0.28
Mg3Nd3Pt3,0.35
Pu2Ru4,0.52
Be2MgN2,0.15
Be2Zr,0.19
Pd2Zr2,0.39
CeTe,0.41
Ni5Th,0.34
CNi3Zn,0.36
Al4Co2Y2,0.28
Au5Sr,0.38
Ba2Ni2O6,0.37
Ca2Sn2,0.26
CdS,0.35
Dy2Si2,0.22
Cl6Co2Rb2,0.37
Ag3Sn3Tm3,0.26
Pt3Sm,0.32
Rb3Sb,0.0
F6HgSn,-0.45
AlNi2Zr,0.38
K2Li2O4Zn2,0.25
F12Ho4,0.25
CCr,0.28
Hf4Ni2P2,0.26
GaMnNi2,0.32
CB2DyNi2,0.34
H2,0.5
Cu2LiP2,0.33
K2O3Sn2,0.28
Hf2Li4O6,0.24
HfRe2Ta,0.31
Al6Y2,0.27
InLi2Nd,0.21
MoTc2Ti,0.3
CNb,0.23
AlLi3,0.22
GaIr2Zn,0.29
Au2BeLi,0.19
CuTm,0.26
GeSb,0.23
ClILiNa,0.25
CsPRb,0.39
Mg6NbSr,0.23
Au2Th,0.37
Mo2S4Ti,0.25
CuF4Rb2,0.25
B6N10Sr6,0.33
Li56N32Sb8,0.17
Ge4O8,0.26
As4Cu2Y2,0.27
ScZn12,0.25
Ca3NP,0.17
Sb2Te3,0.21
Dy2Ir4,0.3
SbSn,0.23
AlCrCu2,0.33
Eu2Ge4Zn4,0.26
Cu2Si4Zr2,0.22
Au2InY,0.39
Bi4O18Sr2Ta4,0.21
Ag2InSc,0.41
Ag3Tm,0.45
Ge2Ni2Pd2,0.36
Co6Fe12O24,0.34
O8P2Sc2,0.28
O6Si3,0.3
O8Sr4Zn4,0.27
Hg6Mg18,0.42
C27Si27,0.16
NiSiTl2,0.74
Fe2Mn4O6,0.34
Hf2O7Sr3,0.25
Na6Sb2,0.2
Pa3Si,0.32
Cu2Mg4,0.28
AuLu2Zn,0.33
CdDy2Tl,0.3
CFe2Si2Tm2,0.24
NaPd3,0.31
Tc2WZr,0.27
Ac3Sr,0.25
C2CoTh,0.29
AgMg2Sm,0.55
AsNa,0.25
Al2Sc4,0.24
CdCe,0.15
Al3U,0.21
CuEr,0.29
Cd2Gd,0.25
Ge4Ni4Tm4,0.24
Co4Mo4P4,0.3
CoMn2Sn,0.58
C2I2Y2,0.3
As2CaCu4,0.34
Bi4Sr2Zn2,0.28
Sn2Ti4,0.28
InSr3,0.43
C4Mg2N4,0.48
Ag2S6Ta2,0.32
Cl6Tb2,0.28
HgOsPb2,0.33
Rh2SnV,0.32
O6Si3,-0.03
Co2O6Rb4,0.41
GaNi3,0.31
MgO6Pt3,0.33
Ac2LiSi,0.25
I4Sc2,0.28
InLi2Pm,0.19
Hg2MgPm,0.32
InMgPd2,0.35
Br6Tm2,0.26
Tc2TiW,0.29
Ac2MgSn,0.32
MoPt2,0.28
Ag4Hg2S4,0.38
Ag2DyY,0.31
PbSn,0.39
Cu2Mg2,0.28
Mg2Zn4,0.27
Cr3U,0.42
ClNa2,0.26
CHf,0.41
BiPSr3,0.21
CIr,0.5
Co2CrSb,0.3
InPPd5,0.33
Ga4Ni2Tm2,0.27
FeSbTi,0.3
Al3Y,0.18
Mg4Zn8,0.31
NdSb,0.58
As2Cu2Sr2,0.21
NdSe,0.34
La3Sn,0.4
O3W,0.27
Rh4Si4Y4,0.29
EuFe4P12,0.2
Si6Ti10,0.22
Co4P4,0.26
Er12S18,0.3
Cs2Cu4I6,0.29
Mg8Sr4,0.24
RhZr,0.45
CMn3Zn,0.34
Cu12Sb4Se12,0.34
LiMg2Tl,0.74
V4Zn5,0.31
CoNbSb,0.33
EuNi2Si2,0.27
O7P2Zn2,0.62
Co2Ge2Pr2,0.29
AgP2Se6V,0.35
AgCuO2,0.43
Al2Sn2Sr3,0.22
LiS2V,-0.76
CeNaO2,0.26
OsPdSc2,0.31
IrRuSc2,0.31
Ge6Rb2,-0.18
AgHg2La,0.37
Fe4Sb12,0.27
PSi3,0.52
Cd2Sc6,0.27
Ho4,0.24
Al5HfNi2,0.24
CeMg3,0.28
Al2Ge2Sr3,0.21
Ga6Hf4,0.27
Hf4Pt12,0.3
Al6Pr2,0.23
Al3NdPd2,0.29
Au2Lu2Sn2,0.28
IrLu,0.3
Al8Pt16,0.32
Ni4O8Si2,0.28
CrK3O8,0.27
Cr4Nb4P4,0.27
C4W8,0.29
Ag2In2Se4,0.36
Pb3Pr,0.41
TiZn3,0.38
Co2SnTi,0.31
Nb2Se4,0.24
As4Ni2U2,0.3
In4O6,0.32
Cl2Zr,0.24
Cl6Cs2Pb,0.27
Cu5Pr,0.37
C2Br2N2,0.27
Cl6Tm2,0.09
S6U3,0.31
Al11Mn4,0.22
Cl16Nb6,0.24
Ge2Rh2Th,0.36
AgZr3,0.43
GaHfNi2,0.39
Al8Ni2Y2,0.24
Mg2O6Ti2,0.28
CsCu4Se3,0.33
As2BaRh2,0.31
C3B2Tb2,0.33
Li30Si8,0.21
Br2N2Zr2,0.06
Pd5Ti3,0.38
Rh2SnV,0.58
Ag2CdSc,0.36
PtSiZr,0.32
CaLi3,0.28
AcLi2Tl,0.33
Mg3Na,0.22
AsF6NaRb2,-0.26
CaCl3Rb,0.27
N2Tc2,0.29
KMg6Mo,0.29
N8Si4Zn4,0.41
BiMg,0.25
Al2Li2,0.18
AlLa3,0.3
AgMg2Pr,0.34
Ba2O8W2,0.31
B2Fe2O6,0.27
Cr2Mg2O8,0.23
DyTh,1.2
Pb2S2,0.21
EuGa2,0.14
BrRb,0.3
Bi2I2O2,0.25
CdPt2Zn,0.34
Cu5Tm,0.4
Pd3Ta,0.32
O2Se2U2,0.26
AsNaZn,0.18
C2Ca2O6,0.31
AuMg,0.33
F6KP,0.32
B16Li8O28,0.12
MnNi2Sb,0.43
Al8O36Y16,0.29
Co2ErGe2,0.27
F8Fe2Rb2,0.34
Cl6NbRb2,0.31
O5S2Sm2Ti2,0.31
H2FeO2,0.25
Cs4,0.36
H6MgSr2,0.18
FePt3,0.34
Gd2O4Y2,0.28
Li2Ni2P2,0.29
LaNaO2,0.33
Cs2O4Sc2,0.39
CaNi5,0.28
Al4Ca10Sb12,0.25
BeFe2Si,0.27
AuPtSr2,0.3
Ac2Ga6,0.2
W,0.29
N16Zn24,0.31
P2YbZn2,0.22
BiCo3,0.34
CBa2CuN2O2,0.41
As2YbZn2,0.24
Cd6Ho2,0.28
Mg3Tl3Y3,0.21
Cu12Sn10,0.3
AgHf2,0.29
Nd2Ni4,0.34
F6HfRb2,0.3
O2Zr6,0.32
Eu4F12,0.32
FeSe,0.26
P4Pb4S12,0.3
InZr3,0.28
Cu5Sm,0.33
AgClO4,0.39
BiRb3,0.33
AgCd,0.45
Al4I12,0.12
Mg5Si6,0.44
Ru2Si2Tb,0.27
Al2F8Tl2,1.11
As2Ni2Sr,0.26
F4O4Sc4,0.31
MnRhSb,0.37
Ce2Mn2Si2,0.38
C2CoTb,0.26
Hf2O6Sr2,0.24
O8Ti4,0.35
F6KNiRb2,0.38
Hg4O8,0.33
Cu6S4Tl,0.38
Ni3Se4,0.33
O2Pt,0.23
KMnRu,0.76
CdNiP,-5.31
BGa2Sb,-0.41
CB2HoNi2,0.31
Hg2LiTb,0.38
GaHfRu2,0.33
GeMn3,0.31
Ag2InYb,0.36
CdSnYb2,0.2
AgLi3,0.33
LiNd2Os,0.36
AsO3Sr,0.21
In3Pd3Sm3,0.33
BMg6Si,0.27
Ca6N4,0.47
Ga2Se4Zn,0.23
Al3Ni5,0.31
CHf,0.2
In4S8Zn2,-0.19
As2Se2U2,0.26
Ca8Sn4,0.26
Cl2Gd2O2,0.29
Cl6Pr2,0.28
Co5Dy,0.39
CoNbSn,0.81
O12Ti4Y4,0.32
C2Mg2O6,0.37
Ga6Nb10,0.3
O2,0.38
CuTi2,0.31
Bi4F4O4,0.26
Fe4Mn2O6,0.32
Li2O2V,0.21
Tl3Tm,0.39
CaHg2Pm,0.33
LiTlYb2,0.36
AlDy2Mg,0.22
Be2IrTi,0.34
Li3Ni3O6,0.59
CdRb3,0.21
BeLi3,0.33
BiHf3,0.37
CW3,0.21
Hg5Mg,0.38
Cu,0.44
Ni4Sc2Si6,0.27
NTc,-2.89
Sn,0.26
CRe2Si2Y2,0.29
Ni6S8,0.33
Hf2O6Sr2,0.26
Co2O8Sr4,0.32
O6V4,0.32
Pt2Sn2,0.35
Se2Zr,0.23
Fe6Ge2,0.32
H8Ca4,0.22
AgPr,0.37
Be8P16,0.18
Pt2Sb2,0.39
Mg4Sn4Sr4,0.2
Ru2,0.24
Ca4F2N2,0.22
Cs2F6GaLi,0.28
C2N2V4,0.24
Nd2NiO4,0.3
Al2Cu2Se4,0.3
Cs2F6Pt,0.3
H2,0.48
K4O6Sn4,0.23
Ag2MgPm,0.55
HfIr2Zn,0.32
Mg2Sc4,0.3
EuGeO3,0.31
AgPtTm2,0.35
Ag2CaCe,0.13
InLi2Sn,0.38
GaRh2Y,0.32
Ca2IrLi,0.28
AgCu4Sm,0.35
Ga2Se4Tl2,-0.59
Nd6Zr2,0.28
Ga3Y,0.22
Al10F40Rb10,0.37
NTl,-0.03
CV2,0.32
N2Pd,0.38
ErSb,0.5
Al2K2Te4,0.23
Cs16O12Zn4,0.31
AlAsPt5,0.37
BiMg,-47.53
HgSc,0.33
BaNiSn3,0.26
Ni3Pt,0.31
Li,0.36
Al2O4Rb2,0.3
Os4Th2,0.44
Ru4Si4,0.29
Co4P12,0.19
Ni6Sn2,0.32
La2Si4,0.3
In2Ni4,0.42
Ba2CeO6Pt,0.3
C2Cl4F4,0.31
Cs2O4U,0.27
Li5Sn2,0.2
Rh6W2,0.3
Cu4S12Ta4,0.26
Al2CaGe2,0.22
Sb2Tb2Zr2,0.3
Au4Ca2,0.4
B2La2Ni8,0.29
Cs2Cu2O2,0.36
F5MnRb2,0.4
F4Fe2,0.35
ZnZr,0.31
Pd3Tl,0.37
Pa,0.48
GaLi2Sb,-0.05
Al2N2,0.24
CLa3Tl,0.24
Cd6Er2,0.29
Li6S8Sb2,0.23
Cu4Li4S4,0.29
NaSmTl2,0.31
CdPt2Tm,0.44
Ag2GaLi,0.29
GaRu2Sc,0.33
CrFeTa2,0.31
F4HgRb2,0.32
O8Si4,0.24
Al2MgSe4,0.25
H3Zr,0.23
O3ScV,0.66
ErKO3,0.54
Cu2Nd2O2Te2,0.38
KPr3,0.39
TaW3,0.27
Cd2PrYb,0.3
Ag3Be,0.42
C2Ge2Ti4,0.22
Ge,0.4
CMnSc2,0.33
Al3Y,0.64
C4Be2,0.27
Cr3Ni,0.19
CoTeV,0.29
N3Os3,0.32
N3Tc3,0.26
Mg6SrTi,0.26
Co4K4N4,0.3
Ca8N12Nb4,0.51
Li4N8Nb4,0.28
BiMg3,0.35
CLa3Pb,0.22
Cd2Ho,0.26
Hg2Nd,0.3
B4Li4,0.19
Al2Th2,0.29
ThTl3,0.31
C2In2Ta4,0.26
Cu4Li2P2,0.33
Bi12Ca20,0.24
Bi8O16Pd4,0.35
Ca6Zn2,0.32
GaLiMg2,0.29
Al2O8P2,-0.28
C4Cr4V2,0.32
CaCuO2,0.28
Al3Rh3U3,0.34
Co2Si2Y,0.24
Cu2Na2S4Zr,0.34
F12Mn4Na4,0.3
B2Mg2Na2O6,0.34
Mg2Zn4,0.56
GaRhTi,0.66
CB4Dy2,0.2
CAlTb3,0.35
Cs2F6KTi,1.01
Ir2TcTl,-0.79
Rh4Si4Ti4,0.3
W4Zr2,0.32
CB2ErRh2,0.41
Te4Ti5,0.27
AlO,0.55
AuInPd2,0.56
HfNi2Zn,0.35
PaPt2Yb,0.38
HoNbOs2,0.31
Pt3Sb,0.45
Ba8Mg4O32P8,0.23
MoP,0.52
B2Li2,0.28
Co4Na8O28P8,0.25
CPd3Y,0.45
Ca3Zn,0.42
CRh3Yb,0.32
Ga3Mg3Sm3,0.19
ErHg2,0.3
Ga4Ni2Y2,0.28
Ni3Sn,0.3
Al4La4,0.24
Al2CoZr6,0.29
AlHfPd2,0.42
Be8Mo4,0.2
Li2Mn2O4,0.23
Co4In2Zr4,0.32
Ge4Ni4Ta4,0.33
CoSi,0.25
Br4FeLi2,0.24
Cs6I18Sb4,0.39
Si,0.46
NSc,0.19
Br2Mg,0.34
AuLi2Sb,0.34
BiHoPt,0.3
F2O4Ta2,0.28
Co2ScSn,0.27
Ca4Mg4Sn4,0.21
Ge2Rh2Y,0.32
Na6O6P2S2,0.27
C10Si10,0.16
FeKP,1.08
Sc2,0.26
NaS2Ti,0.25
H2Ho2O4,0.28
Re4Si4,0.33
CsF3Yb,0.24
BeGaRh2,0.29
AlSc2Zn,0.25
Au2PaTl,0.4
IrZn3,0.34
S2V,0.18
HfNiSi,0.41
TbY3,0.27
Rh3Ru,0.24
NdSmZn2,0.3
Hg2NdPr,0.36
Li3Zn,0.22
Al2HoY,0.26
NW,0.32
B2Tc2,0.42
CRh,0.4
Ca2Pb,0.32
O3RhZn,0.4
N2V2,0.24
Al8CaMn4,0.19
B2Fe2Y,0.24
Be2Hf2Si2,0.18
S12Sm8,0.29
Fe7W6,0.29
Si4Zr2,0.2
As2Cu2Na4,0.25
CuLi2Sb,0.24
Np2Sb2,0.31
AuCs,0.25
Sb4V5,0.25
AlLi2Rh,0.3
Al2BaGe2,0.36
Ni2ScSi2,0.32
BRh3Yb,0.27
PtTe2,0.26
Ga2HgS4,0.17
B4Mo10Si2,0.28
Ge2Ti2Y2,0.26
K4N4O12,0.31
As2Dy2O8,0.31
HAlCaSi,0.2
MgPm,0.25
Bi4U2,0.33
I2N2Zr2,0.25
ClNbRu2,0.46
K2N6,-0.34
F8Ho2Na2,0.3
NpO,0.37
As2Hg2K2,0.22
O2RbTm,0.25
ClORb3,0.5
Mo6Te8,0.31
LiPd2Te,0.41
BiLiPd2,0.43
Be2CoIr,0.28
Hg6Tb2,0.35
AsLiZn,0.21
Au2GaPr,0.59
SmTh3,0.26
HfSm3,0.27
CN3Ta2,0.39
Er2Sm6,0.27
UYb3,-0.09
Sn3Zn,0.51
CoMn,0.28
GeSc,0.95
CoInTi2,0.36
B3GaN4,0.22
Cr2Te4Ti,0.17
C2PtRb2,0.3
OsV,0.32
O6ReSr2Tb,0.65
P16Zn4,0.27
AlPt3,0.32
Ba2Mg4Pb4,0.26
C2In2V4,0.23
Cu2InTi,0.33
ClRb,0.3
H2Ac,0.27
Pr2Rh4,0.33
Mg6Zn33,0.29
Nd2O8Ta2,0.3
Fe4Mn2O8,0.33
AgAsF6,0.46
NaO3Ta,0.3
DyNiSb,0.15
HfO3Sr,0.11
Cu2Te2Tl,0.32
N3Ta3,0.55
CdGaInS4,0.25
Rb,0.72
B34K6,0.18
P6Sn2,0.25
K2Nd2O4,0.26
Fe6P3,0.32
OU,0.71
PtSc2Tc,0.31
Os2ScTa,0.28
PTh,0.3
FeTeTi,0.28
CoOsZr2,0.3
I2Ru2,0.43
As2B2,0.14
BaO3Rh,0.32
Mn4O12Sr4,0.35
GeMnTi2,0.4
BGa3N4,0.23
Cs2CuF4,0.31
C3Cr2Tb2,0.3
CdCeNi4,0.33
O3Y2,0.36
B2Zr,0.14
Mo2Ni2O8,0.33
Mn6Na4O14,0.32
CNd3Sn,0.39
Se2Ti,0.2
Ca2Ge2,0.21
Be4Li4N4,0.22
F6K2Si,0.3
NaS2Yb,0.32
BaNb4O6,0.25
Mn2O2Sb2Sm2,0.28
F3Sc,0.3
F6MoNaRb2,0.14
Cd2V6,0.39
CoHfSb,1.2
Ce2Ru4,0.49
C4N24Si16Y8,0.25
As4Zn6,0.33
CoMnTi2,0.3
Mg2PtRh,0.29
B4Cr3,0.21
Cu2K2Se6Zr2,0.19
Si2Sr2Zn2,0.19
In2LuSm,0.36
Cl6InLiTl2,0.3
P4V2,0.18
CsF3Tl,0.33
Cd2N2,0.42
La6Si4,0.29
O3SiZn,0.37
LiMgP,0.34
Li3,0.29
N4Os2,0.5
Ni2Si4Tm2,0.28
Ca6Fe2N6,0.25
Mg4N8Ti4,0.29
ErP2Ru2,0.24
Re8Zr4,0.38
Mn6ScSn6,0.24
Cs2Pt3S4,0.38
Ga4,0.22
CuO,0.41
Ba4Ca4Si4,0.25
Mn8Sc4,0.39
Cu4Li2O8,0.32
Ni2P4,0.23
Ga2S4Zn,0.23
Bi2IO4Tb,0.26
S4V2,0.18
Bi4O8Pd2,0.24
Ag5Cl2PS4,0.38
I4Pd2,0.26
HAlSiSr,0.19
CdIrRu,0.43
Hf12N4Zn12,0.24
MgO8Re2,0.21
Ge4Mg4N8,0.26
GdO2Rb,0.25
Na2O4Pr2,0.31
LiPbRh2,0.26
GeMnRu2,0.3
Ac2GeZn,0.29
LuOs2Ta,0.31
Ir4S4Sb4,0.25
GeRh2Sc,0.62
C4,0.27
AlCoFeTi,0.21
N2Ti6Zn2,0.24
K2O4Pu,0.34
Mo2N8Na12,0.22
Ge2Hf2V2,0.3
CLuRh3,0.32
C4B4Pr2,0.2
BNdPt3,0.33
O4Pt2,0.31
O2Rb4,0.34
Mg4Si4Sr4,0.19
Mg2Se8Y4,0.33
Fe2Ge2Th,0.26
FeSi2,0.22
In2Ni6,0.34
BrTl,0.36
B4Li12O12,0.26
Br6Cs2Mg2,0.34
Ga2Hf4,0.27
Hg10Pd4,0.49
BNdRh3,0.3
Al8B8O32Pb8,0.22
I12In4,0.24
Bi4Pd2,0.35
Te2Zr2,0.25
Br2Zn,0.28
Hf4Os8,0.35
La2Li2O8Ti2,0.3
O6Y4,0.31
H8O4,0.3
Li6P2,0.17
O8Zr4,0.28
AuLiMgSn,0.57
As2Li6,0.16
CdO6Pt3,0.34
Al4Tm2,0.2
AgLi2Tl,0.58
Ac2N2,0.39
CuPtSc2,0.34
FeRu2Ta,0.31
Ba4N16Si10,0.26
Ni3Sb,0.37
NpO3Ti,0.33
AuPtYb2,0.32
CaFeO3,0.23
Na8S8Zn4,0.3
AlMg,3.82
Y2,0.24
LaTl,-0.0
HoS,0.33
Cu4Hf3Si2,0.27
O12WY6,0.3
Fe3Ga,0.36
N12Rh4,0.22
B6Ce,0.22
Co4Se8,0.23
Mn4Rh4Si4,0.3
Ca2In4Pd2,0.31
I2In2,0.25
H2Cl2Sr2,0.3
Br6PdRb2,0.29
CrFe2Ga,0.41
BLuRh3,0.28
BaLaLiO6Te,0.6
CuO4Pr2,0.3
Os4PrSb12,0.28
Fe8Sc4Si8,0.24
Co2PrSi2,0.21
Bi2Se3,0.22
Cs2F6KNi,0.38
F6FeKRb2,0.3
Hf2I2N2,0.28
N8Rh4,0.26
Ca8N8Ti2,0.29
Hf3Mo3P3,0.26
CsCu3S2,0.29
OSnSr3,-0.09
F3Fe4O5,0.23
Hg2NdYb,0.3
Ca2GaLi,0.1
AlGeLi,0.55
MgNaP,-3.24
Tm3V,0.34
I4S4Sb4,0.36
HfHoRu2,0.31
NaRu3,0.39
Hf2ReRh,0.24
S6Zr2,0.27
Au2Cs2O4,0.32
Mn2RuSi,0.29
HBaGaSi,0.19
BiCa3Sb,0.18
CrRh2Sn,0.31
Co2Mo2P4,0.26
Cu2F8Sr2,0.32
BBe2,0.24
CeFe4P12,0.18
Co5La,0.41
S2Sm2,0.21
Ba4Co4O12,0.35
Ce2O8V2,0.33
In8Pd2Sr2,0.29
LuNiSb,0.19
GdPt3,0.31
C2Pb2Ti4,0.25
Al2Pb2Sr,0.52
InMnNi2,0.39
Br2Fe,0.27
I2Pb,0.24
Cl6Cs2Ni2,0.29
N8,0.28
BaPd5,0.32
F6Hg3Nb,0.44
ClNa3O,0.24
Cl2OOs,0.27
Ir3Pa,0.28
Ir2W2,0.27
Sn4Th2,0.27
Al3Dy,0.23
Ge2Mg2P4,0.29
MnPd2Sb,0.45
Fe4Mo6O16,0.36
B2Co3Sm,0.28
BRh3Tm,0.3
Bi2ClO4Tb,0.32
Fe8N,0.29
F6K2MoNa,0.34
Cs2F6Ni2,0.35
Ir2Si6,0.96
Al8Mg12O48Si12,0.27
NdO2,0.51
RuSi2,0.27
CdGeYb2,0.14
Cl6Lu2,0.26
Ir6V2,0.26
InLiPd2,0.93
Be2Li2Sb2,0.17
AlCu2Tb,0.39
Hg2LaPr,0.36
Ho3Na,0.51
AgHgYb2,0.32
H4PdTi2,0.3
AgBaO2,0.27
B6Hf,0.47
Np3Tm,0.35
Ag2Zr,0.43
Ge4N8Zn4,0.29
AuLiSb,0.44
MgS,0.34
AlBaGe,0.19
As2K6,0.25
As2Mn2Na2,0.28
InNi,0.35
MgO6Pb2Te,0.16
Cu2MnSn,0.41
BiNp,0.31
C2La,0.33
Ag5Sr,0.33
MoSi2,0.17
Mn4O32Re8,0.27
AgF6P,0.43
NaSe2V,0.39
Nd2O2Te,0.3
Cu2F6K2,0.31
RuYb,0.35
Pd30Sb12,0.42
As2Co2La,0.28
InSc3,0.25
C5Al4Zr2,0.22
Ag2K6Se16Sn6,0.28
Cr2FeSe4,0.22
CuFeS2,0.34
BaFe2S4,0.3
SiSr,0.47
Al4O6,0.27
O4S2Sc4,0.29
FO7Sb3,0.24
NaO3Ti2,0.27
CrP2S7,0.26
Al16O24,0.24
FeIrTi2,0.33
IrLiPm2,0.35
AuPm2Ru,0.38
MoRuTa2,0.27
Co2Y2,0.32
Rb2Sn6,0.32
S8Ti4,0.24
Cu2Zn6,0.32
ErPr3,0.26
BeNa3,0.41
H2Er2,0.21
Co3Mo,0.28
GeO3Sr,0.27
Pt2V2,0.32
CaF3Li,0.34
CrGaP2,0.38
Bi2Li3Pr,0.21
Mg6SrY,0.21
Ga4HoTi2,0.24
Te4Ti2V,0.21
AlNO3Pr2,0.24
F6NaP,0.28
GaIr,0.36
IrMnSn,0.43
KP2Rh2,0.22
Cu6Ti2,0.34
BePd2,0.32
AsKZn,0.22
NNb,0.31
Au6Mg18,0.28
Rh4Si4Ta4,0.29
As8Pt4,0.25
Co2Sb2,0.28
Br2Co,0.33
Li2MgPb,0.24
AgAlLi2,0.31
Al4Mg4Si4,0.3
Sb2Ta6,0.3
F24Ir4,0.25
O8Pd2Se2,0.29
Sb2Tm2Zr2,0.3
Sb6Y8,0.3
Nb6Tl2,0.32
Li4P2Sr,0.17
N4,0.21
C3B12,0.37
OPd,1.12
H8I2N2,0.37
AsLa,0.25
Cu3O2S2Sr2,0.2
Cu2Na2Te2,0.32
Ge2P6,0.21
Nb4O8,0.36
O6Ti3,0.32
LiMnPt2,0.31
ScTc2W,0.33
InNbRu2,0.3
MgRh2Zr,0.3
ErNaTl2,0.24
CdHfRh2,0.34
AuLi2Zn,0.45
AgDy2Tl,0.37
BaHg2Na,0.47
LiPd2Tm,1.13
AgCaP,-16.27
Ga2O5U2,0.32
AgLu2Zn,0.35
MgMnPt2,-0.41
NaNb3,0.41
HoOs2Ta,0.31
Si2Tm6,0.33
Hg4Rb2,0.28
Cl6InKRb2,0.39
NV,0.45
CAlTb3,0.35
B6Co2V2,0.21
MgNi,0.35
H3La,0.37
Sr4Zn4,0.34
Mn3NZn,0.26
HgTe,0.39
Ni2Sb4,0.29
Ir5Sn7,0.31
N8Si6,0.17
PbPt3,0.38
Ca2Cl4,0.32
NiSi2,0.4
Bi2Cu2O2Se2,0.3
HgTi3,0.32
Cl6Cs2Ge,0.26
Br8Pb4,0.04
Ba2Pt2,0.33
Ni2Zr4,0.42
H8B2Na2,0.28
Pd4Sb4Se4,0.34
U2,0.2
Cd2P4Si2,0.28
C4Fe12,0.34
ErFe2Ge2,0.32
C4Nb8,0.28
Hg4Ni,0.28
N2SU2,0.24
As2Ce2S2,0.18
H2O2Rb2,0.29
Cu4K4O4,0.3
AlF3,0.25
CaF6Sn,-0.32
BeLiPt2,0.29
CuSc2Tc,0.31
LiZn3,0.36
NbOs2Sc,0.28
HfN2Sr,0.2
SnZn3,0.46
AgSm2Sn,0.34
Ca2InNa,0.01
MgRh2Zn,0.32
AlMg3,0.17
AuTh3,0.4
AuGe2In3Yb3,0.21
Al2Ca6FN,0.3
AuO2Tl,0.41
CrNb3,0.41
Pt2Te2,0.37
ClIKNa,0.29
As4Ge2Mg2,0.29
Ge2Li4Nd2,0.25
CaN2Zn2,0.23
Ba2Li2Sb2,0.18
SSr,0.42
Er2F2S2,0.28
Be12Ti,0.29
Ir4P4Sr4,0.34
Nd3Tl,0.37
Dy2S4,3.76
Pd2Sb2,0.37
Fe8O23Sr8,0.25
Cr2O8V2,0.26
Sn10Ti12,0.28
Ge2Mn4,0.39
O6Pb2Rb4,0.31
CSnTm3,0.41
In4Ni2Y2,0.28
Si2Ti2Y2,0.27
EuO3Ti,0.17
Ba2Cu3NdO7,0.29
NNp,0.27
Ca10Zn6,0.32
Al12Mo3,0.23
CaCo2P2,0.19
N2O2P2,0.12
Hf2Zn4,0.28
Al4B56Mg2,0.15
AlCo2Ti,0.28
Br12Cs4Pb4,0.29
C14,0.07
Cu12S13Sb4,0.4
Li14P8V2,0.3
Sb6Te3,0.23
F8Fe2Li2,0.35
Nd2O3,0.32
CdEr2Tl,0.31
Ni2PaSb,0.4
O3PaTl,0.31
CrPd3,0.32
LuNaS2,0.23
IrO3V,0.79
F3Gd,0.49
Ag2InMg,0.08
Lu2Te4,0.34
O3RbRu,0.31
Ge3Sb,0.41
CuMg3,0.26
Mg2ScTm,0.23
Hg2Sm6,0.32
Ag3Ge,0.37
Te2,-0.13
NaSe2Tb,0.23
Sc,1.02
Cs2Se,0.32
Hf2Sb4,0.32
AsPt5Tl,0.38
Ba2N4Ti2,0.24
N8Sn4Zn4,0.29
Hg3,0.4
AlCe,0.43
Cd3Zr,0.34
Ga4Pd2Tm2,0.29
MoNi4,0.32
FeNi3,0.3
ErLiS2,0.23
Si4,0.22
MoO4Sr2,0.41
Cr6Ge2,0.25
EuMg,0.04
Co6W2,0.28
Ni,0.29
Cl6PbRb2,0.29
Ca2N,0.31
Au5Mn2,0.38
Al2Fe4,0.28
Bi2O8W,0.27
B6Er2Ni3,0.19
O16S4Sr4,0.32
O4Si2,0.06
La2N2,0.38
HoIr2Si2,0.25
Cs2I6Pd,0.27
B8W4,0.22
Se2Sn2,0.35
Al16O24,0.26
Al3Tm,0.19
Br4Pb2,0.37
HoMgTl2,0.46
Ac2Si6,0.26
AlCuPd2,0.49
Be2CoPt,0.27
O3TmYb,0.3
MgO3Yb,0.74
K3Sr,0.18
MgTh3,0.29
AgO3Sr,0.32
Cr2N4,0.41
CdO3Zr,0.41
AgNiSe2,0.38
CCr,0.21
K2N2Pt2,0.27
CuMgSn,0.3
Hf4Pd12,0.3
Al2Hf4,0.29
Nb6Rh2,0.31
Ni2SnZr,0.37
NTb,0.19
H2CaO2,0.08
Pd3Sc,0.35
Al2P2S8,0.29
Na4O16Ti8,0.27
Mo6Zr2,0.41
Ag2Bi2Se4,0.33
Fe2Sc4Si4,0.24
K4O10S4,0.29
Pt4Se6Tl2,0.25
C4Cr6,0.29
Al3Ni3Zr3,0.28
C21Si21,0.16
IrNaPb,0.47
H6Cs2Pt,0.3
ORb2,0.23
Al4Sc2,0.19
C2NdRh,0.28
IrPdSc2,0.35
LiOsSc2,0.32
AlMgPm2,0.25
CdErRh2,0.33
Be2IrMn,0.29
Be2PtRu,0.3
GaMgPd2,0.38
InOsTm2,0.37
CaCd2La,0.29
Al2Ca3Si2,0.21
BaKSn,0.52
Pt4Si4Sr4,0.31
AgLa2Zn,0.36
EuO3Sb,0.28
CuNa,0.38
Er2GaLi,0.27
MgPd2Sc,0.36
BSn3,0.47
NbRu2Y,0.35
F6GaInTl2,0.65
F6GaNaTl2,0.49
Sb2Se2U2,0.28
AgCaO2,0.33
Ba3NP,0.22
BaMg6Nb,0.25
Eu2Ge2Zn2,0.19
Ce2O8Si2,0.33
CdSe,0.31
Co4Ge4,0.29
MgPr,0.23
Te4Ti3,0.24
Fe2NaO3,0.37
Ge2Ru2Sr,0.22
Mn6Sn6Y,0.23
Co2SnZr,0.3
ILi,0.24
Cl4K2Pt,0.26
Co9Y3,0.38
Cl12O4P4,0.27
Br18Cr6,0.26
HfN,0.25
Cs2HfI6,0.25
Ga4Mg2,0.41
O4SnSr2,0.28
Co2KSe2,0.25
SbSc,0.27
O8Si4,-0.06
Al2Ge4Sr3,0.22
Mn2Se2,0.27
Al4Pd20,0.36
GaO6SbSr2,0.29
AgO2Sm,0.39
Mg3O4Zn,0.24
Ru4Sb4,0.34
Al2CaSi2,0.23
FeMnTi2,0.31
Dy2InMg,0.29
CuRhYb2,0.34
CdHg2Tm,0.37
RhRuY2,0.31
Ag2LaMg,0.35
As6Ca6,0.25
Li8P8,0.23
Bi3Pm,0.42
KO3Pt,0.39
DyNaS2,0.2
InKO2,0.19
Ni4P4Sc4,0.25
Cu2Se4W,-0.53
Be8W4,0.19
NpRh3,0.34
AsLiMg,0.19
CeGe3Rh,0.33
C4B4Y2,0.23
Ge4Ni4Ti4,0.27
CrLiO2,0.26
MnPd,0.46
CeSn3,0.28
Ba2Cu3O7Y,0.29
CdCl2,0.27
BiY,0.26
C5Ti8,0.22
H6Cl2Ge2,0.17
Bi2Tl,0.38
Cu2Fe2S4,0.35
F6K2Pt,0.33
La2Pt2Si4,0.3
Al3Pd2U,0.32
CeOs2Si2,0.28
O8Rb3Ta,0.34
Cs2Pt4Se6,0.28
Al4Tb2,0.2
Al32O48,0.26
Li2O6Ti3,0.27
O24Y16,0.3
FeMgRh2,0.3
Ga6Th2,0.26
CrRu2Si,0.27
Co2LuSn,0.3
Hg2LiSm,0.39
Be2PdRh,0.28
AuK3O,0.24
CdTlY,0.56
O3PbRu,0.3
ErMg2Nd,0.27
CdN,0.35
CrFe3,0.29
Cd2K2Sb2,0.35
Ge2Mg4,0.35
Sn2Sr2Zn2,0.24
CaMg6W,0.26
B2Ir3Yb,0.27
H4Cs2Tm,0.23
Mn10Si6,0.36
Au2S4V2,0.29
Ag2MgZn,0.39
Ag2AsKO4,0.34
CaMgNi4,0.29
Ru2Sc4Si4,0.26
Al2Nd2O6,0.2
AlP,0.27
Au2Ca2Sb2,0.31
GeInLi,0.2
O4Pt2,0.45
BiDy,0.25
Br2Cu2,0.2
H12Cl2Li2O14,0.26
IrNa4O4,-0.02
Au2Ba,0.33
Si4Ta12Te24,0.22
Ag4Ba2Hg4O8,0.34
Ag2InLa,0.34
As2BaZn2,0.3
Au2InPr,0.42
CuO5Sr2Tl,0.22
Ca3Pb3Pd3,0.31
Ru8Sn12,0.3
OP2Sr4,0.29
Be2CuRu,0.27
Pd2SnTh,0.5
Ca2HgSn,-0.7
AlLiPd2,0.97
AlLiTm2,0.26
ScTaTc2,0.33
Mg2Yb2,0.38
Lu6Sm2,0.23
BrSm,0.2
Bi3Si,0.69
AcRb3,0.07
Pd2SnZr,0.48
Au2HfMg,0.36
Li12P4S16,0.27
InNiTi2,0.36
BaCu3O4,0.33
CPt3Sc,0.64
O4Tl2U,0.38
Fe2Te2,0.24
CdO,0.34
Cu2S,0.39
Al2Zr4,0.32
Hf4Re8,0.37
Cu2Dy2Ge2,0.18
Li2Pt,0.3
H4Cs2Mg,0.18
Br6Rb2W,0.38
H2Mg4O5,0.2
Al8Be4O16,0.22
YZn12,0.23
Ag2Na6O4,0.27
AgCrS2,0.35
Pt3Sc,0.3
BCeRh3,0.39
As2CaPd2,0.36
Bi2HoIO4,0.26
Ir6Mg18,0.32
EuMg2Sb2,0.22
LiPdTc2,0.55
AuBrTa,0.54
F14Re2,0.32
Ag2La2O2S2,0.3
Cu2Na3O4,0.26
AlRuSc2,0.35
Os2SiTi,0.29
Ca2CdLi,0.24
MnRh2Sc,0.32
Co2Dy2Si4,0.27
Ca3Rb,0.37
KO3,0.34
BBi,0.18
CdZr2,0.34
Eu2O4Ti,0.26
Ba2LiO6Os,0.3
CGaSm3,0.21
AuY,0.33
CdLi2Pb,0.32
F6K2NaTl,0.18
As2Cu2Li4,0.21
P4,0.23
Gd8O20Re4,0.3
Cu5Yb,0.29
P3Ru3Sc3,0.25
Cs8O16Ru4,0.32
CeMg3,0.19
BaFeO3,0.24
InPr,0.34
MnPd2Sn,0.4
NdPb3,0.42
Sn8V4,0.27
AsU,0.34
Ce2Ge2Mn2,0.32
Ir2Li2Sn8,0.22
Cd2Pr,0.29
Cl6K2Os,0.37
Hg2Ti6,0.26
TeTm,0.37
Ga4GeO8,0.3
As2HgK4,0.29
Ga3Zr,0.2
Sn2Zr6,0.33
C6Al2Nb8,0.22
CrLiS2,0.28
B2Co3Y,0.25
K2P4S12Sb2,0.25
Na8,-0.25
Al2Nd4,0.41
I8Sr4,0.27
O24W8,0.16
BiCdTa2,0.54
AlO4Ta,0.26
CeHg,-0.96
NaS2Ti,0.22
F4O4Sb4,0.27
Cu2Li4S4,0.32
KO2Sc,0.24
Ac2Al6,0.24
Au2PrSn,0.39
ErNbOs2,0.32
HgSnSr2,0.26
AgAu2Sm,0.43
TbTe,0.23
GeLi3,0.1
AgIrSm2,0.37
FeSeTi,0.28
GaPtTa,0.56
Ir2LiTa,0.32
ClNi,0.09
Ba6N6Os2,0.27
Cu2GeSe4Zn,0.26
Al12W,0.24
S8Th4,0.33
Hg2Ho,0.3
Se4Ti5,0.27
Au4Ti,0.38
Si34,0.25
Al12Re,0.18
Al6Nd2,0.26
FeZn13,0.29
CoFe15,0.32
CdNa2Pb,0.38
Pb8Pt2,0.36
Cu4O12Se4,0.15
I2La,0.22
Ac2Br6,0.28
AlCo,0.23
Ba10Bi6,0.24
Bi3Dy3Rh3,0.33
Ba4O20Si8,0.25
Ga4Zr4,0.24
Li3Pb,0.35
Pd6Ti4,0.37
La4O12Sc4,0.28
HfRuSb,0.35
GaLi2Pd,0.33
Mg3Pr,0.18
C2Cs2Pd,0.32
F6KMoTl2,0.13
As2Mg2O7,0.3
Mg6Zn6,0.39
Ni9Ti9,0.38
AlNi3,0.46
O3RbTa,0.28
O4ReZn,0.25
Re2,0.3
ErPd,0.36
Pt2Re6,0.24
AgHgSc2,0.32
Ir4S4Sb4,0.25
CaCdPd2,0.39
Cu2Ge2Ho2,0.23
Al2Se4Tl2,0.27
IrTi2V,0.32
HoIr2Sm,0.5
HgLi2Mg,0.28
Au3Re,0.39
Ag2O4Sr2,0.33
BaO2,0.24
C4,0.7
HfN3Ta2,0.31
AlSi2Y2,0.26
O24Tb16,0.31
CuTi3,0.44
Mo2P8,0.2
SmTl,0.35
Cd2Pt2,0.34
As4,0.28
STb,0.33
RhY,0.33
FeO4Sr2,0.26
Li2NiO2,0.31
Ag2In4,0.5
Ba2O4Pb,0.28
Co2GaTi,0.32
Nb2Te8,0.25
Ni4Sn4Y4,0.3
Cl6La2,0.28
AgI,0.38
LaN,0.27
CCl2Sc2,0.21
Ag3AuS2,0.47
Mg4N6P2,0.26
Cd2S8Tm4,0.33
HgNa2O2,0.25
Al4Gd4O12,0.25
K2Na2O6Ti2,0.3
Os2Si2U,0.33
FeRu2Sn,0.31
N5O2Zr5,0.28
Sb2Te2U2,0.26
Rh4Si4,0.29
Al2O6Pr2,0.22
Ac2GeHg,0.37
Ac3Sn,0.29
Ru2TaTm,0.31
CaSmZn2,0.25
Ac2IrPd,0.38
Ca2S4Sn,0.21
Hg2TmYb,0.3
Rh3Sb,0.29
LuO3Rh,0.43
Cu,0.41
Er2In2Zn2,0.24
Bi2Li3Sm,0.22
Te4V3,0.24
Co4Cs4N4,0.33
Al3Mg,0.32
Cu6Rb2S4,0.3
B2W4,0.3
FLi,0.21
Ho3In3Ir3,0.35
Ir4P12,0.23
Cu4Se6Si2,0.3
As2Ta2,0.27
Cu2Se4,0.34
Ca3In,0.27
InNbS2,0.3
BiNa,0.31
BiCe,0.24
C2U,0.3
Hg4Mg8,0.34
Mn2Pd6,0.34
ErPd2Si2,0.33
Fe4Sc2,0.28
Ge2Pd2S6,0.22
HoRh3Si2,0.27
B2Co3Tm,0.26
Br12Nb4O4,0.28
CdF6Ti,0.0
H2O2Zn,0.25
CuMoZn,0.56
BBaGe2,0.77
As2GaW,0.44
Ru4Sn6Y,0.3
Cu3O4Ti,0.36
Co4O16P4,0.17
Ag2Sn2Sr,0.25
FOTi,0.28
Ba3Hf2O7,0.26
O8Zr4,0.3
Ag8Se4,0.29
EuO2Sr,0.25
Nb2O8Rh2,0.33
Cd2O8Se2,0.34
Pd8Se2,0.38
CdPm2Si,0.36
LuNbRu2,0.31
Tc2TmU,0.42
GaRh2Yb,0.33
AuBe2Ru,0.32
GeTe,0.19
GePtTi,0.49
MnReTi2,0.32
AsSi3,1.11
O3RbRe,0.25
Pr3Rb,0.35
LiNaO3,0.42
DyTl2Y,0.35
Er2Mg3Ru,0.26
Ge4Sc2,0.22
K2O4Sb2,0.65
Al42Pd16,0.3
O12W4,0.11
Pb,0.35
Co2MnSn,0.3
Ce4Ge4In2,0.26
C2Tb,0.34
Hg2I4,0.23
CaSi2,0.2
Br2N2U2,0.07
Ga4Zr6,0.25
As4Ca12N4,0.2
Bi2Nb6,0.32
Tb6,0.24
Os2SbSi,1.07
F6FeLi2,0.28
C2P2V4,0.23
Cu4S3Tl,0.35
K4O4Zn2,0.38
BaPtSb,0.33
AcCdRh2,0.37
Ru6W2,0.28
MoScTc2,0.34
AlHfRh2,0.22
Ag3Zn,0.4
AuPdYb2,0.31
BiNaTl2,0.39
GeRu2V,0.32
AlMgY2,0.23
AlIr2Mg,0.26
Ni2SnTm,0.42
HfTc2W,0.29
Au2HfZn,0.44
Li2SnYb,0.16
CdSnSr2,0.29
CuInPd2,0.58
As4Ni2Zr4,0.29
O8Ti4,0.26
AuO3Zn,0.49
Yb3,0.22
Rh2ScSi,0.18
Au2Hg6,0.64
NaO3Ti,0.32
Cd3Mg3,0.33
O3SiSn,-0.23
HgSm2Tl,0.35
Pt2SmYb,0.34
Na6Rh2,0.25
CoFeSiTi,0.29
O2SeSm2,0.34
